source_file_name,page_no,work_month,work_date,worker_count,line_no,item_name,volume,pack_qty,work_qty,sticker_qty,remark,is_verified,verified_note
3,1,2026-04,2026-04-03,8.0,1,피카픽,45,24,560,13440.0,527,True,사용자 검수 통과
TalkFile_202604스티커작업실적.pdf,1,2026-04,2026-04-03,8.0,2,광동비타500신병,100x10,10,100,1000.0,Euro_PanAsia (오스트리아),True,사용자 검수 통과
TalkFile_202604스티커작업실적.pdf,1,2026-04,2026-04-03,8.0,3,초코파이,468,8,260,2080.0,Euro_PanAsia (오스트리아),True,사용자 검수 통과
TalkFile_202604스티커작업실적.pdf,1,2026-04,2026-04-03,8.0,4,오리온샌드나,77,24,30,720.0,Euro_PanAsia (오스트리아),True,사용자 검수 통과
TalkFile_202604스티커작업실적.pdf,1,2026-04,2026-04-03,8.0,5,꼬북칩콘스프,80,12,150,1800.0,Euro_PanAsia (오스트리아),True,사용자 검수 통과
TalkFile_202604스티커작업실적.pdf,1,2026-04,2026-04-03,8.0,6,꼬북칩초코츄러스,160,14,80,1120.0,Euro_PanAsia (오스트리아),True,사용자 검수 통과
TalkFile_202604스티커작업실적.pdf,1,2026-04,2026-04-03,8.0,7,통아몬드,90,14,30,420.0,Euro_PanAsia (오스트리아),True,사용자 검수 통과
TalkFile_202604스티커작업실적.pdf,1,2026-04,2026-04-03,8.0,8,포카칩오리지널,66,20,30,600.0,Euro_PanAsia (오스트리아),True,사용자 검수 통과
TalkFile_202604스티커작업실적.pdf,1,2026-04,2026-04-03,8.0,9,포카칩어니언,66,20,20,400.0,Euro_PanAsia (오스트리아),True,사용자 검수 통과
TalkFile_202604스티커작업실적.pdf,1,2026-04,2026-04-03,8.0,10,수출왕고래볶음,56,24,40,960.0,Euro_PanAsia (오스트리아),True,사용자 검수 통과
TalkFile_202604스티커작업실적.pdf,1,2026-04,2026-04-03,8.0,11,촉칩,160,20,30,600.0,Euro_PanAsia (오스트리아),True,사용자 검수 통과
TalkFile_202604스티커작업실적.pdf,1,2026-04,2026-04-03,8.0,12,김부각맛칩,120,16,20,320.0,Euro_PanAsia (오스트리아),True,사용자 검수 통과
TalkFile_202604스티커작업실적.pdf,1,2026-04,2026-04-03,8.0,13,고소미,70,20,50,1000.0,Euro_PanAsia (오스트리아),True,사용자 검수 통과
TalkFile_202604스티커작업실적.pdf,1,2026-04,2026-04-03,8.0,14,수출오감자,50,24,20,480.0,Euro_PanAsia (오스트리아),True,사용자 검수 통과
TalkFile_202604스티커작업실적.pdf,1,2026-04,2026-04-03,8.0,15,초코송이,50,28,130,3640.0,Euro_PanAsia (오스트리아),True,사용자 검수 통과
TalkFile_202604스티커작업실적.pdf,1,2026-04,2026-04-03,8.0,16,마린보이,40,30,60,1800.0,Euro_PanAsia (오스트리아),True,사용자 검수 통과
TalkFile_202604스티커작업실적.pdf,1,2026-04,2026-04-03,8.0,17,땅콩강정,80,12,50,600.0,Euro_PanAsia (오스트리아),True,사용자 검수 통과
TalkFile_202604스티커작업실적.pdf,1,2026-04,2026-04-03,8.0,18,예감오리지날,64,20,20,400.0,Euro_PanAsia (오스트리아),True,사용자 검수 통과
TalkFile_202604스티커작업실적.pdf,2,2026-04,2026-04-02,8.0,1,자두,130,16,320,5120.0,526,True,사용자 검수 완료
TalkFile_202604스티커작업실적.pdf,2,2026-04,2026-04-02,8.0,2,the빠새,100,10,200,2000.0,526,True,사용자 검수 완료
TalkFile_202604스티커작업실적.pdf,2,2026-04,2026-04-02,8.0,3,오리지날크래커,172,18,200,3600.0,526,True,사용자 검수 완료
TalkFile_202604스티커작업실적.pdf,2,2026-04,2026-04-02,8.0,4,크림웨하스,50,40,100,4000.0,527,True,사용자 검수 완료
TalkFile_202604스티커작업실적.pdf,2,2026-04,2026-04-02,8.0,5,초코픽,45,24,50,1200.0,527,True,사용자 검수 완료
TalkFile_202604스티커작업실적.pdf,2,2026-04,2026-04-02,8.0,6,사브레,84,24,100,2400.0,527,True,사용자 검수 완료
TalkFile_202604스티커작업실적.pdf,2,2026-04,2026-04-02,8.0,7,에이스바스크치즈,364,10,300,3000.0,527,True,사용자 검수 완료
TalkFile_202604스티커작업실적.pdf,2,2026-04,2026-04-02,8.0,8,에이스씬에스프레소,291,12,200,2400.0,527,True,사용자 검수 완료
TalkFile_202604스티커작업실적.pdf,2,2026-04,2026-04-02,8.0,9,사브레,252,12,150,1800.0,527,True,사용자 검수 완료
TalkFile_202604스티커작업실적.pdf,2,2026-04,2026-04-02,8.0,10,사브레초코크렘,204,12,150,1800.0,527,True,사용자 검수 완료
TalkFile_202604스티커작업실적.pdf,2,2026-04,2026-04-02,8.0,11,롤리폴리,62,24,30,720.0,527,True,사용자 검수 완료
TalkFile_202604스티커작업실적.pdf,2,2026-04,2026-04-02,8.0,12,구운고구마,108,12,30,4320.0,527,True,"사용자 검수 완료 / 원본값 유지, QC mismatch 예상"
TalkFile_202604스티커작업실적.pdf,2,2026-04,2026-04-02,8.0,13,버터링딥초코,155,10,100,1000.0,527,True,사용자 검수 완료
TalkFile_202604스티커작업실적.pdf,2,2026-04,2026-04-02,8.0,14,버터링골드,194,12,100,1200.0,527,True,사용자 검수 완료
TalkFile_202604스티커작업실적.pdf,2,2026-04,2026-04-02,8.0,15,롤리폴리,196,10,100,1000.0,527,True,사용자 검수 완료
TalkFile_202604스티커작업실적.pdf,2,2026-04,2026-04-02,8.0,16,구운감자,135,10,200,2000.0,527,True,사용자 검수 완료
TalkFile_202604스티커작업실적.pdf,3,2026-04,2026-04-01,9.0,1,꼬깔콘군옥수수,67,12,45,540.0,Pacific_Islands (피지),True,사용자 검수 완료
TalkFile_202604스티커작업실적.pdf,3,2026-04,2026-04-01,9.0,2,꼬깔콘매콤달콤,67,12,200,2400.0,Pacific_Islands (피지),True,사용자 검수 완료
TalkFile_202604스티커작업실적.pdf,3,2026-04,2026-04-01,9.0,3,초코파이,168,16,200,3200.0,Pacific_Islands (피지),True,사용자 검수 완료
TalkFile_202604스티커작업실적.pdf,3,2026-04,2026-04-01,9.0,4,초코파이카카오,168,16,120,1920.0,Pacific_Islands (피지),True,사용자 검수 완료
TalkFile_202604스티커작업실적.pdf,3,2026-04,2026-04-01,9.0,5,카스타드,138,12,100,1200.0,Pacific_Islands (피지),True,사용자 검수 완료
TalkFile_202604스티커작업실적.pdf,3,2026-04,2026-04-01,9.0,6,수출오감자,50,24,40,960.0,Pacific_Islands (피지),True,사용자 검수 완료
TalkFile_202604스티커작업실적.pdf,3,2026-04,2026-04-01,9.0,7,수출오감자칠리,50,24,50,1200.0,Pacific_Islands (피지),True,사용자 검수 완료
TalkFile_202604스티커작업실적.pdf,3,2026-04,2026-04-01,9.0,8,수출왕고래볶음,56,24,30,720.0,Pacific_Islands (피지),True,사용자 검수 완료
TalkFile_202604스티커작업실적.pdf,3,2026-04,2026-04-01,9.0,9,꼬북칩콘스프,80,12,180,2160.0,Pacific_Islands (피지),True,사용자 검수 완료
TalkFile_202604스티커작업실적.pdf,3,2026-04,2026-04-01,9.0,10,꼬북칩초코츄러스,160,14,120,1680.0,Pacific_Islands (피지),True,사용자 검수 완료
TalkFile_202604스티커작업실적.pdf,3,2026-04,2026-04-01,9.0,11,신당동떡볶이,110,24,100,2400.0,Pacific_Islands (피지),True,사용자 검수 완료
TalkFile_202604스티커작업실적.pdf,3,2026-04,2026-04-01,9.0,12,허니버터칩,60,16,180,2880.0,Pacific_Islands (피지),True,사용자 검수 완료
TalkFile_202604스티커작업실적.pdf,3,2026-04,2026-04-01,9.0,13,크림웨하스,50,40,50,2000.0,436,True,사용자 검수 완료
TalkFile_202604스티커작업실적.pdf,3,2026-04,2026-04-01,9.0,14,버터링딥피스타치오&아몬드,155,10,508,5080.0,525,True,사용자 검수 완료
TalkFile_202604스티커작업실적.pdf,3,2026-04,2026-04-01,9.0,15,구운감자케이스,108,12,50,600.0,525,True,사용자 검수 완료
TalkFile_202604스티커작업실적.pdf,3,2026-04,2026-04-01,9.0,16,알사탕,126,16,50,800.0,525,True,사용자 검수 완료
TalkFile_202604스티커작업실적.pdf,3,2026-04,2026-04-01,9.0,17,얼려먹는초코만들기,38,24,100,2400.0,525,True,사용자 검수 완료
TalkFile_202604스티커작업실적.pdf,3,2026-04,2026-04-01,9.0,18,연양갱,500,10,100,1000.0,525,True,사용자 검수 완료
TalkFile_202604스티커작업실적.pdf,3,2026-04,2026-04-01,9.0,19,자두,130,16,80,1280.0,526,True,사용자 검수 완료
TalkFile_202604스티커작업실적.pdf,4,2026-03,2026-03-31,12.0,1,신당동떡볶이,110,24,675,16200.0,Central_Asia_Logistics (몽골),True,사용자 검수 완료
TalkFile_202604스티커작업실적.pdf,4,2026-03,2026-03-31,12.0,2,광동진한헛개차,1.5,12,50,600.0,Global_Health (싱가포르),True,사용자 검수 완료
TalkFile_202604스티커작업실적.pdf,4,2026-03,2026-03-31,12.0,3,광동진한헛개차,500,20,120,2400.0,Global_Health (싱가포르),True,사용자 검수 완료
TalkFile_202604스티커작업실적.pdf,4,2026-03,2026-03-31,12.0,4,광동옥수수수염차,500,20,150,3000.0,Global_Health (싱가포르),True,사용자 검수 완료
TalkFile_202604스티커작업실적.pdf,4,2026-03,2026-03-31,12.0,5,광동우엉차,500,24,20,480.0,Global_Health (싱가포르),True,사용자 검수 완료
TalkFile_202604스티커작업실적.pdf,4,2026-03,2026-03-31,12.0,6,닥터페퍼제로,355,24,100,2400.0,Pacific_Islands (피지),True,사용자 검수 완료
TalkFile_202604스티커작업실적.pdf,4,2026-03,2026-03-31,12.0,7,닥터페퍼,355,24,50,1200.0,Pacific_Islands (피지),True,사용자 검수 완료
TalkFile_202604스티커작업실적.pdf,4,2026-03,2026-03-31,12.0,8,비쵸비,125,24,40,480.0,Pacific_Islands (피지),True,"사용자 검수 완료 / 원본값 유지, QC mismatch 예상"
TalkFile_202604스티커작업실적.pdf,4,2026-03,2026-03-31,12.0,9,꼬북칩카라멜,160,14,50,700.0,Pacific_Islands (피지),True,사용자 검수 완료
TalkFile_202604스티커작업실적.pdf,4,2026-03,2026-03-31,12.0,10,구워만든곡물그대로21,180,16,70,1120.0,Pacific_Islands (피지),True,사용자 검수 완료
TalkFile_202604스티커작업실적.pdf,4,2026-03,2026-03-31,12.0,11,화이트빼빼로,32,40,170,6800.0,Pacific_Islands (피지),True,사용자 검수 완료
TalkFile_202604스티커작업실적.pdf,4,2026-03,2026-03-31,12.0,12,딸기빼빼로,32,40,150,6000.0,Pacific_Islands (피지),True,사용자 검수 완료
TalkFile_202604스티커작업실적.pdf,4,2026-03,2026-03-31,12.0,13,초코필드빼빼로,45,40,30,1200.0,Pacific_Islands (피지),True,사용자 검수 완료
TalkFile_202604스티커작업실적.pdf,4,2026-03,2026-03-31,12.0,14,초코빼빼로,47,40,40,1600.0,Pacific_Islands (피지),True,사용자 검수 완료
TalkFile_202604스티커작업실적.pdf,4,2026-03,2026-03-31,12.0,15,아몬드빼빼로,32,40,70,2800.0,Pacific_Islands (피지),True,사용자 검수 완료
TalkFile_202604스티커작업실적.pdf,4,2026-03,2026-03-31,12.0,16,초코쿠키빼빼로,32,40,100,4000.0,Pacific_Islands (피지),True,사용자 검수 완료
TalkFile_202604스티커작업실적.pdf,4,2026-03,2026-03-31,12.0,17,스노위아몬드빼빼로,32,40,40,1600.0,Pacific_Islands (피지),True,사용자 검수 완료
TalkFile_202604스티커작업실적.pdf,4,2026-03,2026-03-31,12.0,18,꼬깔콘군옥수수,67,12,155,1860.0,Pacific_Islands (피지),True,사용자 검수 완료
TalkFile_202604스티커작업실적.pdf,5,2026-03,2026-03-30,12.0,1,자유시간,36,144,2,288.0,466,True,사용자 검수 완료
TalkFile_202604스티커작업실적.pdf,5,2026-03,2026-03-30,12.0,2,버터링골드,194,12,20,240.0,466,True,사용자 검수 완료
TalkFile_202604스티커작업실적.pdf,5,2026-03,2026-03-30,12.0,3,버터링딥초코,155,10,20,200.0,466,True,사용자 검수 완료
TalkFile_202604스티커작업실적.pdf,5,2026-03,2026-03-30,12.0,4,에이스씬에스프레소,291,12,10,120.0,466,True,사용자 검수 완료
TalkFile_202604스티커작업실적.pdf,5,2026-03,2026-03-30,12.0,5,구운고구마,135,10,10,100.0,466,True,사용자 검수 완료
TalkFile_202604스티커작업실적.pdf,5,2026-03,2026-03-30,12.0,6,자두,130,16,20,320.0,466,True,사용자 검수 완료
TalkFile_202604스티커작업실적.pdf,5,2026-03,2026-03-30,12.0,7,오사쯔,100,10,50,500.0,466,True,사용자 검수 완료
TalkFile_202604스티커작업실적.pdf,5,2026-03,2026-03-30,12.0,8,홈런볼9팩,414,8,70,560.0,466,True,사용자 검수 완료
TalkFile_202604스티커작업실적.pdf,5,2026-03,2026-03-30,12.0,9,버터링딥피스타치오&아몬드,155,10,100,1000.0,433,True,사용자 검수 완료
TalkFile_202604스티커작업실적.pdf,5,2026-03,2026-03-30,12.0,10,예쓰피스타치오&초코,280,12,50,600.0,433,True,사용자 검수 완료
TalkFile_202604스티커작업실적.pdf,5,2026-03,2026-03-30,12.0,11,홈런볼피스타치오&카라멜,44,30,30,900.0,433,True,사용자 검수 완료
TalkFile_202604스티커작업실적.pdf,5,2026-03,2026-03-30,12.0,12,자유시간미니피스타치오&카다,300,12,30,360.0,433,True,사용자 검수 완료
TalkFile_202604스티커작업실적.pdf,5,2026-03,2026-03-30,12.0,13,홈런볼소금우유,49,30,30,900.0,322,True,사용자 검수 완료
TalkFile_202604스티커작업실적.pdf,5,2026-03,2026-03-30,12.0,14,구운감자케이스,108,12,30,360.0,322,True,사용자 검수 완료
TalkFile_202604스티커작업실적.pdf,5,2026-03,2026-03-30,12.0,15,구운고구마,135,10,50,500.0,322,True,사용자 검수 완료
TalkFile_202604스티커작업실적.pdf,5,2026-03,2026-03-30,12.0,16,사브레,252,12,20,240.0,322,True,사용자 검수 완료
TalkFile_202604스티커작업실적.pdf,5,2026-03,2026-03-30,12.0,17,초코픽,45,24,40,960.0,322,True,사용자 검수 완료
TalkFile_202604스티커작업실적.pdf,5,2026-03,2026-03-30,12.0,18,오사쯔,100,10,100,1000.0,322,True,사용자 검수 완료
TalkFile_202604스티커작업실적.pdf,5,2026-03,2026-03-30,12.0,19,얼려먹는초코만들기,36,24,20,480.0,322,True,사용자 검수 완료
TalkFile_202604스티커작업실적.pdf,5,2026-03,2026-03-30,12.0,20,구운감자,135,10,400,4000.0,322,True,사용자 검수 완료
TalkFile_202604스티커작업실적.pdf,5,2026-03,2026-03-30,12.0,21,자유시간미니피스타치오&카다,300,12,200,2400.0,432,True,사용자 검수 완료
TalkFile_202604스티커작업실적.pdf,5,2026-03,2026-03-30,12.0,22,버터링딥피스타치오&아몬드,155,10,200,2000.0,432,True,사용자 검수 완료
TalkFile_202604스티커작업실적.pdf,5,2026-03,2026-03-30,12.0,23,예쓰피스타치오&초코,280,12,200,2400.0,432,True,사용자 검수 완료
TalkFile_202604스티커작업실적.pdf,5,2026-03,2026-03-30,12.0,24,홈런볼피스타치오&카라멜,44,30,200,6000.0,432,True,사용자 검수 완료
TalkFile_202604스티커작업실적.pdf,5,2026-03,2026-03-30,12.0,25,허니버터칩,60,16,69,1104.0,Central_Asia_Logistics (몽골),True,사용자 검수 완료
TalkFile_202604스티커작업실적.pdf,5,2026-03,2026-03-30,12.0,26,신당동떡볶이,230,12,280,3360.0,Central_Asia_Logistics (몽골),True,사용자 검수 완료
TalkFile_202604스티커작업실적.pdf,5,2026-03,2026-03-30,12.0,27,신당동떡볶이,110,24,175,4200.0,Central_Asia_Logistics (몽골),True,사용자 검수 완료
TalkFile_202604스티커작업실적.pdf,6,2026-03,2026-03-28,9.0,1,초코빼빼로,47,40,250,10000.0,Euro_PanAsia (오스트리아),True,사용자 검수 완료
TalkFile_202604스티커작업실적.pdf,6,2026-03,2026-03-28,9.0,2,아몬드빼빼로,32,40,170,6800.0,Euro_PanAsia (오스트리아),True,사용자 검수 완료
TalkFile_202604스티커작업실적.pdf,6,2026-03,2026-03-28,9.0,3,크런키빼빼로,39,40,170,6800.0,Euro_PanAsia (오스트리아),True,사용자 검수 완료
TalkFile_202604스티커작업실적.pdf,6,2026-03,2026-03-28,9.0,4,초코쿠키빼빼로,32,40,180,7200.0,Euro_PanAsia (오스트리아),True,사용자 검수 완료
TalkFile_202604스티커작업실적.pdf,6,2026-03,2026-03-28,9.0,5,스노위아몬드빼빼로,32,40,160,6400.0,Euro_PanAsia (오스트리아),True,사용자 검수 완료
TalkFile_202604스티커작업실적.pdf,6,2026-03,2026-03-28,9.0,6,초코필드빼빼로,45,40,170,6800.0,Euro_PanAsia (오스트리아),True,사용자 검수 완료
TalkFile_202604스티커작업실적.pdf,6,2026-03,2026-03-28,9.0,7,화이트쿠키빼빼로,32,40,180,7200.0,Euro_PanAsia (오스트리아),True,사용자 검수 완료
TalkFile_202604스티커작업실적.pdf,6,2026-03,2026-03-28,9.0,8,자유시간,36,144,18,2592.0,466,True,사용자 검수 완료
TalkFile_202604스티커작업실적.pdf,7,2026-03,2026-03-27,11.0,1,구운고구마,135,10,52,520.0,435,True,사용자 검수 완료
TalkFile_202604스티커작업실적.pdf,7,2026-03,2026-03-27,11.0,2,연양갱,500,10,150,1500.0,435,True,사용자 검수 완료
TalkFile_202604스티커작업실적.pdf,7,2026-03,2026-03-27,11.0,3,구운감자,135,10,80,800.0,430,True,사용자 검수 완료
TalkFile_202604스티커작업실적.pdf,7,2026-03,2026-03-27,11.0,4,사브레,252,12,30,360.0,430,True,사용자 검수 완료
TalkFile_202604스티커작업실적.pdf,7,2026-03,2026-03-27,11.0,5,롯샌파인애플,105,30,80,2400.0,Euro_PanAsia (오스트리아),True,사용자 검수 완료
TalkFile_202604스티커작업실적.pdf,7,2026-03,2026-03-27,11.0,6,빠다코코낫,100,30,50,1500.0,Euro_PanAsia (오스트리아),True,사용자 검수 완료
TalkFile_202604스티커작업실적.pdf,7,2026-03,2026-03-27,11.0,7,초코파이카카오,336,8,130,1040.0,Euro_PanAsia (오스트리아),True,사용자 검수 완료
TalkFile_202604스티커작업실적.pdf,7,2026-03,2026-03-27,11.0,8,초코파이,336,8,300,2400.0,Euro_PanAsia (오스트리아),True,사용자 검수 완료
TalkFile_202604스티커작업실적.pdf,7,2026-03,2026-03-27,11.0,9,초코파이흑당밀크,336,8,110,880.0,Euro_PanAsia (오스트리아),True,사용자 검수 완료
TalkFile_202604스티커작업실적.pdf,7,2026-03,2026-03-27,11.0,10,초코파이바나나,336,8,50,400.0,Euro_PanAsia (오스트리아),True,사용자 검수 완료
TalkFile_202604스티커작업실적.pdf,7,2026-03,2026-03-27,11.0,11,몽쉘카카오,204,16,50,800.0,Euro_PanAsia (오스트리아),True,사용자 검수 완료
TalkFile_202604스티커작업실적.pdf,7,2026-03,2026-03-27,11.0,12,몽쉘오리지날,204,16,50,800.0,Euro_PanAsia (오스트리아),True,사용자 검수 완료
TalkFile_202604스티커작업실적.pdf,7,2026-03,2026-03-27,11.0,13,카스타드,138,12,120,1440.0,Euro_PanAsia (오스트리아),True,사용자 검수 완료
TalkFile_202604스티커작업실적.pdf,7,2026-03,2026-03-27,11.0,14,야채크래커,83,30,20,600.0,Euro_PanAsia (오스트리아),True,사용자 검수 완료
TalkFile_202604스티커작업실적.pdf,7,2026-03,2026-03-27,11.0,15,칸쵸컵,95,15,30,450.0,Euro_PanAsia (오스트리아),True,사용자 검수 완료
TalkFile_202604스티커작업실적.pdf,7,2026-03,2026-03-27,11.0,16,칙촉,120,15,50,750.0,Euro_PanAsia (오스트리아),True,사용자 검수 완료
TalkFile_202604스티커작업실적.pdf,7,2026-03,2026-03-27,11.0,17,마가렛트,176,12,80,960.0,Euro_PanAsia (오스트리아),True,사용자 검수 완료
TalkFile_202604스티커작업실적.pdf,7,2026-03,2026-03-27,11.0,18,애니타임레몬,60,20,20,400.0,Euro_PanAsia (오스트리아),True,사용자 검수 완료
TalkFile_202604스티커작업실적.pdf,7,2026-03,2026-03-27,11.0,19,애니타임밀크,60,20,40,800.0,Euro_PanAsia (오스트리아),True,사용자 검수 완료
TalkFile_202604스티커작업실적.pdf,7,2026-03,2026-03-27,11.0,20,애니타임블루마린,60,20,30,600.0,Euro_PanAsia (오스트리아),True,사용자 검수 완료
TalkFile_202604스티커작업실적.pdf,7,2026-03,2026-03-27,11.0,21,애니타임자두복숭아,60,20,40,800.0,Euro_PanAsia (오스트리아),True,사용자 검수 완료
TalkFile_202604스티커작업실적.pdf,7,2026-03,2026-03-27,11.0,22,허니버터칩,60,16,200,3200.0,Global_Trading_H,True,사용자 검수 완료
TalkFile_202604스티커작업실적.pdf,7,2026-03,2026-03-27,11.0,23,말랑카우밀크,79,20,150,3000.0,Euro_PanAsia (오스트리아),True,사용자 검수 완료
TalkFile_202604스티커작업실적.pdf,7,2026-03,2026-03-27,11.0,24,말랑카우딸기,79,20,240,4800.0,Euro_PanAsia (오스트리아),True,사용자 검수 완료
TalkFile_202604스티커작업실적.pdf,7,2026-03,2026-03-27,11.0,25,청포도캔디,153,20,24,480.0,Euro_PanAsia (오스트리아),True,사용자 검수 완료
TalkFile_202604스티커작업실적.pdf,7,2026-03,2026-03-27,11.0,26,칸쵸,42,32,170,5440.0,Euro_PanAsia (오스트리아),True,사용자 검수 완료
TalkFile_202604스티커작업실적.pdf,8,2026-03,2026-03-26,11.0,1,허니버터칩,60,16,346,5536.0,417(캐나다TB),True,사용자 검수 완료 / 2시간 연장
TalkFile_202604스티커작업실적.pdf,8,2026-03,2026-03-26,11.0,2,허니버터메이플,60,16,20,320.0,417(캐나다TB),True,사용자 검수 완료 / 2시간 연장
TalkFile_202604스티커작업실적.pdf,8,2026-03,2026-03-26,11.0,3,허니버터프로마쥬블랑,60,16,20,320.0,417(캐나다TB),True,사용자 검수 완료 / 2시간 연장
TalkFile_202604스티커작업실적.pdf,8,2026-03,2026-03-26,11.0,4,홈런볼초코벌크,128,12,300,3600.0,417(캐나다TB),True,사용자 검수 완료 / 2시간 연장
TalkFile_202604스티커작업실적.pdf,8,2026-03,2026-03-26,11.0,5,홈런볼피스타치오&카라멜,156,12,150,1800.0,417(캐나다TB),True,사용자 검수 완료 / 2시간 연장
TalkFile_202604스티커작업실적.pdf,8,2026-03,2026-03-26,11.0,6,예쓰피스타치오&초코,280,12,100,1200.0,417(캐나다TB),True,사용자 검수 완료 / 2시간 연장
TalkFile_202604스티커작업실적.pdf,8,2026-03,2026-03-26,11.0,7,에이스바스크치즈,364,10,20,200.0,417(캐나다TB),True,사용자 검수 완료 / 2시간 연장
TalkFile_202604스티커작업실적.pdf,8,2026-03,2026-03-26,11.0,8,에이스씬에스프레소,291,12,20,240.0,417(캐나다TB),True,사용자 검수 완료 / 2시간 연장
TalkFile_202604스티커작업실적.pdf,8,2026-03,2026-03-26,11.0,9,후렌치파이딸기,192,12,20,240.0,417(캐나다TB),True,사용자 검수 완료 / 2시간 연장
TalkFile_202604스티커작업실적.pdf,8,2026-03,2026-03-26,11.0,10,후렌치파이사과,192,12,20,240.0,417(캐나다TB),True,사용자 검수 완료 / 2시간 연장
TalkFile_202604스티커작업실적.pdf,8,2026-03,2026-03-26,11.0,11,버터링골드,194,12,20,240.0,417(캐나다TB),True,사용자 검수 완료 / 2시간 연장
TalkFile_202604스티커작업실적.pdf,8,2026-03,2026-03-26,11.0,12,버터링딥초코,103,14,20,280.0,417(캐나다TB),True,사용자 검수 완료 / 2시간 연장
TalkFile_202604스티커작업실적.pdf,8,2026-03,2026-03-26,11.0,13,버터링딥초코,155,10,40,400.0,417(캐나다TB),True,사용자 검수 완료 / 2시간 연장
TalkFile_202604스티커작업실적.pdf,8,2026-03,2026-03-26,11.0,14,버터링딥피스타치오&아몬드,155,10,200,2000.0,417(캐나다TB),True,사용자 검수 완료 / 2시간 연장
TalkFile_202604스티커작업실적.pdf,8,2026-03,2026-03-26,11.0,15,피카픽,45,24,50,1200.0,417(캐나다TB),True,사용자 검수 완료 / 2시간 연장
TalkFile_202604스티커작업실적.pdf,8,2026-03,2026-03-26,11.0,16,오사쯔,60,16,20,320.0,417(캐나다TB),True,사용자 검수 완료 / 2시간 연장
TalkFile_202604스티커작업실적.pdf,8,2026-03,2026-03-26,11.0,17,오사쯔,100,10,20,200.0,417(캐나다TB),True,사용자 검수 완료 / 2시간 연장
TalkFile_202604스티커작업실적.pdf,8,2026-03,2026-03-26,11.0,18,구운양파,110,12,20,240.0,417(캐나다TB),True,사용자 검수 완료 / 2시간 연장
TalkFile_202604스티커작업실적.pdf,8,2026-03,2026-03-26,11.0,19,연양갱,55,80,10,800.0,417(캐나다TB),True,사용자 검수 완료 / 2시간 연장
TalkFile_202604스티커작업실적.pdf,8,2026-03,2026-03-26,11.0,20,알사탕,126,16,10,160.0,417(캐나다TB),True,사용자 검수 완료 / 2시간 연장
TalkFile_202604스티커작업실적.pdf,8,2026-03,2026-03-26,11.0,21,자두,130,16,118,1888.0,417(캐나다TB),True,사용자 검수 완료 / 2시간 연장
TalkFile_202604스티커작업실적.pdf,8,2026-03,2026-03-26,11.0,22,티피피넛버터볼,42,30,50,1500.0,417(캐나다TB),True,사용자 검수 완료 / 2시간 연장
TalkFile_202604스티커작업실적.pdf,8,2026-03,2026-03-26,11.0,23,오예스쿠키앤크림,360,10,10,100.0,417(캐나다TB),True,사용자 검수 완료 / 2시간 연장
TalkFile_202604스티커작업실적.pdf,8,2026-03,2026-03-26,11.0,24,자유시간미니피스타치오&카다,300,9,50,450.0,417(캐나다TB),True,사용자 검수 완료 / 2시간 연장
TalkFile_202604스티커작업실적.pdf,8,2026-03,2026-03-26,11.0,25,자유시간쿠키앤크림,30,144,10,1440.0,417(캐나다TB),True,사용자 검수 완료 / 2시간 연장
TalkFile_202604스티커작업실적.pdf,8,2026-03,2026-03-26,11.0,26,자유시간,36,144,10,1440.0,417(캐나다TB),True,사용자 검수 완료 / 2시간 연장
TalkFile_202604스티커작업실적.pdf,8,2026-03,2026-03-26,11.0,27,샌드에이스우유크림,204,12,50,600.0,417(캐나다TB),True,사용자 검수 완료 / 2시간 연장
TalkFile_202604스티커작업실적.pdf,8,2026-03,2026-03-26,11.0,28,제로라이스쿠키&크림바,80,24,50,1200.0,417(캐나다TB),True,사용자 검수 완료 / 2시간 연장
TalkFile_202604스티커작업실적.pdf,8,2026-03,2026-03-26,11.0,29,빵빠레바닐라,195,15,200,3000.0,417(캐나다TB),True,사용자 검수 완료 / 2시간 연장
TalkFile_202604스티커작업실적.pdf,8,2026-03,2026-03-26,11.0,30,구운고구마,135,10,48,480.0,435,True,사용자 검수 완료 / 2시간 연장
TalkFile_202604스티커작업실적.pdf,9,2026-03,2026-03-25,11.0,1,오리지날크래커,172,18,100,1800.0,464,True,사용자 검수 완료
TalkFile_202604스티커작업실적.pdf,9,2026-03,2026-03-25,11.0,2,에이스바스크치즈,364,10,300,3000.0,464,True,사용자 검수 완료
TalkFile_202604스티커작업실적.pdf,9,2026-03,2026-03-25,11.0,3,버터링골드,194,12,300,3600.0,464,True,사용자 검수 완료
TalkFile_202604스티커작업실적.pdf,9,2026-03,2026-03-25,11.0,4,구운감자,135,10,300,3000.0,464,True,사용자 검수 완료
TalkFile_202604스티커작업실적.pdf,9,2026-03,2026-03-25,11.0,5,티코밀크초코,510,6,100,600.0,HanSang_Partners,True,사용자 검수 완료
TalkFile_202604스티커작업실적.pdf,9,2026-03,2026-03-25,11.0,6,티코타크초코,510,6,100,600.0,HanSang_Partners,True,사용자 검수 완료
TalkFile_202604스티커작업실적.pdf,9,2026-03,2026-03-25,11.0,7,셀렉션,500,8,60,480.0,HanSang_Partners,True,사용자 검수 완료
TalkFile_202604스티커작업실적.pdf,9,2026-03,2026-03-25,11.0,8,옥동자밀크,70,40,80,3200.0,HanSang_Partners,True,사용자 검수 완료
TalkFile_202604스티커작업실적.pdf,9,2026-03,2026-03-25,11.0,9,더블비얀코,210,15,100,1500.0,HanSang_Partners,True,사용자 검수 완료
TalkFile_202604스티커작업실적.pdf,9,2026-03,2026-03-25,11.0,10,빵빠레초코,195,15,100,1500.0,HanSang_Partners,True,사용자 검수 완료
TalkFile_202604스티커작업실적.pdf,9,2026-03,2026-03-25,11.0,11,빠삐코초코튜브,130,35,120,4200.0,HanSang_Partners,True,사용자 검수 완료
TalkFile_202604스티커작업실적.pdf,9,2026-03,2026-03-25,11.0,12,찰옥수수,140,24,200,4800.0,HanSang_Partners,True,사용자 검수 완료
TalkFile_202604스티커작업실적.pdf,9,2026-03,2026-03-25,11.0,13,더블비얀코베리&베리,185,15,192,2880.0,HanSang_Partners,True,사용자 검수 완료
TalkFile_202604스티커작업실적.pdf,9,2026-03,2026-03-25,11.0,14,찰떡아이스쿠키앤크림,90,24,60,1440.0,HanSang_Partners,True,사용자 검수 완료
TalkFile_202604스티커작업실적.pdf,9,2026-03,2026-03-25,11.0,15,쿠키오초코,130,24,80,1920.0,HanSang_Partners,True,사용자 검수 완료
TalkFile_202604스티커작업실적.pdf,9,2026-03,2026-03-25,11.0,16,스크류바,80,40,60,2400.0,HanSang_Partners,True,사용자 검수 완료
TalkFile_202604스티커작업실적.pdf,9,2026-03,2026-03-25,11.0,17,찰떡아이스딸기,80,24,60,1440.0,HanSang_Partners,True,사용자 검수 완료
TalkFile_202604스티커작업실적.pdf,9,2026-03,2026-03-25,11.0,18,국화빵찰떡모나카,150,24,60,1440.0,HanSang_Partners,True,사용자 검수 완료
TalkFile_202604스티커작업실적.pdf,9,2026-03,2026-03-25,11.0,19,설레임쿠키앤크림,160,24,60,1440.0,HanSang_Partners,True,사용자 검수 완료
TalkFile_202604스티커작업실적.pdf,9,2026-03,2026-03-25,11.0,20,허니버터칩,60,16,154,2464.0,417(캐나다TB),True,사용자 검수 완료
TalkFile_202604스티커작업실적.pdf,10,2026-03,2026-03-24,10.0,1,광동비타500치어팩,250,30,50,1500.0,광동 코즈월드,True,사용자 검수 완료 / 2시간 연장
TalkFile_202604스티커작업실적.pdf,10,2026-03,2026-03-24,10.0,2,광동비타500이온킥제로,500,20,50,1000.0,광동 코즈월드,True,사용자 검수 완료 / 2시간 연장
TalkFile_202604스티커작업실적.pdf,10,2026-03,2026-03-24,10.0,3,광동비타500젤리,48x10,50,50,2500.0,광동 코즈월드,True,사용자 검수 완료 / 2시간 연장
TalkFile_202604스티커작업실적.pdf,10,2026-03,2026-03-24,10.0,4,광동옥수수수염차,500,20,100,2000.0,광동 코즈월드,True,사용자 검수 완료 / 2시간 연장
TalkFile_202604스티커작업실적.pdf,10,2026-03,2026-03-24,10.0,5,광동옥수수수염차,1.5,12,100,1200.0,광동 코즈월드,True,사용자 검수 완료 / 2시간 연장
TalkFile_202604스티커작업실적.pdf,10,2026-03,2026-03-24,10.0,6,광동진한헛개차,500,20,90,1800.0,광동 코즈월드,True,사용자 검수 완료 / 2시간 연장
TalkFile_202604스티커작업실적.pdf,10,2026-03,2026-03-24,10.0,7,광동진한헛개차,1.5,12,90,1080.0,광동 코즈월드,True,사용자 검수 완료 / 2시간 연장
TalkFile_202604스티커작업실적.pdf,10,2026-03,2026-03-24,10.0,8,광동우엉차,500,24,40,960.0,광동 코즈월드,True,사용자 검수 완료 / 2시간 연장
TalkFile_202604스티커작업실적.pdf,10,2026-03,2026-03-24,10.0,9,광동생강쌍화,120,100,20,200.0,광동 코즈월드,True,"사용자 검수 완료 / 원본값 유지, QC mismatch 예상 / 2시간 연장"
TalkFile_202604스티커작업실적.pdf,10,2026-03,2026-03-24,10.0,10,광동대추쌍화,150,40,20,800.0,광동 코즈월드,True,사용자 검수 완료 / 2시간 연장
TalkFile_202604스티커작업실적.pdf,10,2026-03,2026-03-24,10.0,11,광동산삼배양근,100,50,15,750.0,광동 코즈월드,True,사용자 검수 완료 / 2시간 연장
TalkFile_202604스티커작업실적.pdf,10,2026-03,2026-03-24,10.0,12,광동발효홍삼골드,100,50,20,1000.0,광동 코즈월드,True,사용자 검수 완료 / 2시간 연장
TalkFile_202604스티커작업실적.pdf,10,2026-03,2026-03-24,10.0,13,광동진홍삼골드,100,100,30,300.0,광동 코즈월드,True,"사용자 검수 완료 / 원본값 유지, QC mismatch 예상 / 2시간 연장"
TalkFile_202604스티커작업실적.pdf,10,2026-03,2026-03-24,10.0,14,홈런볼소금우유,49,30,30,900.0,465,True,사용자 검수 완료 / 2시간 연장
TalkFile_202604스티커작업실적.pdf,10,2026-03,2026-03-24,10.0,15,에이스씬에스프레소,291,12,150,1800.0,465,True,사용자 검수 완료 / 2시간 연장
TalkFile_202604스티커작업실적.pdf,10,2026-03,2026-03-24,10.0,16,샌드에이스우유크림,204,12,116,1392.0,465,True,사용자 검수 완료 / 2시간 연장
TalkFile_202604스티커작업실적.pdf,10,2026-03,2026-03-24,10.0,17,버터링딥초코,155,10,100,1000.0,465,True,사용자 검수 완료 / 2시간 연장
TalkFile_202604스티커작업실적.pdf,10,2026-03,2026-03-24,10.0,18,구운감자,27,30,30,900.0,465,True,사용자 검수 완료 / 2시간 연장
TalkFile_202604스티커작업실적.pdf,10,2026-03,2026-03-24,10.0,19,구운감자케이스,108,12,50,600.0,465,True,사용자 검수 완료 / 2시간 연장
TalkFile_202604스티커작업실적.pdf,10,2026-03,2026-03-24,10.0,20,구운고구마,108,12,30,360.0,465,True,사용자 검수 완료 / 2시간 연장
TalkFile_202604스티커작업실적.pdf,10,2026-03,2026-03-24,10.0,21,구운고구마,135,10,30,300.0,465,True,사용자 검수 완료 / 2시간 연장
TalkFile_202604스티커작업실적.pdf,10,2026-03,2026-03-24,10.0,22,구운감자슬림,240,12,150,1800.0,465,True,사용자 검수 완료 / 2시간 연장
TalkFile_202604스티커작업실적.pdf,10,2026-03,2026-03-24,10.0,23,사브레,84,24,30,720.0,465,True,사용자 검수 완료 / 2시간 연장
TalkFile_202604스티커작업실적.pdf,10,2026-03,2026-03-24,10.0,24,사브레,252,12,150,1800.0,465,True,사용자 검수 완료 / 2시간 연장
TalkFile_202604스티커작업실적.pdf,10,2026-03,2026-03-24,10.0,25,사브레초코크렘,204,12,50,600.0,465,True,사용자 검수 완료 / 2시간 연장
TalkFile_202604스티커작업실적.pdf,10,2026-03,2026-03-24,10.0,26,롤리폴리,62,24,30,720.0,465,True,사용자 검수 완료 / 2시간 연장
TalkFile_202604스티커작업실적.pdf,10,2026-03,2026-03-24,10.0,27,롤리폴리,196,10,50,500.0,465,True,사용자 검수 완료 / 2시간 연장
TalkFile_202604스티커작업실적.pdf,10,2026-03,2026-03-24,10.0,28,사루비아,60,24,30,720.0,465,True,사용자 검수 완료 / 2시간 연장
TalkFile_202604스티커작업실적.pdf,10,2026-03,2026-03-24,10.0,29,연양갱10팩,500,10,50,500.0,465,True,사용자 검수 완료 / 2시간 연장
TalkFile_202604스티커작업실적.pdf,10,2026-03,2026-03-24,10.0,30,자두,130,16,150,2400.0,465,True,사용자 검수 완료 / 2시간 연장
TalkFile_202604스티커작업실적.pdf,11,2026-03,2026-03-24,10.0,31,솔틴크래커,141,18,100,1800.0,465,True,사용자 검수 완료 / 2시간 연장
TalkFile_202604스티커작업실적.pdf,11,2026-03,2026-03-24,10.0,32,아몬드크래커,133,18,100,1800.0,465,True,사용자 검수 완료 / 2시간 연장
TalkFile_202604스티커작업실적.pdf,11,2026-03,2026-03-24,10.0,33,얼려먹는초코만들기,38,24,50,1200.0,465,True,사용자 검수 완료 / 2시간 연장
TalkFile_202604스티커작업실적.pdf,11,2026-03,2026-03-24,10.0,34,초코픽,45,24,50,1200.0,465,True,사용자 검수 완료 / 2시간 연장
TalkFile_202604스티커작업실적.pdf,11,2026-03,2026-03-24,10.0,35,크림웨하스,50,40,30,1200.0,465,True,사용자 검수 완료 / 2시간 연장
TalkFile_202604스티커작업실적.pdf,11,2026-03,2026-03-24,10.0,36,딸기웨하스,50,40,30,1200.0,465,True,사용자 검수 완료 / 2시간 연장
TalkFile_202604스티커작업실적.pdf,12,2026-03,2026-03-23,0.0,1,마가렛트,176,12,30,360.0,Global_Mart_Canada (캐나다),True,사용자 검수 완료 / 인원 미기재로 0 입력
TalkFile_202604스티커작업실적.pdf,12,2026-03,2026-03-23,0.0,2,칸쵸벌크,196,12,60,720.0,Global_Mart_Canada (캐나다),True,사용자 검수 완료 / 인원 미기재로 0 입력
TalkFile_202604스티커작업실적.pdf,12,2026-03,2026-03-23,0.0,3,빈츠,204,16,80,1280.0,Global_Mart_Canada (캐나다),True,사용자 검수 완료 / 인원 미기재로 0 입력
TalkFile_202604스티커작업실적.pdf,12,2026-03,2026-03-23,0.0,4,빠다코코낫,300,12,40,480.0,Global_Mart_Canada (캐나다),True,사용자 검수 완료 / 인원 미기재로 0 입력
TalkFile_202604스티커작업실적.pdf,12,2026-03,2026-03-23,0.0,5,마가렛트,352,8,50,400.0,Global_Mart_Canada (캐나다),True,사용자 검수 완료 / 인원 미기재로 0 입력
TalkFile_202604스티커작업실적.pdf,12,2026-03,2026-03-23,0.0,6,씨리얼초코컵,89,15,25,375.0,Global_Mart_Canada (캐나다),True,사용자 검수 완료 / 인원 미기재로 0 입력
TalkFile_202604스티커작업실적.pdf,12,2026-03,2026-03-23,0.0,7,엄마손파이,127,16,20,320.0,Global_Mart_Canada (캐나다),True,사용자 검수 완료 / 인원 미기재로 0 입력
TalkFile_202604스티커작업실적.pdf,12,2026-03,2026-03-23,0.0,8,빈츠,102,20,40,800.0,Global_Mart_Canada (캐나다),True,사용자 검수 완료 / 인원 미기재로 0 입력
TalkFile_202604스티커작업실적.pdf,12,2026-03,2026-03-23,0.0,9,하비스트,100,20,25,500.0,Global_Mart_Canada (캐나다),True,사용자 검수 완료 / 인원 미기재로 0 입력
TalkFile_202604스티커작업실적.pdf,12,2026-03,2026-03-23,0.0,10,칙촉,120,15,30,450.0,Global_Mart_Canada (캐나다),True,사용자 검수 완료 / 인원 미기재로 0 입력
TalkFile_202604스티커작업실적.pdf,12,2026-03,2026-03-23,0.0,11,초코필드빼빼로,45,40,30,1200.0,Global_Mart_Canada (캐나다),True,사용자 검수 완료 / 인원 미기재로 0 입력
TalkFile_202604스티커작업실적.pdf,12,2026-03,2026-03-23,0.0,12,초코파이카카오,336,8,20,160.0,Global_Mart_Canada (캐나다),True,사용자 검수 완료 / 인원 미기재로 0 입력
TalkFile_202604스티커작업실적.pdf,12,2026-03,2026-03-23,0.0,13,아몬드빼빼로,45,40,20,800.0,Global_Mart_Canada (캐나다),True,사용자 검수 완료 / 인원 미기재로 0 입력
TalkFile_202604스티커작업실적.pdf,12,2026-03,2026-03-23,0.0,14,초코파이카카오,168,16,20,320.0,Global_Mart_Canada (캐나다),True,사용자 검수 완료 / 인원 미기재로 0 입력
TalkFile_202604스티커작업실적.pdf,12,2026-03,2026-03-23,0.0,15,초코빼빼로,47,40,50,2000.0,Global_Mart_Canada (캐나다),True,사용자 검수 완료 / 인원 미기재로 0 입력
TalkFile_202604스티커작업실적.pdf,12,2026-03,2026-03-23,0.0,16,초코파이,168,16,100,1600.0,Global_Mart_Canada (캐나다),True,사용자 검수 완료 / 인원 미기재로 0 입력
TalkFile_202604스티커작업실적.pdf,12,2026-03,2026-03-23,0.0,17,칙촉,180,12,15,180.0,Global_Mart_Canada (캐나다),True,사용자 검수 완료 / 인원 미기재로 0 입력
TalkFile_202604스티커작업실적.pdf,12,2026-03,2026-03-23,0.0,18,카스타드,138,12,30,360.0,Global_Mart_Canada (캐나다),True,사용자 검수 완료 / 인원 미기재로 0 입력
TalkFile_202604스티커작업실적.pdf,12,2026-03,2026-03-23,0.0,19,초코파이,336,8,50,400.0,Global_Mart_Canada (캐나다),True,사용자 검수 완료 / 누락 row 추가 / 인원 미기재로 0 입력
TalkFile_202604스티커작업실적.pdf,12,2026-03,2026-03-23,0.0,20,꼬깔콘군옥수수,67,12,100,1200.0,Global_Mart_Canada (캐나다),True,사용자 검수 완료 / 인원 미기재로 0 입력
TalkFile_202604스티커작업실적.pdf,12,2026-03,2026-03-23,0.0,21,꼬깔콘고소한맛,67,12,120,1440.0,Global_Mart_Canada (캐나다),True,사용자 검수 완료 / 인원 미기재로 0 입력
TalkFile_202604스티커작업실적.pdf,12,2026-03,2026-03-23,0.0,22,칸쵸,42,32,40,1280.0,Global_Mart_Canada (캐나다),True,사용자 검수 완료 / 인원 미기재로 0 입력
TalkFile_202604스티커작업실적.pdf,12,2026-03,2026-03-23,0.0,23,몽쉘카카오,204,16,35,560.0,Global_Mart_Canada (캐나다),True,사용자 검수 완료 / 인원 미기재로 0 입력
TalkFile_202604스티커작업실적.pdf,12,2026-03,2026-03-23,0.0,24,몽쉘크림,204,16,40,640.0,Global_Mart_Canada (캐나다),True,사용자 검수 완료 / 인원 미기재로 0 입력
TalkFile_202604스티커작업실적.pdf,12,2026-03,2026-03-23,0.0,25,몽쉘카카오,408,8,40,320.0,Global_Mart_Canada (캐나다),True,사용자 검수 완료 / 인원 미기재로 0 입력
TalkFile_202604스티커작업실적.pdf,12,2026-03,2026-03-23,0.0,26,참크래커,280,10,60,600.0,Global_Mart_Canada (캐나다),True,사용자 검수 완료 / 인원 미기재로 0 입력
TalkFile_202604스티커작업실적.pdf,12,2026-03,2026-03-23,0.0,27,화이트하임,284,12,15,180.0,Global_Mart_Canada (캐나다),True,사용자 검수 완료 / 인원 미기재로 0 입력
TalkFile_202604스티커작업실적.pdf,12,2026-03,2026-03-23,0.0,28,산도딸기,323,8,10,80.0,Global_Mart_Canada (캐나다),True,사용자 검수 완료 / 인원 미기재로 0 입력
TalkFile_202604스티커작업실적.pdf,12,2026-03,2026-03-23,0.0,29,산도딸기,161,12,30,360.0,Global_Mart_Canada (캐나다),True,사용자 검수 완료 / 인원 미기재로 0 입력
TalkFile_202604스티커작업실적.pdf,12,2026-03,2026-03-23,0.0,30,초코하임,142,20,30,600.0,Global_Mart_Canada (캐나다),True,사용자 검수 완료 / 인원 미기재로 0 입력
TalkFile_202604스티커작업실적.pdf,13,2026-03,2026-03-23,0.0,31,초코하임,284,12,60,720.0,Global_Mart_Canada (캐나다),True,사용자 검수 완료 / 인원 미기재로 0 입력
TalkFile_202604스티커작업실적.pdf,13,2026-03,2026-03-23,0.0,32,뽀또치즈타르트,322,10,30,300.0,Global_Mart_Canada (캐나다),True,사용자 검수 완료 / 인원 미기재로 0 입력
TalkFile_202604스티커작업실적.pdf,13,2026-03,2026-03-23,0.0,33,뽀또치즈타르트,161,12,30,360.0,Global_Mart_Canada (캐나다),True,사용자 검수 완료 / 인원 미기재로 0 입력
TalkFile_202604스티커작업실적.pdf,13,2026-03,2026-03-23,0.0,34,쿠크다스커피,289,10,25,250.0,Global_Mart_Canada (캐나다),True,사용자 검수 완료 / 인원 미기재로 0 입력
TalkFile_202604스티커작업실적.pdf,13,2026-03,2026-03-23,0.0,35,버터와플,316,10,30,300.0,Global_Mart_Canada (캐나다),True,사용자 검수 완료 / 인원 미기재로 0 입력
TalkFile_202604스티커작업실적.pdf,13,2026-03,2026-03-23,0.0,36,화이트하임,142,20,20,400.0,Global_Mart_Canada (캐나다),True,사용자 검수 완료 / 인원 미기재로 0 입력
TalkFile_202604스티커작업실적.pdf,13,2026-03,2026-03-23,0.0,37,밤+팥양갱,500,10,20,200.0,Global_Mart_Canada (캐나다),True,사용자 검수 완료 / 인원 미기재로 0 입력
TalkFile_202604스티커작업실적.pdf,13,2026-03,2026-03-23,0.0,38,마이쮸포도,44,120,4,480.0,Global_Mart_Canada (캐나다),True,사용자 검수 완료 / 인원 미기재로 0 입력
TalkFile_202604스티커작업실적.pdf,13,2026-03,2026-03-23,0.0,39,새콤달콤딸기,29,90,10,900.0,Global_Mart_Canada (캐나다),True,사용자 검수 완료 / 인원 미기재로 0 입력
TalkFile_202604스티커작업실적.pdf,13,2026-03,2026-03-23,0.0,40,새콤달콤포도,29,90,10,900.0,Global_Mart_Canada (캐나다),True,사용자 검수 완료 / 인원 미기재로 0 입력
TalkFile_202604스티커작업실적.pdf,13,2026-03,2026-03-23,0.0,41,마이쮸자일리톨포도,110,24,15,360.0,Global_Mart_Canada (캐나다),True,사용자 검수 완료 / 인원 미기재로 0 입력
TalkFile_202604스티커작업실적.pdf,13,2026-03,2026-03-23,0.0,42,죠리퐁,74,16,20,320.0,Global_Mart_Canada (캐나다),True,사용자 검수 완료 / 인원 미기재로 0 입력
TalkFile_202604스티커작업실적.pdf,13,2026-03,2026-03-23,0.0,43,신짱,120,16,15,240.0,Global_Mart_Canada (캐나다),True,사용자 검수 완료 / 인원 미기재로 0 입력
TalkFile_202604스티커작업실적.pdf,13,2026-03,2026-03-23,0.0,44,콘치크림치즈,66,18,20,360.0,Global_Mart_Canada (캐나다),True,사용자 검수 완료 / 인원 미기재로 0 입력
TalkFile_202604스티커작업실적.pdf,13,2026-03,2026-03-23,0.0,45,죠리퐁,165,12,40,480.0,Global_Mart_Canada (캐나다),True,사용자 검수 완료 / 인원 미기재로 0 입력
TalkFile_202604스티커작업실적.pdf,13,2026-03,2026-03-23,0.0,46,카라멜땅콩,150,12,55,660.0,Global_Mart_Canada (캐나다),True,사용자 검수 완료 / 인원 미기재로 0 입력
TalkFile_202604스티커작업실적.pdf,13,2026-03,2026-03-23,0.0,47,콘칩,148,12,30,360.0,Global_Mart_Canada (캐나다),True,사용자 검수 완료 / 인원 미기재로 0 입력
TalkFile_202604스티커작업실적.pdf,13,2026-03,2026-03-23,0.0,48,카라멜콘메이플,74,16,30,480.0,Global_Mart_Canada (캐나다),True,사용자 검수 완료 / 인원 미기재로 0 입력
TalkFile_202604스티커작업실적.pdf,13,2026-03,2026-03-23,0.0,49,칠성사이다,1.5,12,55,660.0,Global_Mart_Canada (캐나다),True,사용자 검수 완료 / 인원 미기재로 0 입력
TalkFile_202604스티커작업실적.pdf,13,2026-03,2026-03-23,0.0,50,2%복숭아,1.5,12,88,1056.0,Global_Mart_Canada (캐나다),True,사용자 검수 완료 / 인원 미기재로 0 입력
TalkFile_202604스티커작업실적.pdf,13,2026-03,2026-03-23,0.0,51,웰치스적포도,355,24,100,2400.0,Global_Mart_Canada (캐나다),True,사용자 검수 완료 / 인원 미기재로 0 입력
TalkFile_202604스티커작업실적.pdf,13,2026-03,2026-03-23,0.0,52,웰치스청포도,355,24,50,1200.0,Global_Mart_Canada (캐나다),True,사용자 검수 완료 / 인원 미기재로 0 입력
TalkFile_202604스티커작업실적.pdf,13,2026-03,2026-03-23,0.0,53,2%복숭아,240,30,200,6000.0,Global_Mart_Canada (캐나다),True,사용자 검수 완료 / 인원 미기재로 0 입력
TalkFile_202604스티커작업실적.pdf,14,2026-03,2026-03-21,10.0,1,롤리폴리,62,24,170,4080.0,Central_Asia_Logistics (몽골),True,사용자 검수 완료
TalkFile_202604스티커작업실적.pdf,14,2026-03,2026-03-21,10.0,2,칼로리바란스치즈,76,30,70,2100.0,Central_Asia_Logistics (몽골),True,사용자 검수 완료
TalkFile_202604스티커작업실적.pdf,14,2026-03,2026-03-21,10.0,3,버터링딥초코,103,14,120,1680.0,Central_Asia_Logistics (몽골),True,사용자 검수 완료
TalkFile_202604스티커작업실적.pdf,14,2026-03,2026-03-21,10.0,4,버터링딥초코,155,10,100,1000.0,Central_Asia_Logistics (몽골),True,사용자 검수 완료
TalkFile_202604스티커작업실적.pdf,14,2026-03,2026-03-21,10.0,5,아이비,58,24,50,1200.0,Central_Asia_Logistics (몽골),True,사용자 검수 완료
TalkFile_202604스티커작업실적.pdf,14,2026-03,2026-03-21,10.0,6,아이비,155,20,50,1000.0,Central_Asia_Logistics (몽골),True,사용자 검수 완료
TalkFile_202604스티커작업실적.pdf,14,2026-03,2026-03-21,10.0,7,롤리폴리,196,10,100,1000.0,Central_Asia_Logistics (몽골),True,사용자 검수 완료
TalkFile_202604스티커작업실적.pdf,14,2026-03,2026-03-21,10.0,8,초코픽,45,24,330,7920.0,Central_Asia_Logistics (몽골),True,사용자 검수 완료
TalkFile_202604스티커작업실적.pdf,14,2026-03,2026-03-21,10.0,9,스위트콘칩,100,16,20,320.0,Global_Mart_Canada (캐나다),True,사용자 검수 완료
TalkFile_202604스티커작업실적.pdf,14,2026-03,2026-03-21,10.0,10,구운감자케이스,108,12,30,360.0,Global_Mart_Canada (캐나다),True,사용자 검수 완료
TalkFile_202604스티커작업실적.pdf,14,2026-03,2026-03-21,10.0,11,구운감자,27,30,25,750.0,Global_Mart_Canada (캐나다),True,사용자 검수 완료
TalkFile_202604스티커작업실적.pdf,14,2026-03,2026-03-21,10.0,12,닭다리후라이드,66,20,15,300.0,Global_Mart_Canada (캐나다),True,사용자 검수 완료
TalkFile_202604스티커작업실적.pdf,14,2026-03,2026-03-21,10.0,13,닭다리핫숯불바베큐,66,20,15,300.0,Global_Mart_Canada (캐나다),True,사용자 검수 완료
TalkFile_202604스티커작업실적.pdf,14,2026-03,2026-03-21,10.0,14,포스틱,84,20,30,600.0,Global_Mart_Canada (캐나다),True,사용자 검수 완료
TalkFile_202604스티커작업실적.pdf,14,2026-03,2026-03-21,10.0,15,꿀꽈배기,300,8,30,240.0,Global_Mart_Canada (캐나다),True,사용자 검수 완료
TalkFile_202604스티커작업실적.pdf,14,2026-03,2026-03-21,10.0,16,벌집핏자,90,20,30,600.0,Global_Mart_Canada (캐나다),True,사용자 검수 완료
TalkFile_202604스티커작업실적.pdf,14,2026-03,2026-03-21,10.0,17,엄마손파이,254,10,25,250.0,Global_Mart_Canada (캐나다),True,사용자 검수 완료
TalkFile_202604스티커작업실적.pdf,15,2026-03,2026-03-20,10.5,1,카스타드,276,8,400,3200.0,2141 (캐나다),True,사용자 검수 완료 / 인원 10.5명
TalkFile_202604스티커작업실적.pdf,15,2026-03,2026-03-20,10.5,2,크런키빼빼로벌크,140,9,216,1944.0,2141 (캐나다),True,사용자 검수 완료 / 인원 10.5명
TalkFile_202604스티커작업실적.pdf,15,2026-03,2026-03-20,10.5,3,자유시간아몬드,36,144,15,2160.0,해태 오크라,True,사용자 검수 완료 / 인원 10.5명
TalkFile_202604스티커작업실적.pdf,15,2026-03,2026-03-20,10.5,4,얼려먹는초코만들기,36,24,40,960.0,해태 오크라,True,사용자 검수 완료 / 인원 10.5명
TalkFile_202604스티커작업실적.pdf,15,2026-03,2026-03-20,10.5,5,자두,130,16,30,480.0,해태 오크라,True,사용자 검수 완료 / 인원 10.5명
TalkFile_202604스티커작업실적.pdf,15,2026-03,2026-03-20,10.5,6,NEW칸츄리콘,90,16,30,480.0,해태 오크라,True,사용자 검수 완료 / 인원 10.5명
TalkFile_202604스티커작업실적.pdf,15,2026-03,2026-03-20,10.5,7,알사탕,126,16,10,160.0,해태 오크라,True,사용자 검수 완료 / 인원 10.5명
TalkFile_202604스티커작업실적.pdf,15,2026-03,2026-03-20,10.5,8,오예스쿠키앤크림,360,10,20,200.0,해태 오크라,True,사용자 검수 완료 / 인원 10.5명
TalkFile_202604스티커작업실적.pdf,15,2026-03,2026-03-20,10.5,9,에이스씬에스프레소,291,12,20,240.0,해태 오크라,True,사용자 검수 완료 / 인원 10.5명
TalkFile_202604스티커작업실적.pdf,15,2026-03,2026-03-20,10.5,10,에이스,121,30,50,1500.0,해태 오크라,True,사용자 검수 완료 / 인원 10.5명
TalkFile_202604스티커작업실적.pdf,15,2026-03,2026-03-20,10.5,11,버터링골드,65,24,10,240.0,해태 오크라,True,사용자 검수 완료 / 인원 10.5명
TalkFile_202604스티커작업실적.pdf,15,2026-03,2026-03-20,10.5,12,사브레,84,24,30,720.0,해태 오크라,True,사용자 검수 완료 / 인원 10.5명
TalkFile_202604스티커작업실적.pdf,15,2026-03,2026-03-20,10.5,13,에이스씬에스프레소,145,16,100,1600.0,Central_Asia_Logistics (몽골),True,사용자 검수 완료 / 인원 10.5명
TalkFile_202604스티커작업실적.pdf,15,2026-03,2026-03-20,10.5,14,에이스씬에스프레소,291,12,70,840.0,Central_Asia_Logistics (몽골),True,사용자 검수 완료 / 인원 10.5명
TalkFile_202604스티커작업실적.pdf,15,2026-03,2026-03-20,10.5,15,버터링골드,65,24,640,15360.0,Central_Asia_Logistics (몽골),True,사용자 검수 완료 / 인원 10.5명
TalkFile_202604스티커작업실적.pdf,15,2026-03,2026-03-20,10.5,16,버터링골드,194,12,180,2160.0,Central_Asia_Logistics (몽골),True,사용자 검수 완료 / 인원 10.5명
TalkFile_202604스티커작업실적.pdf,15,2026-03,2026-03-20,10.5,17,사브레,84,24,80,1920.0,Central_Asia_Logistics (몽골),True,사용자 검수 완료 / 인원 10.5명
TalkFile_202604스티커작업실적.pdf,15,2026-03,2026-03-20,10.5,18,사브레,252,12,90,1080.0,Central_Asia_Logistics (몽골),True,사용자 검수 완료 / 인원 10.5명
TalkFile_202604스티커작업실적.pdf,15,2026-03,2026-03-20,10.5,19,신쫄이사과맛,24,120,15,1800.0,Central_Asia_Logistics (몽골),True,사용자 검수 완료 / 인원 10.5명
TalkFile_202604스티커작업실적.pdf,15,2026-03,2026-03-20,10.5,20,신쫄이딸기맛,24,120,25,3000.0,Central_Asia_Logistics (몽골),True,사용자 검수 완료 / 인원 10.5명
TalkFile_202604스티커작업실적.pdf,15,2026-03,2026-03-20,10.5,21,신쫄이레몬콜라맛,24,120,15,1800.0,Central_Asia_Logistics (몽골),True,사용자 검수 완료 / 인원 10.5명
TalkFile_202604스티커작업실적.pdf,15,2026-03,2026-03-20,10.5,22,신쫄이샤인머스캣,24,120,25,3000.0,Central_Asia_Logistics (몽골),True,사용자 검수 완료 / 인원 10.5명
TalkFile_202604스티커작업실적.pdf,15,2026-03,2026-03-20,10.5,23,허니버터칩,60,16,230,3680.0,Central_Asia_Logistics (몽골),True,사용자 검수 완료 / 인원 10.5명
TalkFile_202604스티커작업실적.pdf,15,2026-03,2026-03-20,10.5,24,신당동떡볶이,110,24,170,4080.0,Central_Asia_Logistics (몽골),True,사용자 검수 완료 / 인원 10.5명
TalkFile_202604스티커작업실적.pdf,15,2026-03,2026-03-20,10.5,25,신당동떡볶이,230,12,90,1080.0,Central_Asia_Logistics (몽골),True,사용자 검수 완료 / 인원 10.5명
TalkFile_202604스티커작업실적.pdf,16,2026-03,2026-03-19,11.0,1,홈런볼초코,46,30,50,1500.0,Euro_PanAsia (독일),True,사용자 검수 완료
TalkFile_202604스티커작업실적.pdf,16,2026-03,2026-03-19,11.0,2,허니버터칩,60,16,18,288.0,Euro_PanAsia (독일),True,사용자 검수 완료
TalkFile_202604스티커작업실적.pdf,16,2026-03,2026-03-19,11.0,3,카라멜콘메이플,74,16,50,800.0,Euro_PanAsia (독일),True,사용자 검수 완료
TalkFile_202604스티커작업실적.pdf,16,2026-03,2026-03-19,11.0,4,몽쉘오리지날,204,16,100,1600.0,2140 (캐나다),True,사용자 검수 완료
TalkFile_202604스티커작업실적.pdf,16,2026-03,2026-03-19,11.0,5,몽쉘카카오,204,16,200,3200.0,2140 (캐나다),True,사용자 검수 완료
TalkFile_202604스티커작업실적.pdf,16,2026-03,2026-03-19,11.0,6,초코빼빼로벌크,180,9,540,4860.0,2140 (캐나다),True,사용자 검수 완료
TalkFile_202604스티커작업실적.pdf,16,2026-03,2026-03-19,11.0,7,캐나다용화이트빼빼로,32,40,864,34560.0,2140 (캐나다),True,사용자 검수 완료
TalkFile_202604스티커작업실적.pdf,16,2026-03,2026-03-19,11.0,8,초코파이카카오,336,8,600,4800.0,2141 (캐나다),True,사용자 검수 완료
TalkFile_202604스티커작업실적.pdf,16,2026-03,2026-03-19,11.0,9,캐나다용크런키빼빼로,39,40,432,17280.0,2141 (캐나다),True,사용자 검수 완료
TalkFile_202604스티커작업실적.pdf,16,2026-03,2026-03-19,11.0,10,캐나다용초코쿠키빼빼로,32,40,216,8640.0,2141 (캐나다),True,사용자 검수 완료
TalkFile_202604스티커작업실적.pdf,16,2026-03,2026-03-19,11.0,11,캐나다용초코빼빼로,47,40,72,2880.0,2141 (캐나다),True,사용자 검수 완료
TalkFile_202604스티커작업실적.pdf,16,2026-03,2026-03-19,11.0,12,캐나다용초코필드빼빼로,45,40,72,2880.0,2141 (캐나다),True,사용자 검수 완료
TalkFile_202604스티커작업실적.pdf,16,2026-03,2026-03-19,11.0,13,캐나다용화이트빼빼로,32,40,144,5760.0,2141 (캐나다),True,사용자 검수 완료
TalkFile_202604스티커작업실적.pdf,16,2026-03,2026-03-19,11.0,14,캐나다용아몬드빼빼로,32,40,288,11520.0,2141 (캐나다),True,사용자 검수 완료
TalkFile_202604스티커작업실적.pdf,16,2026-03,2026-03-19,11.0,15,구운감자슬림,240,12,100,1200.0,333,True,사용자 검수 완료
TalkFile_202604스티커작업실적.pdf,16,2026-03,2026-03-19,11.0,16,초코파이바나나,336,8,250,4000.0,2141 (캐나다),True,"사용자 검수 완료 / 원본값 유지, QC mismatch 예상"
TalkFile_202604스티커작업실적.pdf,16,2026-03,2026-03-19,11.0,17,초코파이녹차,336,8,150,2400.0,2141 (캐나다),True,"사용자 검수 완료 / 원본값 유지, QC mismatch 예상"
TalkFile_202604스티커작업실적.pdf,17,2026-03,2026-03-18,11.0,1,아이스톡제로레몬에이드,230,50,15,750.0,Euro_PanAsia (독일),True,사용자 검수 완료
TalkFile_202604스티커작업실적.pdf,17,2026-03,2026-03-18,11.0,2,아이스톡제로복숭아아이스티,230,50,112,5600.0,Euro_PanAsia (독일),True,사용자 검수 완료
TalkFile_202604스티커작업실적.pdf,17,2026-03,2026-03-18,11.0,3,아이스톡블루레몬에이드,230,50,280,14000.0,Euro_PanAsia (독일),True,사용자 검수 완료
TalkFile_202604스티커작업실적.pdf,17,2026-03,2026-03-18,11.0,4,아이스톡패션망고에이드,230,50,280,14000.0,Euro_PanAsia (독일),True,사용자 검수 완료
TalkFile_202604스티커작업실적.pdf,17,2026-03,2026-03-18,11.0,5,아이스톡석류에이드,230,50,56,2800.0,Euro_PanAsia (독일),True,사용자 검수 완료
TalkFile_202604스티커작업실적.pdf,17,2026-03,2026-03-18,11.0,6,아이스톡키위에이드,230,50,56,2800.0,Euro_PanAsia (독일),True,사용자 검수 완료
TalkFile_202604스티커작업실적.pdf,17,2026-03,2026-03-18,11.0,7,아이스톡수박에이드,230,50,56,2800.0,Euro_PanAsia (독일),True,사용자 검수 완료
TalkFile_202604스티커작업실적.pdf,18,2026-03,2026-03-17,10.0,1,광동옥수수수염차,500,20,27,540.0,Global_Mart_Canada (캐나다),True,사용자 검수 완료
TalkFile_202604스티커작업실적.pdf,18,2026-03,2026-03-17,10.0,2,광동진한헛개차,500,20,50,1000.0,Global_Mart_Canada (캐나다),True,사용자 검수 완료
TalkFile_202604스티커작업실적.pdf,18,2026-03,2026-03-17,10.0,3,광동밀싹보리차,500,20,30,600.0,Global_Mart_Canada (캐나다),True,사용자 검수 완료
TalkFile_202604스티커작업실적.pdf,18,2026-03,2026-03-17,10.0,4,광동비타500스파클링,250,24,60,1440.0,Global_Mart_Canada (캐나다),True,사용자 검수 완료
TalkFile_202604스티커작업실적.pdf,18,2026-03,2026-03-17,10.0,5,광동비타500F캔,240,30,110,3300.0,Global_Mart_Canada (캐나다),True,사용자 검수 완료
TalkFile_202604스티커작업실적.pdf,18,2026-03,2026-03-17,10.0,6,까스활명수,75x10,6,100,700.0,경북통상,True,"사용자 검수 완료 / 원본값 유지, QC mismatch 예상"
TalkFile_202604스티커작업실적.pdf,18,2026-03,2026-03-17,10.0,7,아이스톡아메리카노블랙,230,50,392,19600.0,Euro_PanAsia (독일),True,사용자 검수 완료
TalkFile_202604스티커작업실적.pdf,18,2026-03,2026-03-17,10.0,8,아이스톡아메리카노스위트,230,50,112,5600.0,Euro_PanAsia (독일),True,사용자 검수 완료
TalkFile_202604스티커작업실적.pdf,18,2026-03,2026-03-17,10.0,9,아이스톡제로레몬에이드,230,50,97,4850.0,Euro_PanAsia (독일),True,사용자 검수 완료
TalkFile_202603스티커작업실적.pdf,1,2026-03,2026-03-16,10.0,1,치토스매콤달콤,164,12,74,888.0,함초롱,True,사용자 검수 완료
TalkFile_202603스티커작업실적.pdf,1,2026-03,2026-03-16,10.0,2,도리토스나초치즈맛(소),84,12,200,2400.0,함초롱,True,사용자 검수 완료
TalkFile_202603스티커작업실적.pdf,1,2026-03,2026-03-16,10.0,3,밤+팥양갱,500,10,50,500.0,함초롱,True,사용자 검수 완료
TalkFile_202603스티커작업실적.pdf,1,2026-03,2026-03-16,10.0,4,오란씨파인애플,250x6,5,90,450.0,함초롱,True,사용자 검수 완료
TalkFile_202603스티커작업실적.pdf,1,2026-03,2026-03-16,10.0,5,나랑드사이다,245x6,5,45,225.0,함초롱,True,사용자 검수 완료
TalkFile_202603스티커작업실적.pdf,1,2026-03,2026-03-16,10.0,6,나랑드사이다파인애플,245x6,5,45,225.0,함초롱,True,사용자 검수 완료
TalkFile_202603스티커작업실적.pdf,1,2026-03,2026-03-16,10.0,7,포카리스웨트,500,20,189,3780.0,함초롱,True,사용자 검수 완료
TalkFile_202603스티커작업실적.pdf,1,2026-03,2026-03-16,10.0,8,초코파이,468,8,100,800.0,Euro_PanAsia (독일),True,사용자 검수 완료
TalkFile_202603스티커작업실적.pdf,1,2026-03,2026-03-16,10.0,9,마이쮸사과,44x15,8,30,240.0,Euro_PanAsia (독일),True,사용자 검수 완료
TalkFile_202603스티커작업실적.pdf,1,2026-03,2026-03-16,10.0,10,마이쮸포도,44x15,8,30,240.0,Euro_PanAsia (독일),True,사용자 검수 완료
TalkFile_202603스티커작업실적.pdf,1,2026-03,2026-03-16,10.0,11,마이쮸딸기,44x15,8,30,240.0,Euro_PanAsia (독일),True,사용자 검수 완료
TalkFile_202603스티커작업실적.pdf,1,2026-03,2026-03-16,10.0,12,참쌀설병,128,20,30,600.0,Euro_PanAsia (독일),True,사용자 검수 완료
TalkFile_202603스티커작업실적.pdf,1,2026-03,2026-03-16,10.0,13,참쌀선과,115,20,30,600.0,Euro_PanAsia (독일),True,사용자 검수 완료
TalkFile_202603스티커작업실적.pdf,1,2026-03,2026-03-16,10.0,14,산도딸기,161,12,30,360.0,Euro_PanAsia (독일),True,사용자 검수 완료
TalkFile_202603스티커작업실적.pdf,1,2026-03,2026-03-16,10.0,15,화이트하임,47,21,40,840.0,Euro_PanAsia (독일),True,사용자 검수 완료
TalkFile_202603스티커작업실적.pdf,1,2026-03,2026-03-16,10.0,16,초코하임,47,21,40,840.0,Euro_PanAsia (독일),True,사용자 검수 완료
TalkFile_202603스티커작업실적.pdf,1,2026-03,2026-03-16,10.0,17,뽀또치즈타르트,322,10,30,300.0,Euro_PanAsia (독일),True,사용자 검수 완료
TalkFile_202603스티커작업실적.pdf,1,2026-03,2026-03-16,10.0,18,뽀또치즈타르트,161,12,40,480.0,Euro_PanAsia (독일),True,사용자 검수 완료
TalkFile_202603스티커작업실적.pdf,1,2026-03,2026-03-16,10.0,19,죠리퐁,74,16,30,480.0,Euro_PanAsia (독일),True,사용자 검수 완료
TalkFile_202603스티커작업실적.pdf,1,2026-03,2026-03-16,10.0,20,신짱,120,16,30,480.0,Euro_PanAsia (독일),True,사용자 검수 완료
TalkFile_202603스티커작업실적.pdf,1,2026-03,2026-03-16,10.0,21,콘칩,70,16,80,1280.0,Euro_PanAsia (독일),True,사용자 검수 완료
TalkFile_202603스티커작업실적.pdf,1,2026-03,2026-03-16,10.0,22,광동비타500F캔,240,24,30,720.0,광동 인도네시아,True,사용자 검수 완료
TalkFile_202603스티커작업실적.pdf,1,2026-03,2026-03-16,10.0,23,광동진한헛개차,340,20,120,2400.0,광동 인도네시아,True,사용자 검수 완료
TalkFile_202603스티커작업실적.pdf,1,2026-03,2026-03-16,10.0,24,광동옥수수수염차,340,20,100,2000.0,광동 인도네시아,True,사용자 검수 완료
TalkFile_202603스티커작업실적.pdf,1,2026-03,2026-03-16,10.0,25,광동옥수수수염차,500,20,80,1600.0,광동 인도네시아,True,사용자 검수 완료
TalkFile_202603스티커작업실적.pdf,1,2026-03,2026-03-16,10.0,26,광동옥수수수염차,1.5,12,40,480.0,광동 인도네시아,True,사용자 검수 완료
TalkFile_202603스티커작업실적.pdf,1,2026-03,2026-03-16,10.0,27,광동진한헛개차,1.5,12,40,480.0,Global_Mart_Canada (캐나다),True,사용자 검수 완료
TalkFile_202603스티커작업실적.pdf,1,2026-03,2026-03-16,10.0,28,광동헛개파워,100,50,30,1500.0,Global_Mart_Canada (캐나다),True,사용자 검수 완료
TalkFile_202603스티커작업실적.pdf,1,2026-03,2026-03-16,10.0,29,광동밀싹보리차,1.5,12,40,480.0,Global_Mart_Canada (캐나다),True,사용자 검수 완료
TalkFile_202603스티커작업실적.pdf,1,2026-03,2026-03-16,10.0,30,광동진한헛개차,1.5,12,60,720.0,Global_Mart_Canada (캐나다),True,사용자 검수 완료
TalkFile_202603스티커작업실적.pdf,1,2026-03,2026-03-16,10.0,31,광동옥수수수염차,1.5,12,110,1320.0,Global_Mart_Canada (캐나다),True,사용자 검수 완료
TalkFile_202603스티커작업실적.pdf,1,2026-03,2026-03-16,10.0,32,광동옥수수수염차,500,20,103,2060.0,Global_Mart_Canada (캐나다),True,사용자 검수 완료
TalkFile_202603스티커작업실적.pdf,2,2026-03,2026-03-14,0.0,1,구운감자,135,10,200,2000.0,332,True,사용자 검수 완료 / 인원 미기재로 0 입력 / Page 2 상단 3월14 구간
TalkFile_202603스티커작업실적.pdf,2,2026-03,2026-03-14,0.0,2,구운감자슬림,240,12,100,1200.0,332,True,사용자 검수 완료 / 인원 미기재로 0 입력 / Page 2 상단 3월14 구간
TalkFile_202603스티커작업실적.pdf,2,2026-03,2026-03-14,0.0,3,롤리폴리,196,10,227,2270.0,332,True,사용자 검수 완료 / 인원 미기재로 0 입력 / Page 2 상단 3월14 구간
TalkFile_202603스티커작업실적.pdf,2,2026-03,2026-03-14,0.0,4,버터링딥초코,155,10,100,1000.0,332,True,사용자 검수 완료 / 인원 미기재로 0 입력 / Page 2 상단 3월14 구간
TalkFile_202603스티커작업실적.pdf,2,2026-03,2026-03-13,11.0,5,국화빵멀티,750,6,200,1200.0,Global_Trading_H,True,사용자 검수 완료 / Page 2 하단 3월13 구간
TalkFile_202603스티커작업실적.pdf,2,2026-03,2026-03-13,11.0,6,국화빵오리지날,150,24,456,10944.0,Global_Trading_H,True,사용자 검수 완료 / Page 2 하단 3월13 구간
TalkFile_202603스티커작업실적.pdf,2,2026-03,2026-03-13,11.0,7,마이쮸딸기,44x15,8,50,400.0,함초롱,True,사용자 검수 완료 / Page 2 하단 3월13 구간
TalkFile_202603스티커작업실적.pdf,2,2026-03,2026-03-13,11.0,8,마이쮸핑크리치,44x15,8,50,400.0,함초롱,True,사용자 검수 완료 / Page 2 하단 3월13 구간
TalkFile_202603스티커작업실적.pdf,2,2026-03,2026-03-13,11.0,9,마이쮸포도,44x15,8,50,400.0,함초롱,True,사용자 검수 완료 / Page 2 하단 3월13 구간
TalkFile_202603스티커작업실적.pdf,2,2026-03,2026-03-13,11.0,10,마이쮸자일리톨포도,110,24,50,1200.0,함초롱,True,사용자 검수 완료 / Page 2 하단 3월13 구간
TalkFile_202603스티커작업실적.pdf,2,2026-03,2026-03-13,11.0,11,마이쮸자일리톨딸기,110,24,50,1200.0,함초롱,True,사용자 검수 완료 / Page 2 하단 3월13 구간
TalkFile_202603스티커작업실적.pdf,2,2026-03,2026-03-13,11.0,12,치토스매콤달콤,82,12,200,2400.0,함초롱,True,사용자 검수 완료 / Page 2 하단 3월13 구간
TalkFile_202603스티커작업실적.pdf,2,2026-03,2026-03-13,11.0,13,치토스바베큐,82,12,200,2400.0,함초롱,True,사용자 검수 완료 / Page 2 하단 3월13 구간
TalkFile_202603스티커작업실적.pdf,2,2026-03,2026-03-13,11.0,14,치토스바베큐,164,12,150,1800.0,함초롱,True,사용자 검수 완료 / Page 2 하단 3월13 구간
TalkFile_202603스티커작업실적.pdf,2,2026-03,2026-03-13,11.0,15,치토스매콤달콤,164,12,76,912.0,함초롱,True,사용자 검수 완료 / Page 2 하단 3월13 구간
TalkFile_202603스티커작업실적.pdf,2,2026-03,2026-03-13,11.0,16,미림,1.8,6,730,4380.0,함초롱,True,사용자 검수 완료 / Page 2 하단 3월13 구간
TalkFile_202603스티커작업실적.pdf,2,2026-03,2026-03-13,11.0,17,오로나민C,120x10,5,64,320.0,함초롱,True,사용자 검수 완료 / Page 2 하단 3월13 구간
TalkFile_202603스티커작업실적.pdf,2,2026-03,2026-03-13,11.0,18,포카리스웨트,1.5,12,80,960.0,함초롱,True,사용자 검수 완료 / Page 2 하단 3월13 구간
TalkFile_202603스티커작업실적.pdf,2,2026-03,2026-03-13,11.0,19,오란씨오렌지,1.5,12,15,180.0,함초롱,True,사용자 검수 완료 / Page 2 하단 3월13 구간
TalkFile_202603스티커작업실적.pdf,2,2026-03,2026-03-13,11.0,20,오란씨파인애플,500,20,15,300.0,함초롱,True,사용자 검수 완료 / Page 2 하단 3월13 구간
TalkFile_202603스티커작업실적.pdf,2,2026-03,2026-03-13,11.0,21,오란씨오렌지,250x6,5,20,100.0,함초롱,True,사용자 검수 완료 / Page 2 하단 3월13 구간
TalkFile_202603스티커작업실적.pdf,3,2026-03,2026-03-13,11.0,22,돼지바,70,40,40,1600.0,Global_Mart_Canada (캐나다),True,사용자 검수 완료 / Page 3 3월13 연속 구간
TalkFile_202603스티커작업실적.pdf,3,2026-03,2026-03-13,11.0,23,찰옥수수,140,24,50,1200.0,Global_Mart_Canada (캐나다),True,사용자 검수 완료 / Page 3 3월13 연속 구간
TalkFile_202603스티커작업실적.pdf,3,2026-03,2026-03-13,11.0,24,스크류바,80,40,50,2000.0,Global_Mart_Canada (캐나다),True,사용자 검수 완료 / Page 3 3월13 연속 구간
TalkFile_202603스티커작업실적.pdf,3,2026-03,2026-03-13,11.0,25,빵빠레초코,195,15,80,1200.0,Global_Mart_Canada (캐나다),True,사용자 검수 완료 / Page 3 3월13 연속 구간
TalkFile_202603스티커작업실적.pdf,3,2026-03,2026-03-13,11.0,26,빵빠레바닐라,195,15,80,1200.0,Global_Mart_Canada (캐나다),True,사용자 검수 완료 / Page 3 3월13 연속 구간
TalkFile_202603스티커작업실적.pdf,3,2026-03,2026-03-13,11.0,27,돼지콘,160,24,60,1440.0,Global_Mart_Canada (캐나다),True,사용자 검수 완료 / Page 3 3월13 연속 구간
TalkFile_202603스티커작업실적.pdf,3,2026-03,2026-03-13,11.0,28,국화빵찰떡모나카,150,24,60,1440.0,Global_Mart_Canada (캐나다),True,사용자 검수 완료 / Page 3 3월13 연속 구간
TalkFile_202603스티커작업실적.pdf,3,2026-03,2026-03-13,11.0,29,찰떡아이스당통팥,90,24,40,960.0,Global_Mart_Canada (캐나다),True,사용자 검수 완료 / Page 3 3월13 연속 구간
TalkFile_202603스티커작업실적.pdf,3,2026-03,2026-03-13,11.0,30,찰떡아이스쿠앤크,90,24,40,960.0,Global_Mart_Canada (캐나다),True,사용자 검수 완료 / Page 3 3월13 연속 구간
TalkFile_202603스티커작업실적.pdf,3,2026-03,2026-03-13,11.0,31,찰떡아이스하트딸기,80,24,30,720.0,Global_Mart_Canada (캐나다),True,사용자 검수 완료 / Page 3 3월13 연속 구간
TalkFile_202603스티커작업실적.pdf,3,2026-03,2026-03-13,11.0,32,수박아이스,160,20,40,800.0,Global_Mart_Canada (캐나다),True,사용자 검수 완료 / Page 3 3월13 연속 구간
TalkFile_202603스티커작업실적.pdf,3,2026-03,2026-03-13,11.0,33,찰떡아이스바닐라,80,24,40,960.0,Global_Mart_Canada (캐나다),True,사용자 검수 완료 / Page 3 3월13 연속 구간
TalkFile_202603스티커작업실적.pdf,3,2026-03,2026-03-13,11.0,34,더블비얀코베리&베리,185,15,40,600.0,Global_Mart_Canada (캐나다),True,사용자 검수 완료 / Page 3 3월13 연속 구간
TalkFile_202603스티커작업실적.pdf,3,2026-03,2026-03-13,11.0,35,더블비얀코,210,15,80,1200.0,Global_Mart_Canada (캐나다),True,사용자 검수 완료 / Page 3 3월13 연속 구간
TalkFile_202603스티커작업실적.pdf,3,2026-03,2026-03-13,11.0,36,잇츠와플바닐라,140,24,40,960.0,Global_Mart_Canada (캐나다),True,사용자 검수 완료 / Page 3 3월13 연속 구간
TalkFile_202603스티커작업실적.pdf,3,2026-03,2026-03-13,11.0,37,설레임쿠키앤크림,160,24,80,1920.0,Global_Mart_Canada (캐나다),True,사용자 검수 완료 / Page 3 3월13 연속 구간
TalkFile_202603스티커작업실적.pdf,3,2026-03,2026-03-13,11.0,38,설레임밀크쉐이크,160,24,80,1920.0,Global_Mart_Canada (캐나다),True,사용자 검수 완료 / Page 3 3월13 연속 구간
TalkFile_202603스티커작업실적.pdf,3,2026-03,2026-03-13,11.0,39,일품팥빙수,240,12,70,840.0,Global_Mart_Canada (캐나다),True,사용자 검수 완료 / Page 3 3월13 연속 구간
TalkFile_202603스티커작업실적.pdf,3,2026-03,2026-03-13,11.0,40,죠스바,80,40,40,1600.0,Global_Mart_Canada (캐나다),True,사용자 검수 완료 / Page 3 3월13 연속 구간
TalkFile_202603스티커작업실적.pdf,3,2026-03,2026-03-13,11.0,41,스크류아이스,160,20,40,800.0,Global_Mart_Canada (캐나다),True,사용자 검수 완료 / Page 3 3월13 연속 구간
TalkFile_202603스티커작업실적.pdf,3,2026-03,2026-03-13,11.0,42,티코밀크초코,510,6,50,300.0,Global_Mart_Canada (캐나다),True,사용자 검수 완료 / Page 3 3월13 연속 구간
TalkFile_202603스티커작업실적.pdf,3,2026-03,2026-03-13,11.0,43,조이망고바,80,40,50,2000.0,Global_Mart_Canada (캐나다),True,사용자 검수 완료 / Page 3 3월13 연속 구간
TalkFile_202603스티커작업실적.pdf,3,2026-03,2026-03-13,11.0,44,수박바,80,40,50,2000.0,Global_Mart_Canada (캐나다),True,사용자 검수 완료 / Page 3 3월13 연속 구간
TalkFile_202603스티커작업실적.pdf,3,2026-03,2026-03-13,11.0,45,조이그릭요거트스트로베리,85,40,80,3200.0,Global_Mart_Canada (캐나다),True,사용자 검수 완료 / Page 3 3월13 연속 구간
TalkFile_202603스티커작업실적.pdf,3,2026-03,2026-03-13,11.0,46,조이그릭요거트블루베리,85,40,80,3200.0,Global_Mart_Canada (캐나다),True,사용자 검수 완료 / Page 3 3월13 연속 구간
TalkFile_202603스티커작업실적.pdf,3,2026-03,2026-03-13,11.0,47,월드콘바닐라,160,24,40,960.0,Global_Mart_Canada (캐나다),True,사용자 검수 완료 / Page 3 3월13 연속 구간
TalkFile_202603스티커작업실적.pdf,3,2026-03,2026-03-13,11.0,48,초코퍼지,70,40,30,1200.0,Global_Mart_Canada (캐나다),True,사용자 검수 완료 / Page 3 3월13 연속 구간
TalkFile_202603스티커작업실적.pdf,3,2026-03,2026-03-13,11.0,49,월드콘초코,160,24,50,1200.0,Global_Mart_Canada (캐나다),True,사용자 검수 완료 / Page 3 3월13 연속 구간
TalkFile_202603스티커작업실적.pdf,3,2026-03,2026-03-13,11.0,50,월드콘쿠키앤크림,160,24,40,960.0,Global_Mart_Canada (캐나다),True,사용자 검수 완료 / Page 3 3월13 연속 구간
TalkFile_202603스티커작업실적.pdf,4,2026-03,2026-03-12,11.0,1,바이오필플레인,63x25,4,2398,9592.0,Vancouver_Logistics,True,사용자 검수 완료 / 연장 2시간
TalkFile_202603스티커작업실적.pdf,4,2026-03,2026-03-12,11.0,2,바이오필스트로베리,63x25,4,300,1200.0,Vancouver_Logistics,True,사용자 검수 완료 / 연장 2시간
TalkFile_202603스티커작업실적.pdf,4,2026-03,2026-03-12,11.0,3,초코파이녹차,336,8,420,6720.0,2194,True,"사용자 검수 완료 / 원본값 유지, QC mismatch 가능 / 연장 2시간"
TalkFile_202603스티커작업실적.pdf,4,2026-03,2026-03-12,11.0,4,초코빼빼로벌크,180,9,162,2916.0,2194,True,"사용자 검수 완료 / 원본값 유지, QC mismatch 가능 / 연장 2시간"
TalkFile_202603스티커작업실적.pdf,4,2026-03,2026-03-12,11.0,5,캐나다용초코필드빼빼로,45,40,220,,2194,True,사용자 검수 완료 / 스티커 수량 원본 판독 불가로 NULL 처리 / 연장 2시간
TalkFile_202603스티커작업실적.pdf,4,2026-03,2026-03-12,11.0,6,캐나다용크런키빼빼로,39,40,288,,2194,True,사용자 검수 완료 / 스티커 수량 원본 판독 불가로 NULL 처리 / 연장 2시간
TalkFile_202603스티커작업실적.pdf,4,2026-03,2026-03-12,11.0,7,스노위아몬드빼빼로,32,40,150,12000.0,2194,True,"사용자 검수 완료 / 원본값 유지, QC mismatch 가능 / 연장 2시간"
TalkFile_202603스티커작업실적.pdf,4,2026-03,2026-03-12,11.0,8,주물러콜라,130,35,50,1750.0,Global_Mart_Canada (캐나다),True,사용자 검수 완료 / 연장 2시간
TalkFile_202603스티커작업실적.pdf,4,2026-03,2026-03-12,11.0,9,빠삐코초코튜브,130,35,80,2800.0,Global_Mart_Canada (캐나다),True,사용자 검수 완료 / 연장 2시간
TalkFile_202603스티커작업실적.pdf,4,2026-03,2026-03-12,11.0,10,보석바,80,40,40,1600.0,Global_Mart_Canada (캐나다),True,사용자 검수 완료 / 연장 2시간
TalkFile_202603스티커작업실적.pdf,4,2026-03,2026-03-12,11.0,11,구운감자케이스,108,12,100,1200.0,332,True,사용자 검수 완료 / 연장 2시간
TalkFile_202603스티커작업실적.pdf,4,2026-03,2026-03-12,11.0,12,사브레초코크렘,204,12,50,600.0,332,True,사용자 검수 완료 / 연장 2시간
TalkFile_202603스티커작업실적.pdf,4,2026-03,2026-03-12,11.0,13,오사쯔,100,10,100,1000.0,332,True,사용자 검수 완료 / 연장 2시간
TalkFile_202603스티커작업실적.pdf,5,2026-03,2026-03-11,11.0,1,고소한땅콩샌드,93,20,20,400.0,팔라마,True,사용자 검수 완료
TalkFile_202603스티커작업실적.pdf,5,2026-03,2026-03-11,11.0,2,소보로,60,24,20,480.0,팔라마,True,사용자 검수 완료
TalkFile_202603스티커작업실적.pdf,5,2026-03,2026-03-11,11.0,3,맛동산,90,20,20,400.0,팔라마,True,사용자 검수 완료
TalkFile_202603스티커작업실적.pdf,5,2026-03,2026-03-11,11.0,4,홈런볼초코,46,30,20,600.0,팔라마,True,사용자 검수 완료
TalkFile_202603스티커작업실적.pdf,5,2026-03,2026-03-11,11.0,5,내맘몰랑복숭아,50,40,40,1600.0,팔라마,True,사용자 검수 완료
TalkFile_202603스티커작업실적.pdf,5,2026-03,2026-03-11,11.0,6,내맘몰랑청사과,50,40,30,1200.0,팔라마,True,사용자 검수 완료
TalkFile_202603스티커작업실적.pdf,5,2026-03,2026-03-11,11.0,7,버터와플,135,12,30,360.0,팔라마,True,사용자 검수 완료
TalkFile_202603스티커작업실적.pdf,5,2026-03,2026-03-11,11.0,8,밤+팥양갱,500,10,10,100.0,팔라마,True,사용자 검수 완료
TalkFile_202603스티커작업실적.pdf,5,2026-03,2026-03-11,11.0,9,오곡쿠키,288,12,20,240.0,팔라마,True,사용자 검수 완료
TalkFile_202603스티커작업실적.pdf,5,2026-03,2026-03-11,11.0,10,리치치즈샌드,45,24,20,480.0,팔라마,True,사용자 검수 완료
TalkFile_202603스티커작업실적.pdf,5,2026-03,2026-03-11,11.0,11,스노위아몬드빼빼로,32,40,282,22560.0,2194,True,"사용자 검수 완료 / 원본값 유지, QC mismatch 가능"
TalkFile_202603스티커작업실적.pdf,5,2026-03,2026-03-11,11.0,12,캐나다용화이트빼빼로,32,40,152,,2440,True,사용자 검수 완료 / 스티커 수량 원본 판독 불가로 NULL 처리
TalkFile_202603스티커작업실적.pdf,5,2026-03,2026-03-11,11.0,13,캐나다용화이트빼빼로,32,40,288,,2194,True,사용자 검수 완료 / 스티커 수량 원본 판독 불가로 NULL 처리
TalkFile_202603스티커작업실적.pdf,5,2026-03,2026-03-11,11.0,14,캐나다용초코빼빼로,47,40,216,,2194,True,사용자 검수 완료 / 스티커 수량 원본 판독 불가로 NULL 처리
TalkFile_202603스티커작업실적.pdf,5,2026-03,2026-03-11,11.0,15,캐나다용초코쿠키빼빼로,32,40,288,,2194,True,사용자 검수 완료 / 스티커 수량 원본 판독 불가로 NULL 처리
TalkFile_202603스티커작업실적.pdf,5,2026-03,2026-03-11,11.0,16,캐나다용아몬드빼빼로,32,40,576,,2194,True,사용자 검수 완료 / 스티커 수량 원본 판독 불가로 NULL 처리
TalkFile_202603스티커작업실적.pdf,5,2026-03,2026-03-11,11.0,17,초코파이녹차,336,8,200,,2440,True,사용자 검수 완료 / 스티커 수량 원본 판독 불가로 NULL 처리
TalkFile_202603스티커작업실적.pdf,5,2026-03,2026-03-11,11.0,18,초코파이녹차,336,8,280,,2194,True,사용자 검수 완료 / 스티커 수량 원본 판독 불가로 NULL 처리
TalkFile_202603스티커작업실적.pdf,6,2026-03,2026-03-10,11.0,1,에이스씬에스프레소,291,12,154,1848.0,437,True,사용자 검수 완료 / 연장 2시간
TalkFile_202603스티커작업실적.pdf,6,2026-03,2026-03-10,11.0,2,예쓰피스타치오&초코,280,12,500,6000.0,437,True,사용자 검수 완료 / 연장 2시간
TalkFile_202603스티커작업실적.pdf,6,2026-03,2026-03-10,11.0,3,버터링골드,194,12,100,1200.0,437,True,사용자 검수 완료 / 연장 2시간
TalkFile_202603스티커작업실적.pdf,6,2026-03,2026-03-10,11.0,4,홈런볼피스타치오&카라멜,44,30,500,15000.0,437,True,사용자 검수 완료 / 연장 2시간
TalkFile_202603스티커작업실적.pdf,6,2026-03,2026-03-10,11.0,5,샌드에이스우유크림,204,12,200,2400.0,437,True,사용자 검수 완료 / 연장 2시간
TalkFile_202603스티커작업실적.pdf,6,2026-03,2026-03-10,11.0,6,홈런볼소금우유,49,30,100,3000.0,437,True,사용자 검수 완료 / 연장 2시간
TalkFile_202603스티커작업실적.pdf,6,2026-03,2026-03-10,11.0,7,홈런볼파티팩(12입),552,8,60,,437,True,사용자 검수 완료 / 스티커 수량 원본 판독 불가로 NULL 처리 / 연장 2시간
TalkFile_202603스티커작업실적.pdf,6,2026-03,2026-03-10,11.0,8,캐나다용딸기빼빼로,32,40,144,,2194,True,사용자 검수 완료 / 스티커 수량 원본 판독 불가로 NULL 처리 / 연장 2시간
TalkFile_202603스티커작업실적.pdf,6,2026-03,2026-03-10,11.0,9,캐나다용딸기빼빼로,32,40,432,,2440,True,사용자 검수 완료 / 스티커 수량 원본 판독 불가로 NULL 처리 / 연장 2시간
TalkFile_202603스티커작업실적.pdf,6,2026-03,2026-03-10,11.0,10,캐나다용화이트빼빼로,32,40,280,,2440,True,사용자 검수 완료 / 스티커 수량 원본 판독 불가로 NULL 처리 / 연장 2시간
TalkFile_202603스티커작업실적.pdf,6,2026-03,2026-03-10,11.0,11,카스타드,276,8,500,8000.0,2440,True,"사용자 검수 완료 / 원본값 유지, QC mismatch 가능 / 연장 2시간"
TalkFile_202603스티커작업실적.pdf,6,2026-03,2026-03-10,11.0,12,초코필드빼빼로,45,40,68,5440.0,2194,True,"사용자 검수 완료 / 원본값 유지, QC mismatch 가능 / 연장 2시간"
TalkFile_202603스티커작업실적.pdf,6,2026-03,2026-03-10,11.0,13,콘칩,70,16,20,320.0,팔라마,True,사용자 검수 완료 / 연장 2시간
TalkFile_202603스티커작업실적.pdf,6,2026-03,2026-03-10,11.0,14,츄러스,84,16,20,320.0,팔라마,True,사용자 검수 완료 / 연장 2시간
TalkFile_202603스티커작업실적.pdf,6,2026-03,2026-03-10,11.0,15,오예스미니,192,12,20,240.0,팔라마,True,사용자 검수 완료 / 연장 2시간
TalkFile_202603스티커작업실적.pdf,6,2026-03,2026-03-10,11.0,16,버터링골드,65,24,20,480.0,팔라마,True,사용자 검수 완료 / 연장 2시간
TalkFile_202603스티커작업실적.pdf,6,2026-03,2026-03-10,11.0,17,구운고구마,27,30,20,600.0,팔라마,True,사용자 검수 완료 / 연장 2시간
TalkFile_202603스티커작업실적.pdf,6,2026-03,2026-03-10,11.0,18,빅파이딸기,216,12,20,240.0,팔라마,True,사용자 검수 완료 / 연장 2시간
TalkFile_202603스티커작업실적.pdf,7,2026-03,2026-03-09,11.0,1,The빠새,55,16,50,800.0,K-Mart_Canada (캐나다),True,사용자 검수 완료 / 원본 x2 반영하여 작업수량 50 입력
TalkFile_202603스티커작업실적.pdf,7,2026-03,2026-03-09,11.0,2,The빠새,100,10,50,1000.0,K-Mart_Canada (캐나다),True,사용자 검수 완료
TalkFile_202603스티커작업실적.pdf,7,2026-03,2026-03-09,11.0,3,오사쯔,60,16,50,1600.0,K-Mart_Canada (캐나다),True,사용자 검수 완료
TalkFile_202603스티커작업실적.pdf,7,2026-03,2026-03-09,11.0,4,신당동떡볶이,110,16,80,2560.0,K-Mart_Canada (캐나다),True,사용자 검수 완료
TalkFile_202603스티커작업실적.pdf,7,2026-03,2026-03-09,11.0,5,초코픽,45,24,50,2400.0,K-Mart_Canada (캐나다),True,사용자 검수 완료
TalkFile_202603스티커작업실적.pdf,7,2026-03,2026-03-09,11.0,6,홈런볼초코,46,30,50,3000.0,K-Mart_Canada (캐나다),True,"사용자 검수 완료 / 원본값 유지, QC mismatch 가능"
TalkFile_202603스티커작업실적.pdf,7,2026-03,2026-03-09,11.0,7,에이스바스크치즈,364,10,50,1000.0,K-Mart_Canada (캐나다),True,사용자 검수 완료
TalkFile_202603스티커작업실적.pdf,7,2026-03,2026-03-09,11.0,8,버터링딥초코,103,14,50,1400.0,K-Mart_Canada (캐나다),True,사용자 검수 완료
TalkFile_202603스티커작업실적.pdf,7,2026-03,2026-03-09,11.0,9,에이스씬에스프레소,291,12,50,1200.0,K-Mart_Canada (캐나다),True,사용자 검수 완료
TalkFile_202603스티커작업실적.pdf,7,2026-03,2026-03-09,11.0,10,에이스,364,10,180,3600.0,K-Mart_Canada (캐나다),True,"사용자 검수 완료 / 원본값 유지, QC mismatch 가능"
TalkFile_202603스티커작업실적.pdf,7,2026-03,2026-03-09,11.0,11,버터링골드,194,12,50,1200.0,K-Mart_Canada (캐나다),True,사용자 검수 완료
TalkFile_202603스티커작업실적.pdf,7,2026-03,2026-03-09,11.0,12,후렌치파이딸기,192,12,50,1200.0,K-Mart_Canada (캐나다),True,사용자 검수 완료
TalkFile_202603스티커작업실적.pdf,7,2026-03,2026-03-09,11.0,13,후렌치파이사과,192,12,30,720.0,K-Mart_Canada (캐나다),True,사용자 검수 완료
TalkFile_202603스티커작업실적.pdf,7,2026-03,2026-03-09,11.0,14,구운고구마,108,12,50,1200.0,K-Mart_Canada (캐나다),True,사용자 검수 완료
TalkFile_202603스티커작업실적.pdf,7,2026-03,2026-03-09,11.0,15,사브레,252,12,50,1200.0,K-Mart_Canada (캐나다),True,사용자 검수 완료
TalkFile_202603스티커작업실적.pdf,7,2026-03,2026-03-09,11.0,16,롤리폴리,62,24,50,2400.0,K-Mart_Canada (캐나다),True,사용자 검수 완료
TalkFile_202603스티커작업실적.pdf,7,2026-03,2026-03-09,11.0,17,롤리폴리,196,10,50,1200.0,K-Mart_Canada (캐나다),True,"사용자 검수 완료 / 원본값 유지, QC mismatch 가능"
TalkFile_202603스티커작업실적.pdf,7,2026-03,2026-03-09,11.0,18,오예스미니,192,12,20,480.0,K-Mart_Canada (캐나다),True,사용자 검수 완료
TalkFile_202603스티커작업실적.pdf,7,2026-03,2026-03-09,11.0,19,오예스쿠키앤크림,360,10,40,800.0,K-Mart_Canada (캐나다),True,사용자 검수 완료
TalkFile_202603스티커작업실적.pdf,7,2026-03,2026-03-09,11.0,20,연양갱,55,80,30,4800.0,K-Mart_Canada (캐나다),True,"사용자 검수 완료 / 원본값 유지, QC mismatch 가능"
TalkFile_202603스티커작업실적.pdf,7,2026-03,2026-03-09,11.0,21,알사탕,126,16,30,960.0,K-Mart_Canada (캐나다),True,사용자 검수 완료
TalkFile_202603스티커작업실적.pdf,7,2026-03,2026-03-09,11.0,22,자두,130,16,40,1280.0,K-Mart_Canada (캐나다),True,사용자 검수 완료
TalkFile_202603스티커작업실적.pdf,7,2026-03,2026-03-09,11.0,23,신쫄이사과맛,24,120,10,2400.0,K-Mart_Canada (캐나다),True,"사용자 검수 완료 / 원본값 유지, QC mismatch 가능"
TalkFile_202603스티커작업실적.pdf,7,2026-03,2026-03-09,11.0,24,신쫄이딸기맛,24,120,10,2400.0,K-Mart_Canada (캐나다),True,"사용자 검수 완료 / 원본값 유지, QC mismatch 가능"
TalkFile_202603스티커작업실적.pdf,7,2026-03,2026-03-09,11.0,25,신쫄이레몬콜라맛,24,120,10,2400.0,K-Mart_Canada (캐나다),True,"사용자 검수 완료 / 원본값 유지, QC mismatch 가능"
TalkFile_202603스티커작업실적.pdf,7,2026-03,2026-03-09,11.0,26,에이스바스크치즈,364,10,300,3000.0,437,True,사용자 검수 완료
TalkFile_202603스티커작업실적.pdf,7,2026-03,2026-03-09,11.0,27,에이스씬에스프레소,291,12,146,1752.0,437,True,사용자 검수 완료
TalkFile_202603스티커작업실적.pdf,8,2026-03,2026-03-07,11.0,1,찰떡아이스당통팥,90,24,15,360.0,HanSang_Partners,True,사용자 검수 완료
TalkFile_202603스티커작업실적.pdf,8,2026-03,2026-03-07,11.0,2,돼지콘,160,24,80,1920.0,HanSang_Partners,True,사용자 검수 완료
TalkFile_202603스티커작업실적.pdf,8,2026-03,2026-03-07,11.0,3,주물러콜라,130,35,60,2100.0,HanSang_Partners,True,사용자 검수 완료
TalkFile_202603스티커작업실적.pdf,8,2026-03,2026-03-07,11.0,4,죠스바,80,40,60,2400.0,HanSang_Partners,True,사용자 검수 완료
TalkFile_202603스티커작업실적.pdf,8,2026-03,2026-03-07,11.0,5,메가톤,70,40,50,2000.0,HanSang_Partners,True,사용자 검수 완료
TalkFile_202603스티커작업실적.pdf,8,2026-03,2026-03-07,11.0,6,와일드바디,70,40,60,2400.0,HanSang_Partners,True,사용자 검수 완료
TalkFile_202603스티커작업실적.pdf,8,2026-03,2026-03-07,11.0,7,보석바,80,40,50,2000.0,HanSang_Partners,True,사용자 검수 완료
TalkFile_202603스티커작업실적.pdf,8,2026-03,2026-03-07,11.0,8,수박바,80,40,60,2400.0,HanSang_Partners,True,사용자 검수 완료
TalkFile_202603스티커작업실적.pdf,8,2026-03,2026-03-07,11.0,9,조이그릭요거트스트로베리,85,40,80,3200.0,HanSang_Partners,True,사용자 검수 완료
TalkFile_202603스티커작업실적.pdf,8,2026-03,2026-03-07,11.0,10,조이그릭요거트블루베리,85,40,80,3200.0,HanSang_Partners,True,사용자 검수 완료
TalkFile_202603스티커작업실적.pdf,8,2026-03,2026-03-07,11.0,11,망고바,80,40,100,4000.0,HanSang_Partners,True,사용자 검수 완료
TalkFile_202603스티커작업실적.pdf,8,2026-03,2026-03-07,11.0,12,헤이즐넛카카오바,80,40,100,4000.0,HanSang_Partners,True,사용자 검수 완료
TalkFile_202603스티커작업실적.pdf,8,2026-03,2026-03-07,11.0,13,돼지바,70,40,80,3200.0,HanSang_Partners,True,사용자 검수 완료
TalkFile_202603스티커작업실적.pdf,8,2026-03,2026-03-07,11.0,14,맛동산,300,8,304,2432.0,K-Mart_Canada (캐나다),True,사용자 검수 완료
TalkFile_202603스티커작업실적.pdf,8,2026-03,2026-03-07,11.0,15,홈런볼초코벌크,128,24,350,8400.0,K-Mart_Canada (캐나다),True,사용자 검수 완료 / 원본 입량 12x2를 24로 반영
TalkFile_202603스티커작업실적.pdf,8,2026-03,2026-03-07,11.0,16,허니버터칩,100,24,100,2400.0,K-Mart_Canada (캐나다),True,사용자 검수 완료 / 원본 입량 12x2를 24로 반영
TalkFile_202603스티커작업실적.pdf,8,2026-03,2026-03-07,11.0,17,구운양파,60,32,50,1600.0,K-Mart_Canada (캐나다),True,사용자 검수 완료 / 원본 입량 16x2를 32로 반영
TalkFile_202603스티커작업실적.pdf,8,2026-03,2026-03-07,11.0,18,구운양파,110,24,50,1200.0,K-Mart_Canada (캐나다),True,사용자 검수 완료 / 원본 입량 12x2를 24로 반영
TalkFile_202603스티커작업실적.pdf,8,2026-03,2026-03-07,11.0,19,The빠새,55,32,25,800.0,K-Mart_Canada (캐나다),True,사용자 검수 완료 / 원본 입량 16x2를 32로 반영
TalkFile_202603스티커작업실적.pdf,9,2026-03,2026-03-06,10.0,1,에이스바스크치즈,364,10,300,3000.0,334,True,사용자 검수 완료
TalkFile_202603스티커작업실적.pdf,9,2026-03,2026-03-06,10.0,2,에이스씬에스프레소,291,12,246,2952.0,334,True,사용자 검수 완료
TalkFile_202603스티커작업실적.pdf,9,2026-03,2026-03-06,10.0,3,구운고구마,135,10,100,1000.0,331,True,사용자 검수 완료
TalkFile_202603스티커작업실적.pdf,9,2026-03,2026-03-06,10.0,4,사브레,252,12,100,1200.0,331,True,사용자 검수 완료
TalkFile_202603스티커작업실적.pdf,9,2026-03,2026-03-06,10.0,5,The빠새,100,10,100,1000.0,331,True,사용자 검수 완료
TalkFile_202603스티커작업실적.pdf,9,2026-03,2026-03-06,10.0,6,초코픽,45,24,100,2400.0,331,True,사용자 검수 완료
TalkFile_202603스티커작업실적.pdf,9,2026-03,2026-03-06,10.0,7,자두,130,16,300,4800.0,331,True,사용자 검수 완료
TalkFile_202603스티커작업실적.pdf,9,2026-03,2026-03-06,10.0,8,허니버터프로마쥬블랑,60,16,50,800.0,K-Mart_Canada (캐나다),True,사용자 검수 완료
TalkFile_202603스티커작업실적.pdf,9,2026-03,2026-03-06,10.0,9,맛동산,90,20,30,600.0,K-Mart_Canada (캐나다),True,사용자 검수 완료
TalkFile_202603스티커작업실적.pdf,9,2026-03,2026-03-06,10.0,10,국화빵,150,24,144,3456.0,Global_Trading_H,True,사용자 검수 완료
TalkFile_202603스티커작업실적.pdf,9,2026-03,2026-03-06,10.0,11,빵빠레초코,195,15,100,1500.0,HanSang_Partners,True,사용자 검수 완료
TalkFile_202603스티커작업실적.pdf,9,2026-03,2026-03-06,10.0,12,제로미니바이츠,380,6,60,360.0,HanSang_Partners,True,사용자 검수 완료
TalkFile_202603스티커작업실적.pdf,9,2026-03,2026-03-06,10.0,13,일품팥빙수,240,12,80,960.0,HanSang_Partners,True,사용자 검수 완료
TalkFile_202603스티커작업실적.pdf,9,2026-03,2026-03-06,10.0,14,더블비얀코,210,15,80,1200.0,HanSang_Partners,True,사용자 검수 완료
TalkFile_202603스티커작업실적.pdf,9,2026-03,2026-03-06,10.0,15,설레임쿠키앤크림,160,24,60,1440.0,HanSang_Partners,True,사용자 검수 완료
TalkFile_202603스티커작업실적.pdf,9,2026-03,2026-03-06,10.0,16,설레임밀크쉐이크,160,24,100,2400.0,HanSang_Partners,True,사용자 검수 완료
TalkFile_202603스티커작업실적.pdf,9,2026-03,2026-03-06,10.0,17,월드콘쿠키앤크림,160,24,80,1920.0,HanSang_Partners,True,사용자 검수 완료
TalkFile_202603스티커작업실적.pdf,9,2026-03,2026-03-06,10.0,18,월드콘바닐라,160,24,100,2400.0,HanSang_Partners,True,사용자 검수 완료
TalkFile_202603스티커작업실적.pdf,9,2026-03,2026-03-06,10.0,19,국화빵정통찰떡모나카,150,24,60,1440.0,HanSang_Partners,True,사용자 검수 완료
TalkFile_202603스티커작업실적.pdf,9,2026-03,2026-03-06,10.0,20,제로모나카,140,24,60,1440.0,HanSang_Partners,True,사용자 검수 완료
TalkFile_202603스티커작업실적.pdf,9,2026-03,2026-03-06,10.0,21,찰떡아이스당통팥,90,24,45,1080.0,HanSang_Partners,True,사용자 검수 완료
TalkFile_202603스티커작업실적.pdf,10,2026-03,2026-03-05,10.0,1,허니버터칩,60,16,621,936.0,299,True,"사용자 검수 완료 / 원본값 유지, QC mismatch 예상"
TalkFile_202603스티커작업실적.pdf,10,2026-03,2026-03-05,10.0,2,포도봉봉,238x12,72,50,3600.0,Global_Mart_Canada (캐나다),True,사용자 검수 완료
TalkFile_202603스티커작업실적.pdf,10,2026-03,2026-03-05,10.0,3,샌드에이스우유크림,204,12,300,3600.0,334,True,사용자 검수 완료
TalkFile_202603스티커작업실적.pdf,10,2026-03,2026-03-05,10.0,4,버터링골드,194,12,150,1800.0,334,True,사용자 검수 완료
TalkFile_202603스티커작업실적.pdf,10,2026-03,2026-03-05,10.0,5,버터링딥초코,155,10,50,500.0,334,True,사용자 검수 완료
TalkFile_202603스티커작업실적.pdf,10,2026-03,2026-03-05,10.0,6,버터링딥라즈베리,155,10,500,5000.0,334,True,사용자 검수 완료
TalkFile_202603스티커작업실적.pdf,10,2026-03,2026-03-05,10.0,7,구운감자케이스,108,12,100,1200.0,334,True,사용자 검수 완료
TalkFile_202603스티커작업실적.pdf,10,2026-03,2026-03-05,10.0,8,구운감자,135,10,400,4000.0,334,True,사용자 검수 완료
TalkFile_202603스티커작업실적.pdf,10,2026-03,2026-03-05,10.0,9,구운고구마,108,12,50,600.0,334,True,사용자 검수 완료
TalkFile_202603스티커작업실적.pdf,10,2026-03,2026-03-05,10.0,10,사브레,252,12,100,1200.0,334,True,사용자 검수 완료
TalkFile_202603스티커작업실적.pdf,10,2026-03,2026-03-05,10.0,11,롤리폴리,62,24,50,1200.0,334,True,사용자 검수 완료
TalkFile_202603스티커작업실적.pdf,10,2026-03,2026-03-05,10.0,12,롤리폴리,196,10,50,500.0,334,True,사용자 검수 완료
TalkFile_202603스티커작업실적.pdf,10,2026-03,2026-03-05,10.0,13,아몬드크래커,133,18,300,5400.0,334,True,사용자 검수 완료
TalkFile_202603스티커작업실적.pdf,11,2026-03,2026-03-04,10.0,1,갈아만든배,238x12,72,115,8280.0,Global_Mart_Canada (캐나다),True,사용자 검수 완료
TalkFile_202603스티커작업실적.pdf,11,2026-03,2026-03-04,10.0,2,갈아만든배,1.5,12,200,2400.0,Global_Mart_Canada (캐나다),True,사용자 검수 완료
TalkFile_202603스티커작업실적.pdf,11,2026-03,2026-03-04,10.0,3,갈아만든딸기,238x12,72,50,3600.0,Global_Mart_Canada (캐나다),True,사용자 검수 완료
TalkFile_202603스티커작업실적.pdf,11,2026-03,2026-03-04,10.0,4,복숭아봉봉,238x12,72,70,5040.0,Global_Mart_Canada (캐나다),True,사용자 검수 완료
TalkFile_202603스티커작업실적.pdf,11,2026-03,2026-03-04,10.0,5,코코팜포도,238x12,72,30,2160.0,Global_Mart_Canada (캐나다),True,사용자 검수 완료
TalkFile_202603스티커작업실적.pdf,11,2026-03,2026-03-04,10.0,6,포도봉봉,238x12,72,140,10080.0,Global_Mart_Canada (캐나다),True,사용자 검수 완료
TalkFile_202603스티커작업실적.pdf,12,2026-03,2026-03-03,9.0,1,고향만두야채(중),567,10,80,1600.0,해태 캐나다 만두,True,"사용자 검수 완료 / 원본 스티커 수량 표기 800+800, 합산값 1600 입력"
TalkFile_202603스티커작업실적.pdf,12,2026-03,2026-03-03,9.0,2,고향만두야채(대),1350,6,350,4200.0,해태 캐나다 만두,True,"사용자 검수 완료 / 원본 스티커 수량 표기 2100+2100, 합산값 4200 입력"
TalkFile_202603스티커작업실적.pdf,12,2026-03,2026-03-03,9.0,3,허니버터칩,60,16,968,15488.0,K-Mart_Canada (캐나다),True,사용자 검수 완료
TalkFile_202603스티커작업실적.pdf,12,2026-03,2026-03-03,9.0,4,써니텐파인애플,1.5,12,20,240.0,Global_Mart_Canada (캐나다),True,사용자 검수 완료
TalkFile_202603스티커작업실적.pdf,12,2026-03,2026-03-03,9.0,5,써니텐포도,1.5,12,50,600.0,Global_Mart_Canada (캐나다),True,사용자 검수 완료
TalkFile_202603스티커작업실적.pdf,12,2026-03,2026-03-03,9.0,6,갈배사이다,1.5,12,70,840.0,Global_Mart_Canada (캐나다),True,사용자 검수 완료
TalkFile_202603스티커작업실적.pdf,12,2026-03,2026-03-03,9.0,7,갈아만든배,238x12,72,75,5400.0,Global_Mart_Canada (캐나다),True,사용자 검수 완료
TalkFile_202602스티커작업실적.pdf,1,2026-02,2026-02-27,9.0,1,포카칩오리지널,66,20,18,360.0,Euro_PanAsia (오스트리아),True,사용자 검수 완료
TalkFile_202602스티커작업실적.pdf,1,2026-02,2026-02-27,9.0,2,수출왕고래볶음,56,24,20,480.0,Euro_PanAsia (오스트리아),True,사용자 검수 완료
TalkFile_202602스티커작업실적.pdf,1,2026-02,2026-02-27,9.0,3,꼬북칩콘스프,80,12,70,840.0,Euro_PanAsia (오스트리아),True,사용자 검수 완료
TalkFile_202602스티커작업실적.pdf,1,2026-02,2026-02-27,9.0,4,초코파이,468,8,150,1200.0,Euro_PanAsia (오스트리아),True,사용자 검수 완료
TalkFile_202602스티커작업실적.pdf,1,2026-02,2026-02-27,9.0,5,닭다리스낵,280,12,20,240.0,Euro_PanAsia (오스트리아),True,사용자 검수 완료
TalkFile_202602스티커작업실적.pdf,1,2026-02,2026-02-27,9.0,6,후렌치파이사과,192,12,20,240.0,Euro_PanAsia (오스트리아),True,사용자 검수 완료
TalkFile_202602스티커작업실적.pdf,1,2026-02,2026-02-27,9.0,7,홈런볼초코,46,30,20,600.0,Euro_PanAsia (오스트리아),True,사용자 검수 완료
TalkFile_202602스티커작업실적.pdf,1,2026-02,2026-02-27,9.0,8,후렌치파이딸기,192,12,40,480.0,Euro_PanAsia (오스트리아),True,사용자 검수 완료
TalkFile_202602스티커작업실적.pdf,1,2026-02,2026-02-27,9.0,9,자두캔디,130,16,40,640.0,Euro_PanAsia (오스트리아),True,사용자 검수 완료
TalkFile_202602스티커작업실적.pdf,1,2026-02,2026-02-27,9.0,10,허니버터칩,60,16,120,1920.0,Euro_PanAsia (오스트리아),True,사용자 검수 완료
TalkFile_202602스티커작업실적.pdf,1,2026-02,2026-02-27,9.0,11,신짱,120,16,50,800.0,Euro_PanAsia (오스트리아),True,사용자 검수 완료
TalkFile_202602스티커작업실적.pdf,1,2026-02,2026-02-27,9.0,12,콘칩,70,16,50,800.0,Euro_PanAsia (오스트리아),True,사용자 검수 완료
TalkFile_202602스티커작업실적.pdf,1,2026-02,2026-02-27,9.0,13,죠리퐁,74,16,50,800.0,Euro_PanAsia (오스트리아),True,사용자 검수 완료
TalkFile_202602스티커작업실적.pdf,1,2026-02,2026-02-27,9.0,14,아이스톡청포도에이드,230,50,112,5600.0,Euro_PanAsia (오스트리아),True,사용자 검수 완료
TalkFile_202602스티커작업실적.pdf,1,2026-02,2026-02-27,9.0,15,아이스톡블루레몬에이드,230,50,112,5600.0,Euro_PanAsia (오스트리아),True,사용자 검수 완료
TalkFile_202602스티커작업실적.pdf,1,2026-02,2026-02-27,9.0,16,아이스톡수박에이드,230,50,112,5600.0,Euro_PanAsia (오스트리아),True,사용자 검수 완료
TalkFile_202602스티커작업실적.pdf,1,2026-02,2026-02-27,9.0,17,아이스톡패션망고에이드,230,50,112,5600.0,Euro_PanAsia (오스트리아),True,사용자 검수 완료
TalkFile_202602스티커작업실적.pdf,2,2026-02,2026-02-26,10.0,1,초코파이,168,16,130,2080.0,Euro_PanAsia (독일),True,"사용자 검수 완료 / 원본 스티커 수량 공란, 계산값 입력"
TalkFile_202602스티커작업실적.pdf,2,2026-02,2026-02-26,10.0,2,초코파이흑당밀크,336,8,70,560.0,Euro_PanAsia (독일),True,"사용자 검수 완료 / 원본 스티커 수량 공란, 계산값 입력"
TalkFile_202602스티커작업실적.pdf,2,2026-02,2026-02-26,10.0,3,초코파이카카오,168,16,150,2400.0,Euro_PanAsia (독일),True,"사용자 검수 완료 / 원본 스티커 수량 공란, 계산값 입력"
TalkFile_202602스티커작업실적.pdf,2,2026-02,2026-02-26,10.0,4,초코파이,336,8,250,2000.0,Euro_PanAsia (독일),True,"사용자 검수 완료 / 원본 스티커 수량 공란, 계산값 입력"
TalkFile_202602스티커작업실적.pdf,2,2026-02,2026-02-26,10.0,5,몽쉘카카오,204,16,80,1280.0,Euro_PanAsia (독일),True,"사용자 검수 완료 / 원본 스티커 수량 공란, 계산값 입력"
TalkFile_202602스티커작업실적.pdf,2,2026-02,2026-02-26,10.0,6,몽쉘오리지날,204,16,110,1760.0,Euro_PanAsia (독일),True,"사용자 검수 완료 / 원본 스티커 수량 공란, 계산값 입력"
TalkFile_202602스티커작업실적.pdf,2,2026-02,2026-02-26,10.0,7,칸쵸컵,95,15,120,1800.0,Euro_PanAsia (독일),True,"사용자 검수 완료 / 원본 스티커 수량 공란, 계산값 입력"
TalkFile_202602스티커작업실적.pdf,2,2026-02,2026-02-26,10.0,8,애니타임밀크,60,20,30,600.0,Euro_PanAsia (독일),True,"사용자 검수 완료 / 원본 스티커 수량 공란, 계산값 입력"
TalkFile_202602스티커작업실적.pdf,2,2026-02,2026-02-26,10.0,9,애니타임블루마린,60,20,30,600.0,Euro_PanAsia (독일),True,"사용자 검수 완료 / 원본 스티커 수량 공란, 계산값 입력"
TalkFile_202602스티커작업실적.pdf,2,2026-02,2026-02-26,10.0,10,애니타임자두복숭아,60,20,40,800.0,Euro_PanAsia (독일),True,"사용자 검수 완료 / 원본 스티커 수량 공란, 계산값 입력"
TalkFile_202602스티커작업실적.pdf,2,2026-02,2026-02-26,10.0,11,애니타임레몬,60,20,20,400.0,Euro_PanAsia (독일),True,"사용자 검수 완료 / 원본 스티커 수량 공란, 계산값 입력"
TalkFile_202602스티커작업실적.pdf,2,2026-02,2026-02-26,10.0,12,죠스바젤리,70,32,60,1920.0,Euro_PanAsia (독일),True,"사용자 검수 완료 / 원본 스티커 수량 공란, 계산값 입력"
TalkFile_202602스티커작업실적.pdf,2,2026-02,2026-02-26,10.0,13,수박바젤리,56,32,90,2880.0,Euro_PanAsia (독일),True,"사용자 검수 완료 / 원본 스티커 수량 공란, 계산값 입력"
TalkFile_202602스티커작업실적.pdf,2,2026-02,2026-02-26,10.0,14,마가렛트,76,12,40,480.0,Euro_PanAsia (독일),True,"사용자 검수 완료 / 원본 스티커 수량 공란, 계산값 입력"
TalkFile_202602스티커작업실적.pdf,2,2026-02,2026-02-26,10.0,15,빠다코코낫,100,30,40,1200.0,Euro_PanAsia (독일),True,"사용자 검수 완료 / 원본 스티커 수량 공란, 계산값 입력"
TalkFile_202602스티커작업실적.pdf,2,2026-02,2026-02-26,10.0,16,칙촉,120,15,70,1050.0,Euro_PanAsia (독일),True,"사용자 검수 완료 / 원본 스티커 수량 공란, 계산값 입력"
TalkFile_202602스티커작업실적.pdf,2,2026-02,2026-02-26,10.0,17,야채크래커,83,30,40,1200.0,Euro_PanAsia (독일),True,"사용자 검수 완료 / 원본 스티커 수량 공란, 계산값 입력"
TalkFile_202602스티커작업실적.pdf,2,2026-02,2026-02-26,10.0,18,롯샌파인애플,105,30,80,2400.0,Euro_PanAsia (독일),True,"사용자 검수 완료 / 원본 스티커 수량 공란, 계산값 입력"
TalkFile_202602스티커작업실적.pdf,2,2026-02,2026-02-26,10.0,19,초코쿠키빼빼로벌크,128,9,20,180.0,Euro_PanAsia (독일),True,"사용자 검수 완료 / 원본 스티커 수량 공란, 계산값 입력"
TalkFile_202602스티커작업실적.pdf,2,2026-02,2026-02-26,10.0,20,에이스바스크치즈,364,10,80,800.0,H-Mart_Global (미주),True,"사용자 검수 완료 / 원본 스티커 수량 공란, 계산값 입력"
TalkFile_202602스티커작업실적.pdf,2,2026-02,2026-02-26,10.0,21,버터링골드,194,12,40,480.0,H-Mart_Global (미주),True,"사용자 검수 완료 / 원본 스티커 수량 공란, 계산값 입력"
TalkFile_202602스티커작업실적.pdf,2,2026-02,2026-02-26,10.0,22,버터링딥초코,155,10,30,300.0,H-Mart_Global (미주),True,"사용자 검수 완료 / 원본 스티커 수량 공란, 계산값 입력"
TalkFile_202602스티커작업실적.pdf,2,2026-02,2026-02-26,10.0,23,구운감자케이스,108,12,10,120.0,H-Mart_Global (미주),True,"사용자 검수 완료 / 원본 스티커 수량 공란, 계산값 입력"
TalkFile_202602스티커작업실적.pdf,2,2026-02,2026-02-26,10.0,24,구운감자,135,10,20,200.0,H-Mart_Global (미주),True,"사용자 검수 완료 / 원본 스티커 수량 공란, 계산값 입력"
TalkFile_202602스티커작업실적.pdf,2,2026-02,2026-02-26,10.0,25,구운고구마,135,10,20,200.0,H-Mart_Global (미주),True,"사용자 검수 완료 / 원본 스티커 수량 공란, 계산값 입력"
TalkFile_202602스티커작업실적.pdf,2,2026-02,2026-02-26,10.0,26,구운감자슬림,240,12,10,120.0,H-Mart_Global (미주),True,"사용자 검수 완료 / 원본 스티커 수량 공란, 계산값 입력"
TalkFile_202602스티커작업실적.pdf,2,2026-02,2026-02-26,10.0,27,알사탕,126,16,10,160.0,H-Mart_Global (미주),True,"사용자 검수 완료 / 원본 스티커 수량 공란, 계산값 입력"
TalkFile_202602스티커작업실적.pdf,2,2026-02,2026-02-26,10.0,28,자두,130,16,10,160.0,H-Mart_Global (미주),True,"사용자 검수 완료 / 원본 스티커 수량 공란, 계산값 입력"
TalkFile_202602스티커작업실적.pdf,2,2026-02,2026-02-26,10.0,29,The빠새,100,10,30,300.0,H-Mart_Global (미주),True,"사용자 검수 완료 / 원본 스티커 수량 공란, 계산값 입력"
TalkFile_202602스티커작업실적.pdf,2,2026-02,2026-02-26,10.0,30,오사쯔,100,10,60,600.0,H-Mart_Global (미주),True,"사용자 검수 완료 / 원본 스티커 수량 공란, 계산값 입력"
TalkFile_202602스티커작업실적.pdf,3,2026-02,2026-02-26,10.0,31,마린보이,40,30,40,1200.0,Euro_PanAsia (오스트리아),True,"사용자 검수 완료 / 원본 스티커 수량 공란, 계산값 입력"
TalkFile_202602스티커작업실적.pdf,3,2026-02,2026-02-26,10.0,32,촉칩,160,20,20,400.0,Euro_PanAsia (오스트리아),True,"사용자 검수 완료 / 원본 스티커 수량 공란, 계산값 입력"
TalkFile_202602스티커작업실적.pdf,3,2026-02,2026-02-26,10.0,33,고소미,70,20,30,600.0,Euro_PanAsia (오스트리아),True,"사용자 검수 완료 / 원본 스티커 수량 공란, 계산값 입력"
TalkFile_202602스티커작업실적.pdf,3,2026-02,2026-02-26,10.0,34,수출오땅,98,16,30,480.0,Euro_PanAsia (오스트리아),True,"사용자 검수 완료 / 원본 스티커 수량 공란, 계산값 입력"
TalkFile_202602스티커작업실적.pdf,3,2026-02,2026-02-26,10.0,35,땅콩강정,80,12,20,240.0,Euro_PanAsia (오스트리아),True,"사용자 검수 완료 / 원본 스티커 수량 공란, 계산값 입력"
TalkFile_202602스티커작업실적.pdf,3,2026-02,2026-02-26,10.0,36,초코송이,50,28,70,1960.0,Euro_PanAsia (오스트리아),True,"사용자 검수 완료 / 원본 스티커 수량 공란, 계산값 입력"
TalkFile_202602스티커작업실적.pdf,3,2026-02,2026-02-26,10.0,37,마이구미포도,66,40,60,2400.0,Euro_PanAsia (오스트리아),True,"사용자 검수 완료 / 원본 스티커 수량 공란, 계산값 입력"
TalkFile_202602스티커작업실적.pdf,3,2026-02,2026-02-26,10.0,38,왕꿈틀이,67,40,20,800.0,Euro_PanAsia (오스트리아),True,"사용자 검수 완료 / 원본 스티커 수량 공란, 계산값 입력"
TalkFile_202602스티커작업실적.pdf,3,2026-02,2026-02-26,10.0,39,포카칩오리지널,66,20,12,240.0,Euro_PanAsia (오스트리아),True,"사용자 검수 완료 / 원본 스티커 수량 공란, 계산값 입력"
TalkFile_202602스티커작업실적.pdf,4,2026-02,2026-02-25,9.0,1,오사쯔,60,16,15,240.0,Global_Mart_Canada (캐나다),True,사용자 검수 완료
TalkFile_202602스티커작업실적.pdf,4,2026-02,2026-02-25,9.0,2,딸기미니웨하스,150,15,10,150.0,Global_Mart_Canada (캐나다),True,사용자 검수 완료
TalkFile_202602스티커작업실적.pdf,4,2026-02,2026-02-25,9.0,3,자두캔디,130,16,20,320.0,Global_Mart_Canada (캐나다),True,사용자 검수 완료
TalkFile_202602스티커작업실적.pdf,4,2026-02,2026-02-25,9.0,4,구운양파,110,12,10,120.0,Global_Mart_Canada (캐나다),True,사용자 검수 완료
TalkFile_202602스티커작업실적.pdf,4,2026-02,2026-02-25,9.0,5,롤리폴리,62,24,15,360.0,Global_Mart_Canada (캐나다),True,사용자 검수 완료
TalkFile_202602스티커작업실적.pdf,4,2026-02,2026-02-25,9.0,6,후레쉬베리,336,8,25,200.0,Global_Mart_Canada (캐나다),True,사용자 검수 완료
TalkFile_202602스티커작업실적.pdf,4,2026-02,2026-02-25,9.0,7,수출오땅,98,16,15,240.0,Global_Mart_Canada (캐나다),True,사용자 검수 완료
TalkFile_202602스티커작업실적.pdf,4,2026-02,2026-02-25,9.0,8,땅콩강정,80,12,30,360.0,Global_Mart_Canada (캐나다),True,사용자 검수 완료
TalkFile_202602스티커작업실적.pdf,4,2026-02,2026-02-25,9.0,9,포카칩오리지널,137,12,27,324.0,Global_Mart_Canada (캐나다),True,사용자 검수 완료
TalkFile_202602스티커작업실적.pdf,4,2026-02,2026-02-25,9.0,10,와우소다,21,60,20,1200.0,Global_Mart_Canada (캐나다),True,사용자 검수 완료
TalkFile_202602스티커작업실적.pdf,4,2026-02,2026-02-25,9.0,11,참붕어빵,232,8,25,200.0,Global_Mart_Canada (캐나다),True,사용자 검수 완료
TalkFile_202602스티커작업실적.pdf,4,2026-02,2026-02-25,9.0,12,참붕어빵,174,9,20,180.0,Global_Mart_Canada (캐나다),True,사용자 검수 완료
TalkFile_202602스티커작업실적.pdf,4,2026-02,2026-02-25,9.0,13,초코쿠키빼빼로,32,40,50,2000.0,Global_Mart_Canada (캐나다),True,사용자 검수 완료
TalkFile_202602스티커작업실적.pdf,4,2026-02,2026-02-25,9.0,14,초코파이카카오,168,16,15,240.0,Global_Mart_Canada (캐나다),True,사용자 검수 완료
TalkFile_202602스티커작업실적.pdf,4,2026-02,2026-02-25,9.0,15,칙촉,180,12,20,240.0,Global_Mart_Canada (캐나다),True,사용자 검수 완료
TalkFile_202602스티커작업실적.pdf,4,2026-02,2026-02-25,9.0,16,찰떡파이초코,210,12,50,600.0,Global_Mart_Canada (캐나다),True,사용자 검수 완료
TalkFile_202602스티커작업실적.pdf,4,2026-02,2026-02-25,9.0,17,롯샌파인애플,105,30,15,450.0,Global_Mart_Canada (캐나다),True,사용자 검수 완료
TalkFile_202602스티커작업실적.pdf,4,2026-02,2026-02-25,9.0,18,빠다코코낫,100,30,25,750.0,Global_Mart_Canada (캐나다),True,사용자 검수 완료
TalkFile_202602스티커작업실적.pdf,4,2026-02,2026-02-25,9.0,19,가나마일드,70,40,10,400.0,Global_Mart_Canada (캐나다),True,사용자 검수 완료
TalkFile_202602스티커작업실적.pdf,4,2026-02,2026-02-25,9.0,20,명가찰떡초코,350,8,15,120.0,Global_Mart_Canada (캐나다),True,사용자 검수 완료
TalkFile_202602스티커작업실적.pdf,4,2026-02,2026-02-25,9.0,21,ABC초코,72,20,10,200.0,Global_Mart_Canada (캐나다),True,사용자 검수 완료
TalkFile_202602스티커작업실적.pdf,4,2026-02,2026-02-25,9.0,22,왓따콜라,23,144,5,720.0,Global_Mart_Canada (캐나다),True,사용자 검수 완료
TalkFile_202602스티커작업실적.pdf,4,2026-02,2026-02-25,9.0,23,왓따복숭아,23,144,5,720.0,Global_Mart_Canada (캐나다),True,사용자 검수 완료
TalkFile_202602스티커작업실적.pdf,4,2026-02,2026-02-25,9.0,24,꼬깔콘매콤달콤,134,12,80,960.0,Global_Mart_Canada (캐나다),True,사용자 검수 완료
TalkFile_202602스티커작업실적.pdf,4,2026-02,2026-02-25,9.0,25,꼬깔콘군옥수수,134,12,80,960.0,Global_Mart_Canada (캐나다),True,사용자 검수 완료
TalkFile_202602스티커작업실적.pdf,4,2026-02,2026-02-25,9.0,26,꼬깔콘매콤달콤,67,12,80,960.0,Global_Mart_Canada (캐나다),True,사용자 검수 완료
TalkFile_202602스티커작업실적.pdf,4,2026-02,2026-02-25,9.0,27,콘칩,148,12,15,180.0,Global_Mart_Canada (캐나다),True,사용자 검수 완료
TalkFile_202602스티커작업실적.pdf,4,2026-02,2026-02-25,9.0,28,말랑카우밀크,79,20,60,1200.0,Euro_PanAsia (독일),True,사용자 검수 완료
TalkFile_202602스티커작업실적.pdf,4,2026-02,2026-02-25,9.0,29,말랑카우딸기,79,20,140,2800.0,Euro_PanAsia (독일),True,사용자 검수 완료
TalkFile_202602스티커작업실적.pdf,4,2026-02,2026-02-25,9.0,30,요구르트젤리,50,40,80,3200.0,Euro_PanAsia (독일),True,사용자 검수 완료
TalkFile_202602스티커작업실적.pdf,5,2026-02,2026-02-25,9.0,31,찰떡파이인절미,180,12,100,1200.0,Euro_PanAsia (독일),True,사용자 검수 완료
TalkFile_202602스티커작업실적.pdf,5,2026-02,2026-02-25,9.0,32,화이트빼빼로벌크,128,9,40,360.0,Euro_PanAsia (독일),True,사용자 검수 완료
TalkFile_202602스티커작업실적.pdf,5,2026-02,2026-02-25,9.0,33,크런키빼빼로벌크,140,9,30,270.0,Euro_PanAsia (독일),True,사용자 검수 완료
TalkFile_202602스티커작업실적.pdf,5,2026-02,2026-02-25,9.0,34,초코빼빼로벌크,180,9,20,180.0,Euro_PanAsia (독일),True,사용자 검수 완료
TalkFile_202602스티커작업실적.pdf,5,2026-02,2026-02-25,9.0,35,아몬드빼빼로벌크,128,9,20,180.0,Euro_PanAsia (독일),True,사용자 검수 완료
TalkFile_202602스티커작업실적.pdf,5,2026-02,2026-02-25,9.0,36,초코필드빼빼로,45,40,130,5200.0,Euro_PanAsia (독일),True,사용자 검수 완료
TalkFile_202602스티커작업실적.pdf,5,2026-02,2026-02-25,9.0,37,화이트빼빼로,32,40,150,6000.0,Euro_PanAsia (독일),True,사용자 검수 완료
TalkFile_202602스티커작업실적.pdf,5,2026-02,2026-02-25,9.0,38,아몬드빼빼로,32,40,150,6000.0,Euro_PanAsia (독일),True,사용자 검수 완료
TalkFile_202602스티커작업실적.pdf,5,2026-02,2026-02-25,9.0,39,버터링골드,194,12,30,360.0,266,True,사용자 검수 완료
TalkFile_202602스티커작업실적.pdf,5,2026-02,2026-02-25,9.0,40,오사쯔,100,10,20,200.0,266,True,사용자 검수 완료
TalkFile_202602스티커작업실적.pdf,5,2026-02,2026-02-25,9.0,41,초코파이카카오,336,8,50,400.0,Euro_PanAsia (독일),True,사용자 검수 완료
TalkFile_202602스티커작업실적.pdf,6,2026-02,2026-02-24,10.0,1,아이스톡아메리카노블랙,230,50,29,1450.0,Euro_PanAsia (오스트리아),True,사용자 검수 완료
TalkFile_202602스티커작업실적.pdf,6,2026-02,2026-02-24,10.0,2,아이스톡복숭아아이스티,230,50,112,5600.0,Euro_PanAsia (오스트리아),True,사용자 검수 완료
TalkFile_202602스티커작업실적.pdf,6,2026-02,2026-02-24,10.0,3,칸쵸,42,32,144,4608.0,캐나다 2193,True,사용자 검수 완료
TalkFile_202602스티커작업실적.pdf,6,2026-02,2026-02-24,10.0,4,몽쉘카카오,204,16,100,3200.0,캐나다 2193,True,"사용자 검수 완료 / 원본 x2 반영값 유지, QC mismatch 가능"
TalkFile_202602스티커작업실적.pdf,6,2026-02,2026-02-24,10.0,5,몽쉘오리지날,204,16,100,3200.0,캐나다 2193,True,"사용자 검수 완료 / 원본 x2 반영값 유지, QC mismatch 가능"
TalkFile_202602스티커작업실적.pdf,6,2026-02,2026-02-24,10.0,6,초코파이바나나,336,8,50,800.0,캐나다 2193,True,"사용자 검수 완료 / 원본 x2 반영값 유지, QC mismatch 가능"
TalkFile_202602스티커작업실적.pdf,6,2026-02,2026-02-24,10.0,7,초코파이흑당밀크,336,8,300,4800.0,캐나다 2193,True,"사용자 검수 완료 / 원본 x2 반영값 유지, QC mismatch 가능"
TalkFile_202602스티커작업실적.pdf,6,2026-02,2026-02-24,10.0,8,카스타드,276,8,500,8000.0,캐나다 2193,True,"사용자 검수 완료 / 원본 x2 반영값 유지, QC mismatch 가능"
TalkFile_202602스티커작업실적.pdf,6,2026-02,2026-02-24,10.0,9,초코파이카카오,336,8,200,3200.0,캐나다 2193,True,"사용자 검수 완료 / 원본 x2 반영값 유지, QC mismatch 가능"
TalkFile_202602스티커작업실적.pdf,6,2026-02,2026-02-24,10.0,10,닭다리스낵,280,12,40,480.0,Global_Mart_Canada (캐나다),True,사용자 검수 완료
TalkFile_202602스티커작업실적.pdf,6,2026-02,2026-02-24,10.0,11,닭다리핫숯불바베큐,66,20,19,380.0,Global_Mart_Canada (캐나다),True,사용자 검수 완료
TalkFile_202602스티커작업실적.pdf,6,2026-02,2026-02-24,10.0,12,닭다리후라이드,66,20,19,380.0,Global_Mart_Canada (캐나다),True,사용자 검수 완료
TalkFile_202602스티커작업실적.pdf,6,2026-02,2026-02-24,10.0,13,치토스매콤달콤,164,12,30,360.0,Global_Mart_Canada (캐나다),True,사용자 검수 완료
TalkFile_202602스티커작업실적.pdf,6,2026-02,2026-02-24,10.0,14,치토스바베큐,164,12,20,240.0,Global_Mart_Canada (캐나다),True,사용자 검수 완료
TalkFile_202602스티커작업실적.pdf,6,2026-02,2026-02-24,10.0,15,치토스바베큐,82,12,20,240.0,Global_Mart_Canada (캐나다),True,사용자 검수 완료
TalkFile_202602스티커작업실적.pdf,6,2026-02,2026-02-24,10.0,16,치토스매콤달콤,82,12,20,240.0,Global_Mart_Canada (캐나다),True,사용자 검수 완료
TalkFile_202602스티커작업실적.pdf,6,2026-02,2026-02-24,10.0,17,오예스,360,10,60,600.0,Global_Mart_Canada (캐나다),True,사용자 검수 완료
TalkFile_202602스티커작업실적.pdf,6,2026-02,2026-02-24,10.0,18,신당동떡볶이,230,12,10,120.0,Global_Mart_Canada (캐나다),True,사용자 검수 완료
TalkFile_202602스티커작업실적.pdf,6,2026-02,2026-02-24,10.0,19,에이스바스크치즈,364,10,40,400.0,Global_Mart_Canada (캐나다),True,사용자 검수 완료
TalkFile_202602스티커작업실적.pdf,7,2026-02,2026-02-23,9.0,1,초코쿠키빼빼로,32,40,50,2000.0,Euro_PanAsia (독일),True,사용자 검수 완료
TalkFile_202602스티커작업실적.pdf,7,2026-02,2026-02-23,9.0,2,화이트빼빼로,32,40,100,4000.0,Euro_PanAsia (독일),True,사용자 검수 완료
TalkFile_202602스티커작업실적.pdf,7,2026-02,2026-02-23,9.0,3,칸쵸,42,32,190,6080.0,Euro_PanAsia (독일),True,사용자 검수 완료
TalkFile_202602스티커작업실적.pdf,7,2026-02,2026-02-23,9.0,4,초코파이카카오,336,8,100,800.0,Euro_PanAsia (독일),True,사용자 검수 완료
TalkFile_202602스티커작업실적.pdf,7,2026-02,2026-02-23,9.0,5,카스타드,138,12,110,1320.0,Euro_PanAsia (독일),True,사용자 검수 완료
TalkFile_202602스티커작업실적.pdf,7,2026-02,2026-02-23,9.0,6,산도딸기,161,12,30,360.0,Euro_PanAsia (오스트리아),True,사용자 검수 완료
TalkFile_202602스티커작업실적.pdf,7,2026-02,2026-02-23,9.0,7,쿠크다스화이트,77,21,20,420.0,Euro_PanAsia (오스트리아),True,사용자 검수 완료
TalkFile_202602스티커작업실적.pdf,7,2026-02,2026-02-23,9.0,8,새콤달콤포도,29x15,6,30,180.0,Euro_PanAsia (오스트리아),True,사용자 검수 완료
TalkFile_202602스티커작업실적.pdf,7,2026-02,2026-02-23,9.0,9,새콤달콤딸기,29x15,6,30,180.0,Euro_PanAsia (오스트리아),True,사용자 검수 완료
TalkFile_202602스티커작업실적.pdf,7,2026-02,2026-02-23,9.0,10,바나나킥,75,20,50,1000.0,Euro_PanAsia (오스트리아),True,사용자 검수 완료
TalkFile_202602스티커작업실적.pdf,7,2026-02,2026-02-23,9.0,11,쌀대롱,220,16,20,320.0,Euro_PanAsia (오스트리아),True,사용자 검수 완료
TalkFile_202602스티커작업실적.pdf,7,2026-02,2026-02-23,9.0,12,닭다리스낵,280,12,30,360.0,Euro_PanAsia (오스트리아),True,사용자 검수 완료
TalkFile_202602스티커작업실적.pdf,7,2026-02,2026-02-23,9.0,13,광동비타500,100x10,10,50,500.0,Euro_PanAsia (오스트리아),True,사용자 검수 완료
TalkFile_202602스티커작업실적.pdf,7,2026-02,2026-02-23,9.0,14,아이스톡블루베리에이드,230,50,56,2800.0,Euro_PanAsia (오스트리아),True,사용자 검수 완료
TalkFile_202602스티커작업실적.pdf,7,2026-02,2026-02-23,9.0,15,아이스톡제로레몬에이드,230,50,56,2800.0,Euro_PanAsia (오스트리아),True,사용자 검수 완료
TalkFile_202602스티커작업실적.pdf,7,2026-02,2026-02-23,9.0,16,아이스톡제로복숭아아이스티,230,50,56,2800.0,Euro_PanAsia (오스트리아),True,사용자 검수 완료
TalkFile_202602스티커작업실적.pdf,7,2026-02,2026-02-23,9.0,17,아이스톡석류에이드,230,50,56,2800.0,Euro_PanAsia (오스트리아),True,사용자 검수 완료
TalkFile_202602스티커작업실적.pdf,7,2026-02,2026-02-23,9.0,18,아이스톡키위에이드,230,50,56,2800.0,Euro_PanAsia (오스트리아),True,사용자 검수 완료
TalkFile_202602스티커작업실적.pdf,7,2026-02,2026-02-23,9.0,19,아이스톡아메리카노스위트,230,50,56,2800.0,Euro_PanAsia (오스트리아),True,사용자 검수 완료
TalkFile_202602스티커작업실적.pdf,7,2026-02,2026-02-23,9.0,20,아이스톡아메리카노블랙,230,50,27,1350.0,Euro_PanAsia (오스트리아),True,사용자 검수 완료
TalkFile_202602스티커작업실적.pdf,8,2026-02,2026-02-21,2.0,1,솔틴크래커,141,18,183,3294.0,265,True,사용자 검수 완료
TalkFile_202602스티커작업실적.pdf,8,2026-02,2026-02-21,2.0,2,밀키스(캐나다용),250,30,260,7800.0,Global_Mart_Canada (캐나다),True,사용자 검수 완료
TalkFile_202602스티커작업실적.pdf,8,2026-02,2026-02-21,2.0,3,레츠비카페타임라떼,240,30,100,3000.0,Global_Mart_Canada (캐나다),True,사용자 검수 완료
TalkFile_202602스티커작업실적.pdf,8,2026-02,2026-02-21,2.0,4,홈런볼9팩,414,8,300,2400.0,321,True,사용자 검수 완료
TalkFile_202602스티커작업실적.pdf,8,2026-02,2026-02-21,2.0,5,크런키빼빼로,39,40,100,4000.0,Euro_PanAsia (독일),True,사용자 검수 완료
TalkFile_202602스티커작업실적.pdf,8,2026-02,2026-02-21,2.0,6,초코쿠키빼빼로,32,40,100,4000.0,Euro_PanAsia (독일),True,사용자 검수 완료
TalkFile_202602스티커작업실적.pdf,9,2026-02,2026-02-20,10.0,1,비타파워,100,100,80,8000.0,Global_Mart_Canada (캐나다),True,사용자 검수 완료
TalkFile_202602스티커작업실적.pdf,9,2026-02,2026-02-20,10.0,2,미림,1.8,6,50,300.0,Global_Mart_Canada (캐나다),True,사용자 검수 완료
TalkFile_202602스티커작업실적.pdf,9,2026-02,2026-02-20,10.0,3,미림,900,12,37,444.0,Global_Mart_Canada (캐나다),True,사용자 검수 완료
TalkFile_202602스티커작업실적.pdf,9,2026-02,2026-02-20,10.0,4,황금보리,500,24,54,1296.0,Global_Mart_Canada (캐나다),True,사용자 검수 완료
TalkFile_202602스티커작업실적.pdf,9,2026-02,2026-02-20,10.0,5,광동옥수수수염차,500,24,54,1296.0,Global_Mart_Canada (캐나다),True,사용자 검수 완료
TalkFile_202602스티커작업실적.pdf,9,2026-02,2026-02-20,10.0,6,제주감귤,1.5,12,88,1056.0,Global_Mart_Canada (캐나다),True,사용자 검수 완료
TalkFile_202602스티커작업실적.pdf,9,2026-02,2026-02-20,10.0,7,칠성사이다,500,20,77,1540.0,Global_Mart_Canada (캐나다),True,사용자 검수 완료
TalkFile_202602스티커작업실적.pdf,9,2026-02,2026-02-20,10.0,8,밀키스(내수용),250,30,50,1500.0,Global_Mart_Canada (캐나다),True,사용자 검수 완료
TalkFile_202602스티커작업실적.pdf,9,2026-02,2026-02-20,10.0,9,밀키스(미주용),250,30,390,11700.0,Global_Mart_Canada (캐나다),True,사용자 검수 완료
TalkFile_202602스티커작업실적.pdf,9,2026-02,2026-02-20,10.0,10,오리지날크래커,172,18,300,5400.0,264,True,사용자 검수 완료
TalkFile_202602스티커작업실적.pdf,9,2026-02,2026-02-20,10.0,11,솔틴크래커,141,18,117,2106.0,265,True,사용자 검수 완료
TalkFile_202602스티커작업실적.pdf,10,2026-02,2026-02-19,9.0,1,구운감자,135,10,650,6500.0,264,True,사용자 검수 완료
TalkFile_202602스티커작업실적.pdf,10,2026-02,2026-02-19,9.0,2,홈런볼소금우유,49,30,100,3000.0,265,True,사용자 검수 완료
TalkFile_202602스티커작업실적.pdf,10,2026-02,2026-02-19,9.0,3,에이스바스크치즈,364,10,100,1000.0,265,True,사용자 검수 완료
TalkFile_202602스티커작업실적.pdf,10,2026-02,2026-02-19,9.0,4,에이스씬에스프레소,291,12,200,2400.0,265,True,사용자 검수 완료
TalkFile_202602스티커작업실적.pdf,10,2026-02,2026-02-19,9.0,5,버터링딥초코,155,10,100,1000.0,265,True,사용자 검수 완료
TalkFile_202602스티커작업실적.pdf,10,2026-02,2026-02-19,9.0,6,구운감자,27,30,50,1500.0,265,True,사용자 검수 완료
TalkFile_202602스티커작업실적.pdf,10,2026-02,2026-02-19,9.0,7,구운감자케이스,108,12,150,1800.0,265,True,사용자 검수 완료
TalkFile_202602스티커작업실적.pdf,10,2026-02,2026-02-19,9.0,8,구운고구마,27,30,50,1500.0,265,True,사용자 검수 완료
TalkFile_202602스티커작업실적.pdf,10,2026-02,2026-02-19,9.0,9,구운고구마,135,10,150,1500.0,265,True,사용자 검수 완료
TalkFile_202602스티커작업실적.pdf,10,2026-02,2026-02-19,9.0,10,구운감자슬림,240,12,200,2400.0,265,True,사용자 검수 완료
TalkFile_202602스티커작업실적.pdf,10,2026-02,2026-02-19,9.0,11,사브레,84,24,100,2400.0,265,True,사용자 검수 완료
TalkFile_202602스티커작업실적.pdf,10,2026-02,2026-02-19,9.0,12,롤리폴리,62,24,50,1200.0,265,True,사용자 검수 완료
TalkFile_202602스티커작업실적.pdf,10,2026-02,2026-02-19,9.0,13,사루비아,60,24,70,1680.0,265,True,사용자 검수 완료
TalkFile_202602스티커작업실적.pdf,10,2026-02,2026-02-19,9.0,14,초코픽,45,24,100,2400.0,265,True,사용자 검수 완료
TalkFile_202602스티커작업실적.pdf,10,2026-02,2026-02-19,9.0,15,광동비타500(아연),180,40,40,1600.0,Oceania_Health (호주),True,사용자 검수 완료
TalkFile_202602스티커작업실적.pdf,10,2026-02,2026-02-19,9.0,16,광동옥수수수염차,500,20,80,1600.0,Oceania_Health (호주),True,사용자 검수 완료
TalkFile_202602스티커작업실적.pdf,10,2026-02,2026-02-19,9.0,17,광동옥수수수염차,1.5,12,80,960.0,Oceania_Health (호주),True,사용자 검수 완료
TalkFile_202602스티커작업실적.pdf,10,2026-02,2026-02-19,9.0,18,광동진한헛개차,1.5,12,30,360.0,Oceania_Health (호주),True,사용자 검수 완료
TalkFile_202602스티커작업실적.pdf,10,2026-02,2026-02-19,9.0,19,광동쌍화골드,100,10,50,500.0,Oceania_Health (호주),True,사용자 검수 완료
TalkFile_202602스티커작업실적.pdf,10,2026-02,2026-02-19,9.0,20,광동위생천,75,10,30,300.0,Oceania_Health (호주),True,사용자 검수 완료
TalkFile_202602스티커작업실적.pdf,10,2026-02,2026-02-19,9.0,21,광동헛개파워,100,5,30,150.0,Oceania_Health (호주),True,사용자 검수 완료
TalkFile_202602스티커작업실적.pdf,10,2026-02,2026-02-19,9.0,22,광동진한헛개차,500,20,50,1000.0,Oceania_Health (호주),True,사용자 검수 완료
TalkFile_202602스티커작업실적.pdf,11,2026-02,2026-02-13,9.0,1,초코필드빼빼로,45,40,28,1120.0,1709,True,사용자 검수 완료 / 원본 작업수량 14에 x2 메모 반영하여 28 입력
TalkFile_202602스티커작업실적.pdf,11,2026-02,2026-02-13,9.0,2,카스타드,276,8,880,7040.0,1709,True,사용자 검수 완료 / 원본 작업수량 440에 x2 메모 반영하여 880 입력
TalkFile_202602스티커작업실적.pdf,11,2026-02,2026-02-13,9.0,3,에이스바스크치즈,364,10,500,5000.0,146,True,사용자 검수 완료
TalkFile_202602스티커작업실적.pdf,11,2026-02,2026-02-13,9.0,4,바이오필플레인,63x25,4,360,1440.0,토론토,True,사용자 검수 완료
TalkFile_202602스티커작업실적.pdf,11,2026-02,2026-02-13,9.0,5,바이오필파인애플,63x25,4,60,240.0,토론토,True,사용자 검수 완료
TalkFile_202602스티커작업실적.pdf,11,2026-02,2026-02-13,9.0,6,바이오필스트로베리,63x25,4,80,320.0,토론토,True,사용자 검수 완료
TalkFile_202602스티커작업실적.pdf,11,2026-02,2026-02-13,9.0,7,바이오필플레인,63x25,4,715,2860.0,Vancouver_Logistics,True,사용자 검수 완료
TalkFile_202602스티커작업실적.pdf,11,2026-02,2026-02-13,9.0,8,바이오필파인애플,63x25,4,120,480.0,Vancouver_Logistics,True,사용자 검수 완료
TalkFile_202602스티커작업실적.pdf,11,2026-02,2026-02-13,9.0,9,사브레초코크렘,204,12,50,600.0,263,True,사용자 검수 완료
TalkFile_202602스티커작업실적.pdf,11,2026-02,2026-02-13,9.0,10,오사쯔,100,10,400,4000.0,263,True,사용자 검수 완료
TalkFile_202602스티커작업실적.pdf,11,2026-02,2026-02-13,9.0,11,알사탕,126,16,100,1600.0,264,True,사용자 검수 완료
TalkFile_202602스티커작업실적.pdf,11,2026-02,2026-02-13,9.0,12,사브레초코크렘,204,12,50,600.0,264,True,사용자 검수 완료
TalkFile_202602스티커작업실적.pdf,11,2026-02,2026-02-13,9.0,13,구운감자,135,10,50,500.0,264,True,사용자 검수 완료
TalkFile_202602스티커작업실적.pdf,12,2026-02,2026-02-12,10.0,1,에이스씬에스프레소,291,12,37,444.0,147,True,사용자 검수 완료
TalkFile_202602스티커작업실적.pdf,12,2026-02,2026-02-12,10.0,2,버터링골드,194,12,200,2400.0,147,True,사용자 검수 완료
TalkFile_202602스티커작업실적.pdf,12,2026-02,2026-02-12,10.0,3,구운고구마,135,10,200,2000.0,147,True,사용자 검수 완료
TalkFile_202602스티커작업실적.pdf,12,2026-02,2026-02-12,10.0,4,구운감자,135,10,200,2000.0,147,True,사용자 검수 완료
TalkFile_202602스티커작업실적.pdf,12,2026-02,2026-02-12,10.0,5,딸기웨하스,50,40,100,4000.0,147,True,사용자 검수 완료
TalkFile_202602스티커작업실적.pdf,12,2026-02,2026-02-12,10.0,6,크림웨하스,50,40,100,4000.0,147,True,사용자 검수 완료
TalkFile_202602스티커작업실적.pdf,12,2026-02,2026-02-12,10.0,7,초코픽,45,24,50,1200.0,147,True,사용자 검수 완료
TalkFile_202602스티커작업실적.pdf,12,2026-02,2026-02-12,10.0,8,홈런볼파티팩(12입),552,8,100,800.0,147(265),True,사용자 검수 완료 / 원본 작업수량 50+50 반영하여 100 입력
TalkFile_202602스티커작업실적.pdf,12,2026-02,2026-02-12,10.0,9,매일요구르트오어슈거,280,24,120,2880.0,Vancouver_Logistics,True,사용자 검수 완료 / 원본 작업수량 60에 x2 메모 반영하여 120 입력
TalkFile_202602스티커작업실적.pdf,12,2026-02,2026-02-12,10.0,10,매일요구르트오어슈거,280,24,120,2880.0,토론토 갑산 개발,True,사용자 검수 완료 / 원본 작업수량 60에 x2 메모 반영하여 120 입력
TalkFile_202602스티커작업실적.pdf,12,2026-02,2026-02-12,10.0,11,사브레,252,12,30,360.0,159,True,사용자 검수 완료
TalkFile_202602스티커작업실적.pdf,12,2026-02,2026-02-12,10.0,12,초코필드빼빼로,45,40,260,10400.0,1709,True,사용자 검수 완료 / 원본 작업수량 130에 x2 메모 반영하여 260 입력
TalkFile_202602스티커작업실적.pdf,13,2026-02,2026-02-11,9.0,1,스노위아몬드빼빼로,32,40,146,5840.0,캐나다 1739,True,사용자 검수 완료 / 원본 작업수량 73에 x2 메모 반영하여 146 입력
TalkFile_202602스티커작업실적.pdf,13,2026-02,2026-02-11,9.0,2,몽쉘카카오,204,16,100,1600.0,캐나다 1739,True,사용자 검수 완료 / 원본 작업수량 50에 x2 메모 반영하여 100 입력
TalkFile_202602스티커작업실적.pdf,13,2026-02,2026-02-11,9.0,3,초코빼빼로벌크,180,9,432,3888.0,캐나다 1739,True,사용자 검수 완료 / 원본 작업수량 216에 x2 메모 반영하여 432 입력
TalkFile_202602스티커작업실적.pdf,13,2026-02,2026-02-11,9.0,4,몽쉘오리지날,204,16,100,1600.0,1709,True,사용자 검수 완료 / 원본 작업수량 50에 x2 메모 반영하여 100 입력
TalkFile_202602스티커작업실적.pdf,13,2026-02,2026-02-11,9.0,5,초코빼빼로벌크,180,9,216,1944.0,1709,True,사용자 검수 완료 / 원본 작업수량 108에 x2 메모 반영하여 216 입력
TalkFile_202602스티커작업실적.pdf,13,2026-02,2026-02-11,9.0,6,캐나다용크런키빼빼로,39,40,576,23040.0,1709,True,사용자 검수 완료
TalkFile_202602스티커작업실적.pdf,13,2026-02,2026-02-11,9.0,7,얼려먹는초코만들기,38,24,200,4800.0,147,True,사용자 검수 완료 / 원본 작업수량 100에 x2 메모 반영하여 200 입력
TalkFile_202602스티커작업실적.pdf,13,2026-02,2026-02-11,9.0,8,연양갱10팩,500,10,150,1500.0,147,True,사용자 검수 완료
TalkFile_202602스티커작업실적.pdf,13,2026-02,2026-02-11,9.0,9,롤리폴리,196,10,80,800.0,147,True,사용자 검수 완료
TalkFile_202602스티커작업실적.pdf,13,2026-02,2026-02-11,9.0,10,롤리폴리,62,24,50,1200.0,147,True,사용자 검수 완료
TalkFile_202602스티커작업실적.pdf,13,2026-02,2026-02-11,9.0,11,사브레,252,12,150,1800.0,147,True,사용자 검수 완료
TalkFile_202602스티커작업실적.pdf,13,2026-02,2026-02-11,9.0,12,구운감자슬림,240,12,100,1200.0,147,True,사용자 검수 완료
TalkFile_202602스티커작업실적.pdf,13,2026-02,2026-02-11,9.0,13,구운감자슬림,80,24,50,1200.0,147,True,사용자 검수 완료
TalkFile_202602스티커작업실적.pdf,13,2026-02,2026-02-11,9.0,14,구운고구마,108,12,50,600.0,147,True,사용자 검수 완료
TalkFile_202602스티커작업실적.pdf,13,2026-02,2026-02-11,9.0,15,구운감자케이스,108,12,100,1200.0,147,True,사용자 검수 완료
TalkFile_202602스티커작업실적.pdf,13,2026-02,2026-02-11,9.0,16,에이스씬에스프레소,291,12,278,3336.0,147,True,사용자 검수 완료
TalkFile_202602스티커작업실적.pdf,14,2026-02,2026-02-10,8.0,1,광동밀싹보리차,500,20,40,800.0,Global_Health (싱가포르),True,사용자 검수 완료
TalkFile_202602스티커작업실적.pdf,14,2026-02,2026-02-10,8.0,2,광동더진한헛개차(골드라벨),500,24,44,1056.0,Global_Health (싱가포르),True,사용자 검수 완료
TalkFile_202602스티커작업실적.pdf,14,2026-02,2026-02-10,8.0,3,쌀대롱,280,12,20,240.0,HanSang_Partners,True,사용자 검수 완료
TalkFile_202602스티커작업실적.pdf,14,2026-02,2026-02-10,8.0,4,떳다떡볶이스낵,207,16,20,320.0,HanSang_Partners,True,사용자 검수 완료
TalkFile_202602스티커작업실적.pdf,14,2026-02,2026-02-10,8.0,5,오리지널꽈배기,285,12,20,240.0,HanSang_Partners,True,사용자 검수 완료
TalkFile_202602스티커작업실적.pdf,14,2026-02,2026-02-10,8.0,6,허니버터칩,60,16,30,480.0,HanSang_Partners,True,사용자 검수 완료
TalkFile_202602스티커작업실적.pdf,14,2026-02,2026-02-10,8.0,7,허니버터칩,120,10,20,200.0,HanSang_Partners,True,사용자 검수 완료
TalkFile_202602스티커작업실적.pdf,14,2026-02,2026-02-10,8.0,8,신쫄이딸기맛,24,120,53,6360.0,Central_Asia_Logistics (몽골),True,사용자 검수 완료
TalkFile_202602스티커작업실적.pdf,14,2026-02,2026-02-10,8.0,9,신쫄이샤인머스캣,24,120,53,6360.0,Central_Asia_Logistics (몽골),True,사용자 검수 완료
TalkFile_202602스티커작업실적.pdf,14,2026-02,2026-02-10,8.0,10,버터링딥초코,155,10,113,1130.0,Central_Asia_Logistics (몽골),True,사용자 검수 완료
TalkFile_202602스티커작업실적.pdf,14,2026-02,2026-02-10,8.0,11,칸쵸,42,32,144,4608.0,캐나다 1709,True,사용자 검수 완료 / 원본 작업수량 72에 x2 메모 반영하여 144 입력
TalkFile_202602스티커작업실적.pdf,14,2026-02,2026-02-10,8.0,12,칸쵸,42,32,144,4608.0,1739,True,사용자 검수 완료 / 원본 작업수량 72에 x2 메모 반영하여 144 입력
TalkFile_202602스티커작업실적.pdf,14,2026-02,2026-02-10,8.0,13,스노위아몬드빼빼로,32,40,286,11440.0,1739,True,사용자 검수 완료 / 원본 작업수량 143에 x2 메모 반영하여 286 입력
TalkFile_202602스티커작업실적.pdf,15,2026-02,2026-02-09,0.0,1,레츠비마일드,175,30,68,2040.0,HanSang_Partners,True,"사용자 검수 완료 / 인원 미기재로 0 입력 / 원본 스티커 수량 공란, 계산값 입력"
TalkFile_202602스티커작업실적.pdf,15,2026-02,2026-02-09,0.0,2,실론티,240,30,121,3630.0,HanSang_Partners,True,"사용자 검수 완료 / 인원 미기재로 0 입력 / 원본 스티커 수량 공란, 계산값 입력"
TalkFile_202602스티커작업실적.pdf,15,2026-02,2026-02-09,0.0,3,핫식스,250,30,30,900.0,HanSang_Partners,True,"사용자 검수 완료 / 인원 미기재로 0 입력 / 원본 스티커 수량 공란, 계산값 입력"
TalkFile_202602스티커작업실적.pdf,15,2026-02,2026-02-09,0.0,4,아이비,155,20,50,1000.0,Central_Asia_Logistics (몽골),True,"사용자 검수 완료 / 인원 미기재로 0 입력 / 원본 스티커 수량 공란, 계산값 입력"
TalkFile_202602스티커작업실적.pdf,15,2026-02,2026-02-09,0.0,5,맛동산,300,8,100,800.0,291(캐나다 TB),True,"사용자 검수 완료 / 인원 미기재로 0 입력 / 원본 스티커 수량 공란, 계산값 입력"
TalkFile_202602스티커작업실적.pdf,15,2026-02,2026-02-09,0.0,6,사루비아,60,24,30,720.0,해태 오크라,True,"사용자 검수 완료 / 인원 미기재로 0 입력 / 원본 스티커 수량 공란, 계산값 입력"
TalkFile_202602스티커작업실적.pdf,15,2026-02,2026-02-09,0.0,7,계란과자,45,20,30,600.0,해태 오크라,True,"사용자 검수 완료 / 인원 미기재로 0 입력 / 원본 스티커 수량 공란, 계산값 입력"
TalkFile_202602스티커작업실적.pdf,15,2026-02,2026-02-09,0.0,8,버터링골드,65,24,30,720.0,해태 오크라,True,"사용자 검수 완료 / 인원 미기재로 0 입력 / 원본 스티커 수량 공란, 계산값 입력"
TalkFile_202602스티커작업실적.pdf,15,2026-02,2026-02-09,0.0,9,에이스,121,30,20,600.0,해태 오크라,True,"사용자 검수 완료 / 인원 미기재로 0 입력 / 원본 스티커 수량 공란, 계산값 입력"
TalkFile_202602스티커작업실적.pdf,15,2026-02,2026-02-09,0.0,10,에이스씬에스프레소,291,12,25,300.0,해태 오크라,True,"사용자 검수 완료 / 인원 미기재로 0 입력 / 원본 스티커 수량 공란, 계산값 입력"
TalkFile_202602스티커작업실적.pdf,15,2026-02,2026-02-09,0.0,11,오예스쿠키앤크림,360,10,20,200.0,해태 오크라,True,"사용자 검수 완료 / 인원 미기재로 0 입력 / 원본 스티커 수량 공란, 계산값 입력"
TalkFile_202602스티커작업실적.pdf,15,2026-02,2026-02-09,0.0,12,알사탕,126,16,15,240.0,해태 오크라,True,"사용자 검수 완료 / 인원 미기재로 0 입력 / 원본 스티커 수량 공란, 계산값 입력"
TalkFile_202602스티커작업실적.pdf,15,2026-02,2026-02-09,0.0,13,신쫄이딸기맛,24,120,20,2400.0,Central_Asia_Logistics (몽골),True,"사용자 검수 완료 / 인원 미기재로 0 입력 / 원본 스티커 수량 공란, 계산값 입력"
TalkFile_202602스티커작업실적.pdf,15,2026-02,2026-02-09,0.0,14,신쫄이레몬콜라맛,24,120,10,1200.0,Central_Asia_Logistics (몽골),True,"사용자 검수 완료 / 인원 미기재로 0 입력 / 원본 스티커 수량 공란, 계산값 입력"
TalkFile_202602스티커작업실적.pdf,15,2026-02,2026-02-09,0.0,15,신쫄이사과맛,24,120,25,3000.0,Central_Asia_Logistics (몽골),True,"사용자 검수 완료 / 인원 미기재로 0 입력 / 원본 스티커 수량 공란, 계산값 입력"
TalkFile_202602스티커작업실적.pdf,15,2026-02,2026-02-09,0.0,16,광동비타500오리지널,100,100,5,500.0,Global_Health (싱가포르),True,"사용자 검수 완료 / 인원 미기재로 0 입력 / 원본 스티커 수량 공란, 계산값 입력"
TalkFile_202602스티커작업실적.pdf,15,2026-02,2026-02-09,0.0,17,광동비타500로열폴리스,100,50,5,250.0,Global_Health (싱가포르),True,"사용자 검수 완료 / 인원 미기재로 0 입력 / 원본 스티커 수량 공란, 계산값 입력"
TalkFile_202602스티커작업실적.pdf,15,2026-02,2026-02-09,0.0,18,광동비타500비타민D1000IU,100,100,4,400.0,Global_Health (싱가포르),True,"사용자 검수 완료 / 인원 미기재로 0 입력 / 원본 스티커 수량 공란, 계산값 입력"
TalkFile_202602스티커작업실적.pdf,15,2026-02,2026-02-09,0.0,19,광동비타500zero,100,100,10,1000.0,Global_Health (싱가포르),True,"사용자 검수 완료 / 인원 미기재로 0 입력 / 원본 스티커 수량 공란, 계산값 입력"
TalkFile_202602스티커작업실적.pdf,15,2026-02,2026-02-09,0.0,20,광동비타500젤리,48x10,5,4,20.0,Global_Health (싱가포르),True,"사용자 검수 완료 / 인원 미기재로 0 입력 / 원본 스티커 수량 공란, 계산값 입력"
TalkFile_202602스티커작업실적.pdf,15,2026-02,2026-02-09,0.0,21,광동비타500치어팩,250,30,4,120.0,Global_Health (싱가포르),True,"사용자 검수 완료 / 인원 미기재로 0 입력 / 원본 스티커 수량 공란, 계산값 입력"
TalkFile_202602스티커작업실적.pdf,15,2026-02,2026-02-09,0.0,22,광동비타500zero스파클링,250,24,6,144.0,Global_Health (싱가포르),True,"사용자 검수 완료 / 인원 미기재로 0 입력 / 원본 스티커 수량 공란, 계산값 입력"
TalkFile_202602스티커작업실적.pdf,15,2026-02,2026-02-09,0.0,23,광동비타500zero스파클링유자,250,24,10,240.0,Global_Health (싱가포르),True,"사용자 검수 완료 / 인원 미기재로 0 입력 / 원본 스티커 수량 공란, 계산값 입력"
TalkFile_202602스티커작업실적.pdf,15,2026-02,2026-02-09,0.0,24,광동헛개파워,100,50,12,600.0,Global_Health (싱가포르),True,"사용자 검수 완료 / 인원 미기재로 0 입력 / 원본 스티커 수량 공란, 계산값 입력"
TalkFile_202602스티커작업실적.pdf,15,2026-02,2026-02-09,0.0,25,광동대추쌍화진(낱개),100,10,6,60.0,Global_Health (싱가포르),True,"사용자 검수 완료 / 인원 미기재로 0 입력 / 원본 스티커 수량 공란, 계산값 입력"
TalkFile_202602스티커작업실적.pdf,15,2026-02,2026-02-09,0.0,26,광동발효홍삼골드,100,50,6,300.0,Global_Health (싱가포르),True,"사용자 검수 완료 / 인원 미기재로 0 입력 / 원본 스티커 수량 공란, 계산값 입력"
TalkFile_202602스티커작업실적.pdf,15,2026-02,2026-02-09,0.0,27,광동산삼배양근진액,100,50,10,500.0,Global_Health (싱가포르),True,"사용자 검수 완료 / 인원 미기재로 0 입력 / 원본 스티커 수량 공란, 계산값 입력"
TalkFile_202602스티커작업실적.pdf,15,2026-02,2026-02-09,0.0,28,광동홈삼꿀D,100,100,5,500.0,Global_Health (싱가포르),True,"사용자 검수 완료 / 인원 미기재로 0 입력 / 원본 스티커 수량 공란, 계산값 입력"
TalkFile_202602스티커작업실적.pdf,15,2026-02,2026-02-09,0.0,29,광동진홍삼골드,100,100,5,500.0,Global_Health (싱가포르),True,"사용자 검수 완료 / 인원 미기재로 0 입력 / 원본 스티커 수량 공란, 계산값 입력"
TalkFile_202602스티커작업실적.pdf,15,2026-02,2026-02-09,0.0,30,광동복분자,100,100,5,500.0,Global_Health (싱가포르),True,"사용자 검수 완료 / 인원 미기재로 0 입력 / 원본 스티커 수량 공란, 계산값 입력"
TalkFile_202602스티커작업실적.pdf,16,2026-02,2026-02-09,0.0,31,광동진쌍화,100,100,4,400.0,Global_Health (싱가포르),True,"사용자 검수 완료 / 인원 미기재로 0 입력 / 원본 스티커 수량 공란, 계산값 입력"
TalkFile_202602스티커작업실적.pdf,16,2026-02,2026-02-09,0.0,32,광동돼지감자차,500,24,6,144.0,Global_Health (싱가포르),True,"사용자 검수 완료 / 인원 미기재로 0 입력 / 원본 스티커 수량 공란, 계산값 입력"
TalkFile_202602스티커작업실적.pdf,16,2026-02,2026-02-09,0.0,33,광동진한헛개차,1.5,12,100,1200.0,Global_Health (싱가포르),True,"사용자 검수 완료 / 인원 미기재로 0 입력 / 원본 스티커 수량 공란, 계산값 입력"
TalkFile_202602스티커작업실적.pdf,16,2026-02,2026-02-09,0.0,34,광동진한헛개차,500,20,150,3000.0,Global_Health (싱가포르),True,"사용자 검수 완료 / 인원 미기재로 0 입력 / 원본 스티커 수량 공란, 계산값 입력"
TalkFile_202602스티커작업실적.pdf,16,2026-02,2026-02-09,0.0,35,광동옥수수수염차,500,20,150,3000.0,Global_Health (싱가포르),True,"사용자 검수 완료 / 인원 미기재로 0 입력 / 원본 스티커 수량 공란, 계산값 입력"
TalkFile_202602스티커작업실적.pdf,17,2026-02,2026-02-06,10.0,1,자일리톨알파오리지널,86,24,50,1200.0,Global_Mart_Canada (캐나다),True,사용자 검수 완료
TalkFile_202602스티커작업실적.pdf,17,2026-02,2026-02-06,10.0,2,자일리톨알파알로에베라,86,24,10,240.0,Global_Mart_Canada (캐나다),True,사용자 검수 완료
TalkFile_202602스티커작업실적.pdf,17,2026-02,2026-02-06,10.0,3,자일리톨알파후레쉬,86,24,10,240.0,Global_Mart_Canada (캐나다),True,사용자 검수 완료
TalkFile_202602스티커작업실적.pdf,17,2026-02,2026-02-06,10.0,4,밀키스복숭아,250,30,110,3300.0,HanSang_Partners,True,사용자 검수 완료
TalkFile_202602스티커작업실적.pdf,17,2026-02,2026-02-06,10.0,5,밀키스(미주용),250,30,150,4500.0,HanSang_Partners,True,사용자 검수 완료
TalkFile_202602스티커작업실적.pdf,17,2026-02,2026-02-06,10.0,6,망고캔,240,30,76,2280.0,HanSang_Partners,True,사용자 검수 완료
TalkFile_202602스티커작업실적.pdf,17,2026-02,2026-02-06,10.0,7,칸타타카라멜마끼아또,230,50,40,2000.0,HanSang_Partners,True,사용자 검수 완료
TalkFile_202602스티커작업실적.pdf,17,2026-02,2026-02-06,10.0,8,환만식초,15,1,95,95.0,HanSang_Partners,True,사용자 검수 완료
TalkFile_202602스티커작업실적.pdf,17,2026-02,2026-02-06,10.0,9,2%복숭아,1.5,12,44,528.0,HanSang_Partners,True,사용자 검수 완료
TalkFile_202602스티커작업실적.pdf,17,2026-02,2026-02-06,10.0,10,밀키스,1.5,12,55,660.0,HanSang_Partners,True,사용자 검수 완료
TalkFile_202602스티커작업실적.pdf,17,2026-02,2026-02-06,10.0,11,밀키스,500,20,77,1540.0,HanSang_Partners,True,사용자 검수 완료
TalkFile_202602스티커작업실적.pdf,17,2026-02,2026-02-06,10.0,12,초가을우엉차,500,24,54,1296.0,HanSang_Partners,True,사용자 검수 완료
TalkFile_202602스티커작업실적.pdf,17,2026-02,2026-02-06,10.0,13,밀키스(캐나다용),250,30,180,5400.0,HanSang_Partners,True,사용자 검수 완료
TalkFile_202602스티커작업실적.pdf,17,2026-02,2026-02-06,10.0,14,밀키스제로,250,30,110,3300.0,HanSang_Partners,True,사용자 검수 완료
TalkFile_202602스티커작업실적.pdf,17,2026-02,2026-02-06,10.0,15,레츠비마일드,175,30,75,2250.0,HanSang_Partners,True,사용자 검수 완료
TalkFile_202602스티커작업실적.pdf,18,2026-02,2026-02-05,10.0,1,사브레,84,24,87,2088.0,Central_Asia_Logistics (몽골),True,사용자 검수 완료
TalkFile_202602스티커작업실적.pdf,18,2026-02,2026-02-05,10.0,2,롤리폴리,62,24,192,4608.0,Central_Asia_Logistics (몽골),True,사용자 검수 완료
TalkFile_202602스티커작업실적.pdf,18,2026-02,2026-02-05,10.0,3,아이비,58,24,54,1296.0,Central_Asia_Logistics (몽골),True,사용자 검수 완료
TalkFile_202602스티커작업실적.pdf,18,2026-02,2026-02-05,10.0,4,버터링딥초코,103,14,113,1582.0,Central_Asia_Logistics (몽골),True,사용자 검수 완료
TalkFile_202602스티커작업실적.pdf,18,2026-02,2026-02-05,10.0,5,버터링골드,194,12,92,1104.0,Central_Asia_Logistics (몽골),True,사용자 검수 완료
TalkFile_202602스티커작업실적.pdf,18,2026-02,2026-02-05,10.0,6,버터링골드,65,24,188,4512.0,Central_Asia_Logistics (몽골),True,사용자 검수 완료
TalkFile_202602스티커작업실적.pdf,18,2026-02,2026-02-05,10.0,7,에이스씬에스프레소,145,16,69,1104.0,Central_Asia_Logistics (몽골),True,사용자 검수 완료
TalkFile_202602스티커작업실적.pdf,18,2026-02,2026-02-05,10.0,8,에이스씬에스프레소,291,12,73,876.0,Central_Asia_Logistics (몽골),True,사용자 검수 완료
TalkFile_202602스티커작업실적.pdf,18,2026-02,2026-02-05,10.0,9,신쫄이레몬콜라맛,24,120,25,3000.0,캐나다 1739,True,사용자 검수 완료
TalkFile_202602스티커작업실적.pdf,18,2026-02,2026-02-05,10.0,10,캐나다용초코빼빼로,47,40,144,5760.0,캐나다 1739,True,사용자 검수 완료
TalkFile_202602스티커작업실적.pdf,18,2026-02,2026-02-05,10.0,11,캐나다용크런키빼빼로,39,40,216,8640.0,캐나다 1739,True,사용자 검수 완료
TalkFile_202602스티커작업실적.pdf,18,2026-02,2026-02-05,10.0,12,캐나다용초코쿠키빼빼로,32,40,144,5760.0,캐나다 1739,True,사용자 검수 완료
TalkFile_202602스티커작업실적.pdf,18,2026-02,2026-02-05,10.0,13,캐나다용화이트빼빼로,32,40,864,34560.0,캐나다 1739,True,사용자 검수 완료
TalkFile_202602스티커작업실적.pdf,18,2026-02,2026-02-05,10.0,14,캐나다용초코빼빼로,47,40,72,2880.0,1709,True,사용자 검수 완료
TalkFile_202602스티커작업실적.pdf,18,2026-02,2026-02-05,10.0,15,초코파이,336,8,80,640.0,Global_Mart_Canada (캐나다),True,사용자 검수 완료
TalkFile_202602스티커작업실적.pdf,18,2026-02,2026-02-05,10.0,16,칸쵸벌크,196,12,60,720.0,Global_Mart_Canada (캐나다),True,사용자 검수 완료
TalkFile_202602스티커작업실적.pdf,18,2026-02,2026-02-05,10.0,17,쌀로별,156,12,15,180.0,Global_Mart_Canada (캐나다),True,사용자 검수 완료
TalkFile_202602스티커작업실적.pdf,18,2026-02,2026-02-05,10.0,18,쌀로별,78,16,15,240.0,Global_Mart_Canada (캐나다),True,사용자 검수 완료
TalkFile_202602스티커작업실적.pdf,18,2026-02,2026-02-05,10.0,19,홈런볼소금우유,164,12,30,360.0,Global_Mart_Canada (캐나다),True,사용자 검수 완료
TalkFile_202602스티커작업실적.pdf,18,2026-02,2026-02-05,10.0,20,크런키빼빼로,39,40,50,2000.0,Global_Mart_Canada (캐나다),True,사용자 검수 완료
TalkFile_202602스티커작업실적.pdf,19,2026-02,2026-02-04,0.0,1,환만식초,1.8,9,185,1665.0,롯데 웰푸드,True,"사용자 검수 완료 / 인원 미기재로 0 입력 / 원본 스티커 수량 공란, 계산값 입력"
TalkFile_202602스티커작업실적.pdf,19,2026-02,2026-02-04,0.0,2,허니버터칩,60,16,150,2400.0,Global_Mart_Canada (캐나다),True,"사용자 검수 완료 / 인원 미기재로 0 입력 / 원본 스티커 수량 공란, 계산값 입력"
TalkFile_202602스티커작업실적.pdf,19,2026-02,2026-02-04,0.0,3,허니버터칩,120,10,150,1500.0,Global_Mart_Canada (캐나다),True,"사용자 검수 완료 / 인원 미기재로 0 입력 / 원본 스티커 수량 공란, 계산값 입력"
TalkFile_202602스티커작업실적.pdf,19,2026-02,2026-02-04,0.0,4,박카스,100,100,100,10000.0,Global_Mart_Canada (캐나다),True,"사용자 검수 완료 / 인원 미기재로 0 입력 / 원본 스티커 수량 공란, 계산값 입력"
TalkFile_202602스티커작업실적.pdf,19,2026-02,2026-02-04,0.0,5,버터링딥초코,155,10,100,1000.0,144,True,"사용자 검수 완료 / 인원 미기재로 0 입력 / 원본 스티커 수량 공란, 계산값 입력"
TalkFile_202602스티커작업실적.pdf,19,2026-02,2026-02-04,0.0,6,에이스바스크치즈,364,10,200,2000.0,020,True,"사용자 검수 완료 / 인원 미기재로 0 입력 / 원본 스티커 수량 공란, 계산값 입력"
TalkFile_202602스티커작업실적.pdf,19,2026-02,2026-02-04,0.0,7,구운감자,135,10,100,1000.0,020,True,"사용자 검수 완료 / 인원 미기재로 0 입력 / 원본 스티커 수량 공란, 계산값 입력"
TalkFile_202602스티커작업실적.pdf,19,2026-02,2026-02-04,0.0,8,버터링딥초코,155,10,150,1500.0,020,True,"사용자 검수 완료 / 인원 미기재로 0 입력 / 원본 스티커 수량 공란, 계산값 입력"
TalkFile_202602스티커작업실적.pdf,19,2026-02,2026-02-04,0.0,9,에이스,121,30,20,600.0,Global_Mart_Canada (캐나다),True,"사용자 검수 완료 / 인원 미기재로 0 입력 / 원본 스티커 수량 공란, 계산값 입력"
TalkFile_202602스티커작업실적.pdf,19,2026-02,2026-02-04,0.0,10,딸기웨하스,50,40,15,600.0,Global_Mart_Canada (캐나다),True,"사용자 검수 완료 / 인원 미기재로 0 입력 / 원본 스티커 수량 공란, 계산값 입력"
TalkFile_202602스티커작업실적.pdf,19,2026-02,2026-02-04,0.0,11,구운감자,27,30,20,600.0,Global_Mart_Canada (캐나다),True,"사용자 검수 완료 / 인원 미기재로 0 입력 / 원본 스티커 수량 공란, 계산값 입력"
TalkFile_202602스티커작업실적.pdf,19,2026-02,2026-02-04,0.0,12,콘칩,148,12,5,60.0,Global_Mart_Canada (캐나다),True,"사용자 검수 완료 / 인원 미기재로 0 입력 / 원본 스티커 수량 공란, 계산값 입력"
TalkFile_202602스티커작업실적.pdf,19,2026-02,2026-02-04,0.0,13,크림미니웨하스,150,15,10,150.0,Global_Mart_Canada (캐나다),True,"사용자 검수 완료 / 인원 미기재로 0 입력 / 원본 스티커 수량 공란, 계산값 입력"
TalkFile_202602스티커작업실적.pdf,19,2026-02,2026-02-04,0.0,14,버터링골드,65,24,20,480.0,Global_Mart_Canada (캐나다),True,"사용자 검수 완료 / 인원 미기재로 0 입력 / 원본 스티커 수량 공란, 계산값 입력"
TalkFile_202602스티커작업실적.pdf,19,2026-02,2026-02-04,0.0,15,크림웨하스,50,40,10,400.0,Global_Mart_Canada (캐나다),True,"사용자 검수 완료 / 인원 미기재로 0 입력 / 원본 스티커 수량 공란, 계산값 입력"
TalkFile_202602스티커작업실적.pdf,19,2026-02,2026-02-04,0.0,16,계란과자,45,20,20,400.0,Global_Mart_Canada (캐나다),True,"사용자 검수 완료 / 인원 미기재로 0 입력 / 원본 스티커 수량 공란, 계산값 입력"
TalkFile_202602스티커작업실적.pdf,19,2026-02,2026-02-04,0.0,17,미니자유시간,180,12,10,120.0,058,True,"사용자 검수 완료 / 인원 미기재로 0 입력 / 원본 스티커 수량 공란, 계산값 입력"
TalkFile_202602스티커작업실적.pdf,19,2026-02,2026-02-04,0.0,18,오사쯔,100,10,20,200.0,058,True,"사용자 검수 완료 / 인원 미기재로 0 입력 / 원본 스티커 수량 공란, 계산값 입력"
TalkFile_202602스티커작업실적.pdf,19,2026-02,2026-02-04,0.0,19,The빠새,100,10,30,300.0,058,True,"사용자 검수 완료 / 인원 미기재로 0 입력 / 원본 스티커 수량 공란, 계산값 입력"
TalkFile_202602스티커작업실적.pdf,19,2026-02,2026-02-04,0.0,20,자두,130,16,10,160.0,058,True,"사용자 검수 완료 / 인원 미기재로 0 입력 / 원본 스티커 수량 공란, 계산값 입력"
TalkFile_202602스티커작업실적.pdf,19,2026-02,2026-02-04,0.0,21,알사탕,126,16,10,160.0,058,True,"사용자 검수 완료 / 인원 미기재로 0 입력 / 원본 스티커 수량 공란, 계산값 입력"
TalkFile_202602스티커작업실적.pdf,19,2026-02,2026-02-04,0.0,22,구운고구마,135,10,20,200.0,058,True,"사용자 검수 완료 / 인원 미기재로 0 입력 / 원본 스티커 수량 공란, 계산값 입력"
TalkFile_202602스티커작업실적.pdf,19,2026-02,2026-02-04,0.0,23,구운감자,135,10,15,150.0,058,True,"사용자 검수 완료 / 인원 미기재로 0 입력 / 원본 스티커 수량 공란, 계산값 입력"
TalkFile_202602스티커작업실적.pdf,19,2026-02,2026-02-04,0.0,24,구운감자케이스,108,12,10,120.0,058,True,"사용자 검수 완료 / 인원 미기재로 0 입력 / 원본 스티커 수량 공란, 계산값 입력"
TalkFile_202602스티커작업실적.pdf,19,2026-02,2026-02-04,0.0,25,버터링골드,194,12,50,600.0,058,True,"사용자 검수 완료 / 인원 미기재로 0 입력 / 원본 스티커 수량 공란, 계산값 입력"
TalkFile_202602스티커작업실적.pdf,19,2026-02,2026-02-04,0.0,26,허니버터칩,60,16,100,1600.0,Global_Trading_H,True,"사용자 검수 완료 / 인원 미기재로 0 입력 / 원본 스티커 수량 공란, 계산값 입력"
TalkFile_202602스티커작업실적.pdf,19,2026-02,2026-02-04,0.0,27,칼로리바란스치즈,76,30,71,2130.0,Central_Asia_Logistics (몽골),True,"사용자 검수 완료 / 인원 미기재로 0 입력 / 원본 스티커 수량 공란, 계산값 입력"
TalkFile_202602스티커작업실적.pdf,19,2026-02,2026-02-04,0.0,28,초코픽,45,24,169,4056.0,Central_Asia_Logistics (몽골),True,"사용자 검수 완료 / 인원 미기재로 0 입력 / 원본 스티커 수량 공란, 계산값 입력"
TalkFile_202602스티커작업실적.pdf,19,2026-02,2026-02-04,0.0,29,사브레,252,12,92,1104.0,Central_Asia_Logistics (몽골),True,"사용자 검수 완료 / 인원 미기재로 0 입력 / 원본 스티커 수량 공란, 계산값 입력"
TalkFile_202602스티커작업실적.pdf,19,2026-02,2026-02-04,0.0,30,버터링딥초코,155,10,30,300.0,058,True,"사용자 검수 완료 / 인원 미기재로 0 입력 / 원본 스티커 수량 공란, 계산값 입력"
TalkFile_202602스티커작업실적.pdf,19,2026-02,2026-02-04,0.0,31,롤리폴리,196,10,99,990.0,Central_Asia_Logistics (몽골),True,"사용자 검수 완료 / 인원 미기재로 0 입력 / 원본 스티커 수량 공란, 계산값 입력"
TalkFile_202602스티커작업실적.pdf,20,2026-02,2026-02-03,0.0,1,레츠비마일드,175,30,299,8970.0,Global_Mart_Canada (캐나다),True,"사용자 검수 완료 / 인원 미기재로 0 입력 / 원본 스티커 수량 공란, 계산값 입력"
TalkFile_202602스티커작업실적.pdf,20,2026-02,2026-02-03,0.0,2,오리지널꽈배기,285,12,30,360.0,Global_Mart_Canada (캐나다),True,"사용자 검수 완료 / 인원 미기재로 0 입력 / 원본 스티커 수량 공란, 계산값 입력"
TalkFile_202602스티커작업실적.pdf,20,2026-02,2026-02-03,0.0,3,허니버터콰트로치즈맛,96,12,50,600.0,Global_Mart_Canada (캐나다),True,"사용자 검수 완료 / 인원 미기재로 0 입력 / 원본 스티커 수량 공란, 계산값 입력"
TalkFile_202602스티커작업실적.pdf,20,2026-02,2026-02-03,0.0,4,맛동산,341,8,15,120.0,Global_Mart_Canada (캐나다),True,"사용자 검수 완료 / 인원 미기재로 0 입력 / 원본 스티커 수량 공란, 계산값 입력"
TalkFile_202602스티커작업실적.pdf,20,2026-02,2026-02-03,0.0,5,오사쯔,60,16,15,240.0,Global_Mart_Canada (캐나다),True,"사용자 검수 완료 / 인원 미기재로 0 입력 / 원본 스티커 수량 공란, 계산값 입력"
TalkFile_202602스티커작업실적.pdf,20,2026-02,2026-02-03,0.0,6,칸츄리콘,150,10,20,200.0,Global_Mart_Canada (캐나다),True,"사용자 검수 완료 / 인원 미기재로 0 입력 / 원본 스티커 수량 공란, 계산값 입력"
TalkFile_202602스티커작업실적.pdf,20,2026-02,2026-02-03,0.0,7,The빠새,55,16,20,320.0,Global_Mart_Canada (캐나다),True,"사용자 검수 완료 / 인원 미기재로 0 입력 / 원본 스티커 수량 공란, 계산값 입력"
TalkFile_202602스티커작업실적.pdf,20,2026-02,2026-02-03,0.0,8,에이스씬에스프레소,291,12,30,360.0,Global_Mart_Canada (캐나다),True,"사용자 검수 완료 / 인원 미기재로 0 입력 / 원본 스티커 수량 공란, 계산값 입력"
TalkFile_202602스티커작업실적.pdf,20,2026-02,2026-02-03,0.0,9,후렌치파이딸기,192,12,20,240.0,Global_Mart_Canada (캐나다),True,"사용자 검수 완료 / 인원 미기재로 0 입력 / 원본 스티커 수량 공란, 계산값 입력"
TalkFile_202602스티커작업실적.pdf,20,2026-02,2026-02-03,0.0,10,신짱,245,12,20,240.0,Global_Mart_Canada (캐나다),True,"사용자 검수 완료 / 인원 미기재로 0 입력 / 원본 스티커 수량 공란, 계산값 입력"
TalkFile_202602스티커작업실적.pdf,20,2026-02,2026-02-03,0.0,11,칸타빌레스위트아메리카노,230,50,40,2000.0,Global_Mart_Canada (캐나다),True,"사용자 검수 완료 / 인원 미기재로 0 입력 / 원본 스티커 수량 공란, 계산값 입력"
TalkFile_202602스티커작업실적.pdf,20,2026-02,2026-02-03,0.0,12,칸타빌레스청포도에이드,230,50,40,2000.0,Global_Mart_Canada (캐나다),True,"사용자 검수 완료 / 인원 미기재로 0 입력 / 원본 스티커 수량 공란, 계산값 입력"
TalkFile_202602스티커작업실적.pdf,20,2026-02,2026-02-03,0.0,13,칸타빌레스사과에이드,230,50,40,2000.0,Global_Mart_Canada (캐나다),True,"사용자 검수 완료 / 인원 미기재로 0 입력 / 원본 스티커 수량 공란, 계산값 입력"
TalkFile_202602스티커작업실적.pdf,20,2026-02,2026-02-03,0.0,14,칸타빌레스오렌지에이드,230,50,40,2000.0,Global_Mart_Canada (캐나다),True,"사용자 검수 완료 / 인원 미기재로 0 입력 / 원본 스티커 수량 공란, 계산값 입력"
TalkFile_202602스티커작업실적.pdf,20,2026-02,2026-02-03,0.0,15,칸타빌레스복숭아에이드,230,50,40,2000.0,Global_Mart_Canada (캐나다),True,"사용자 검수 완료 / 인원 미기재로 0 입력 / 원본 스티커 수량 공란, 계산값 입력"
TalkFile_202602스티커작업실적.pdf,20,2026-02,2026-02-03,0.0,16,칸타빌레스바닐라향아메리카노,230,50,40,2000.0,Global_Mart_Canada (캐나다),True,"사용자 검수 완료 / 인원 미기재로 0 입력 / 원본 스티커 수량 공란, 계산값 입력"
TalkFile_202602스티커작업실적.pdf,20,2026-02,2026-02-03,0.0,17,칸타빌레스블랙아메리카노,230,50,40,2000.0,Global_Mart_Canada (캐나다),True,"사용자 검수 완료 / 인원 미기재로 0 입력 / 원본 스티커 수량 공란, 계산값 입력"
TalkFile_202602스티커작업실적.pdf,20,2026-02,2026-02-03,0.0,18,칸타빌레스더블망고에이드,230,50,40,2000.0,Global_Mart_Canada (캐나다),True,"사용자 검수 완료 / 인원 미기재로 0 입력 / 원본 스티커 수량 공란, 계산값 입력"
TalkFile_202602스티커작업실적.pdf,20,2026-02,2026-02-03,0.0,19,칸타빌레스딸기에이드,230,50,40,2000.0,Global_Mart_Canada (캐나다),True,"사용자 검수 완료 / 인원 미기재로 0 입력 / 원본 스티커 수량 공란, 계산값 입력"
TalkFile_202602스티커작업실적.pdf,20,2026-02,2026-02-03,0.0,20,환만사과식초,1.8,9,225,2025.0,롯데 웰푸드,True,"사용자 검수 완료 / 인원 미기재로 0 입력 / 원본 스티커 수량 공란, 계산값 입력"
TalkFile_202602스티커작업실적.pdf,20,2026-02,2026-02-03,0.0,21,환만식초,1.8,9,175,1575.0,롯데 웰푸드,True,"사용자 검수 완료 / 인원 미기재로 0 입력 / 원본 스티커 수량 공란, 계산값 입력"
TalkFile_202602스티커작업실적.pdf,21,2026-02,2026-02-02,0.0,1,허니버터메이플,60,16,100,1600.0,072,True,"사용자 검수 완료 / 인원 미기재로 0 입력 / 원본 스티커 수량 공란, 계산값 입력"
TalkFile_202602스티커작업실적.pdf,21,2026-02,2026-02-02,0.0,2,버터링딥초코,155,10,100,1000.0,071,True,"사용자 검수 완료 / 인원 미기재로 0 입력 / 원본 스티커 수량 공란, 계산값 입력"
TalkFile_202602스티커작업실적.pdf,21,2026-02,2026-02-02,0.0,3,롤리폴리,196,10,100,1000.0,071,True,"사용자 검수 완료 / 인원 미기재로 0 입력 / 원본 스티커 수량 공란, 계산값 입력"
TalkFile_202602스티커작업실적.pdf,21,2026-02,2026-02-02,0.0,4,오사쯔,100,10,450,4500.0,071,True,"사용자 검수 완료 / 인원 미기재로 0 입력 / 원본 스티커 수량 공란, 계산값 입력"
TalkFile_202602스티커작업실적.pdf,21,2026-02,2026-02-02,0.0,5,허니버터메이플,60,16,543,8688.0,071,True,"사용자 검수 완료 / 인원 미기재로 0 입력 / 원본 스티커 수량 공란, 계산값 입력"
TalkFile_202602스티커작업실적.pdf,21,2026-02,2026-02-02,0.0,6,데미소다피치,250x6,30,40,1200.0,팔라마,True,"사용자 검수 완료 / 인원 미기재로 0 입력 / 원본 스티커 수량 공란, 계산값 입력"
TalkFile_202602스티커작업실적.pdf,21,2026-02,2026-02-02,0.0,7,오란씨오렌지,250x6,30,20,600.0,팔라마,True,"사용자 검수 완료 / 인원 미기재로 0 입력 / 원본 스티커 수량 공란, 계산값 입력"
TalkFile_202602스티커작업실적.pdf,21,2026-02,2026-02-02,0.0,8,포카리스웨트,240,30,20,600.0,팔라마,True,"사용자 검수 완료 / 인원 미기재로 0 입력 / 원본 스티커 수량 공란, 계산값 입력"
TalkFile_202602스티커작업실적.pdf,21,2026-02,2026-02-02,0.0,9,데미소다애플,250x6,30,40,1200.0,팔라마,True,"사용자 검수 완료 / 인원 미기재로 0 입력 / 원본 스티커 수량 공란, 계산값 입력"
TalkFile_202602스티커작업실적.pdf,21,2026-02,2026-02-02,0.0,10,칠성사이다,1.5,12,55,660.0,Global_Mart_Canada (캐나다),True,"사용자 검수 완료 / 인원 미기재로 0 입력 / 원본 스티커 수량 공란, 계산값 입력"
TalkFile_202602스티커작업실적.pdf,21,2026-02,2026-02-02,0.0,11,웰치스적포도,355,24,250,6000.0,Global_Mart_Canada (캐나다),True,"사용자 검수 완료 / 인원 미기재로 0 입력 / 원본 스티커 수량 공란, 계산값 입력"
TalkFile_202602스티커작업실적.pdf,21,2026-02,2026-02-02,0.0,12,웰치스딸기맛,355,24,100,2400.0,Global_Mart_Canada (캐나다),True,"사용자 검수 완료 / 인원 미기재로 0 입력 / 원본 스티커 수량 공란, 계산값 입력"
TalkFile_202602스티커작업실적.pdf,21,2026-02,2026-02-02,0.0,13,레츠비모카라떼,175,30,41,1230.0,Global_Mart_Canada (캐나다),True,"사용자 검수 완료 / 인원 미기재로 0 입력 / 원본 스티커 수량 공란, 계산값 입력"
TalkFile_202601스티커작업실적.pdf,1,2026-01,2026-01-30,0.0,1,허니버터프로마쥬블랑,60,16,13,208.0,Distributor_007 (캐나다),True,"사용자 검수 완료 / 인원 미기재로 0 입력 / 원본 스티커 수량 공란, 계산값 입력"
TalkFile_202601스티커작업실적.pdf,1,2026-01,2026-01-30,0.0,2,허니버터칩,60,16,500,8000.0,Distributor_007 (캐나다),True,"사용자 검수 완료 / 인원 미기재로 0 입력 / 원본 스티커 수량 공란, 계산값 입력"
TalkFile_202601스티커작업실적.pdf,1,2026-01,2026-01-30,0.0,3,샌드에이스우유크림,204,12,244,2928.0,072,True,"사용자 검수 완료 / 인원 미기재로 0 입력 / 원본 스티커 수량 공란, 계산값 입력"
TalkFile_202601스티커작업실적.pdf,1,2026-01,2026-01-30,0.0,4,구운감자케이스,108,12,100,1200.0,072,True,"사용자 검수 완료 / 인원 미기재로 0 입력 / 원본 스티커 수량 공란, 계산값 입력"
TalkFile_202601스티커작업실적.pdf,1,2026-01,2026-01-30,0.0,5,구운감자슬림,80,24,50,1200.0,072,True,"사용자 검수 완료 / 인원 미기재로 0 입력 / 원본 스티커 수량 공란, 계산값 입력"
TalkFile_202601스티커작업실적.pdf,1,2026-01,2026-01-30,0.0,6,구운감자슬림,240,12,112,1344.0,072,True,"사용자 검수 완료 / 인원 미기재로 0 입력 / 원본 스티커 수량 공란, 계산값 입력"
TalkFile_202601스티커작업실적.pdf,1,2026-01,2026-01-30,0.0,7,사브레,252,12,100,1200.0,072,True,"사용자 검수 완료 / 인원 미기재로 0 입력 / 원본 스티커 수량 공란, 계산값 입력"
TalkFile_202601스티커작업실적.pdf,1,2026-01,2026-01-30,0.0,8,크림웨하스,50,40,150,6000.0,072,True,"사용자 검수 완료 / 인원 미기재로 0 입력 / 원본 스티커 수량 공란, 계산값 입력"
TalkFile_202601스티커작업실적.pdf,1,2026-01,2026-01-30,0.0,9,딸기웨하스,50,40,100,4000.0,072,True,"사용자 검수 완료 / 인원 미기재로 0 입력 / 원본 스티커 수량 공란, 계산값 입력"
TalkFile_202601스티커작업실적.pdf,1,2026-01,2026-01-30,0.0,10,연양갱10팩,500,10,150,1500.0,072,True,"사용자 검수 완료 / 인원 미기재로 0 입력 / 원본 스티커 수량 공란, 계산값 입력"
TalkFile_202601스티커작업실적.pdf,1,2026-01,2026-01-30,0.0,11,초코픽,45,24,100,2400.0,072,True,"사용자 검수 완료 / 인원 미기재로 0 입력 / 원본 스티커 수량 공란, 계산값 입력"
TalkFile_202601스티커작업실적.pdf,1,2026-01,2026-01-30,0.0,12,얼려먹는초코만들기,38,24,50,1200.0,072,True,"사용자 검수 완료 / 인원 미기재로 0 입력 / 원본 스티커 수량 공란, 계산값 입력"
TalkFile_202601스티커작업실적.pdf,1,2026-01,2026-01-30,0.0,13,허니버터메이플,60,16,40,640.0,072,True,"사용자 검수 완료 / 인원 미기재로 0 입력 / 원본 스티커 수량 공란, 계산값 입력"
TalkFile_202601스티커작업실적.pdf,2,2026-01,2026-01-29,0.0,1,크림웨하스,50,40,40,1600.0,Distributor_007 (캐나다),True,"사용자 검수 완료 / 인원 미기재로 0 입력 / 원본 스티커 수량 공란, 계산값 입력"
TalkFile_202601스티커작업실적.pdf,2,2026-01,2026-01-29,0.0,2,딸기웨하스,50,40,40,1600.0,Distributor_007 (캐나다),True,"사용자 검수 완료 / 인원 미기재로 0 입력 / 원본 스티커 수량 공란, 계산값 입력"
TalkFile_202601스티커작업실적.pdf,2,2026-01,2026-01-29,0.0,3,자가비짭짤한맛,90,12,20,240.0,Distributor_007 (캐나다),True,"사용자 검수 완료 / 인원 미기재로 0 입력 / 원본 스티커 수량 공란, 계산값 입력"
TalkFile_202601스티커작업실적.pdf,2,2026-01,2026-01-29,0.0,4,신당동떡볶이,110,16,20,320.0,Distributor_007 (캐나다),True,"사용자 검수 완료 / 인원 미기재로 0 입력 / 원본 스티커 수량 공란, 계산값 입력"
TalkFile_202601스티커작업실적.pdf,2,2026-01,2026-01-29,0.0,5,얼려먹는초코만들기,36,24,10,240.0,Distributor_007 (캐나다),True,"사용자 검수 완료 / 인원 미기재로 0 입력 / 원본 스티커 수량 공란, 계산값 입력"
TalkFile_202601스티커작업실적.pdf,2,2026-01,2026-01-29,0.0,6,화이트엔젤미니팝핑스타,138,12,20,240.0,Distributor_007 (캐나다),True,"사용자 검수 완료 / 인원 미기재로 0 입력 / 원본 스티커 수량 공란, 계산값 입력"
TalkFile_202601스티커작업실적.pdf,2,2026-01,2026-01-29,0.0,7,화이트엔젤큐티슈,27,36,20,720.0,Distributor_007 (캐나다),True,"사용자 검수 완료 / 인원 미기재로 0 입력 / 원본 스티커 수량 공란, 계산값 입력"
TalkFile_202601스티커작업실적.pdf,2,2026-01,2026-01-29,0.0,8,NEW칸츄리콘,90,16,20,320.0,Distributor_007 (캐나다),True,"사용자 검수 완료 / 인원 미기재로 0 입력 / 원본 스티커 수량 공란, 계산값 입력"
TalkFile_202601스티커작업실적.pdf,2,2026-01,2026-01-29,0.0,9,허니버터콰트로치즈맛,96,12,10,120.0,Distributor_007 (캐나다),True,"사용자 검수 완료 / 인원 미기재로 0 입력 / 원본 스티커 수량 공란, 계산값 입력"
TalkFile_202601스티커작업실적.pdf,2,2026-01,2026-01-29,0.0,10,오사쯔,100,10,20,200.0,Distributor_007 (캐나다),True,"사용자 검수 완료 / 인원 미기재로 0 입력 / 원본 스티커 수량 공란, 계산값 입력"
TalkFile_202601스티커작업실적.pdf,2,2026-01,2026-01-29,0.0,11,오사쯔,60,16,20,320.0,Distributor_007 (캐나다),True,"사용자 검수 완료 / 인원 미기재로 0 입력 / 원본 스티커 수량 공란, 계산값 입력"
TalkFile_202601스티커작업실적.pdf,2,2026-01,2026-01-29,0.0,12,The빠새,100,10,50,500.0,Distributor_007 (캐나다),True,"사용자 검수 완료 / 인원 미기재로 0 입력 / 원본 스티커 수량 공란, 계산값 입력"
TalkFile_202601스티커작업실적.pdf,2,2026-01,2026-01-29,0.0,13,The빠새,55,16,30,480.0,Distributor_007 (캐나다),True,"사용자 검수 완료 / 인원 미기재로 0 입력 / 원본 스티커 수량 공란, 계산값 입력"
TalkFile_202601스티커작업실적.pdf,2,2026-01,2026-01-29,0.0,14,초코픽,45,24,10,240.0,Distributor_007 (캐나다),True,"사용자 검수 완료 / 인원 미기재로 0 입력 / 원본 스티커 수량 공란, 계산값 입력"
TalkFile_202601스티커작업실적.pdf,2,2026-01,2026-01-29,0.0,15,자두,130,16,5,80.0,Distributor_007 (캐나다),True,"사용자 검수 완료 / 인원 미기재로 0 입력 / 원본 스티커 수량 공란, 계산값 입력"
TalkFile_202601스티커작업실적.pdf,2,2026-01,2026-01-29,0.0,16,신쫄이사과맛,24,120,5,600.0,Distributor_007 (캐나다),True,"사용자 검수 완료 / 인원 미기재로 0 입력 / 원본 스티커 수량 공란, 계산값 입력"
TalkFile_202601스티커작업실적.pdf,2,2026-01,2026-01-29,0.0,17,신쫄이딸기맛,24,120,5,600.0,Distributor_007 (캐나다),True,"사용자 검수 완료 / 인원 미기재로 0 입력 / 원본 스티커 수량 공란, 계산값 입력"
TalkFile_202601스티커작업실적.pdf,2,2026-01,2026-01-29,0.0,18,신쫄이레몬콜라맛,24,120,5,600.0,Distributor_007 (캐나다),True,"사용자 검수 완료 / 인원 미기재로 0 입력 / 원본 스티커 수량 공란, 계산값 입력"
TalkFile_202601스티커작업실적.pdf,2,2026-01,2026-01-29,0.0,19,신쫄이미니레몬콜라맛,52,32,5,160.0,Distributor_007 (캐나다),True,"사용자 검수 완료 / 인원 미기재로 0 입력 / 원본 스티커 수량 공란, 계산값 입력"
TalkFile_202601스티커작업실적.pdf,2,2026-01,2026-01-29,0.0,20,연양갱10팩,500,10,10,100.0,Distributor_007 (캐나다),True,"사용자 검수 완료 / 인원 미기재로 0 입력 / 원본 스티커 수량 공란, 계산값 입력"
TalkFile_202601스티커작업실적.pdf,2,2026-01,2026-01-29,0.0,21,연양갱,55,80,10,800.0,Distributor_007 (캐나다),True,"사용자 검수 완료 / 인원 미기재로 0 입력 / 원본 스티커 수량 공란, 계산값 입력"
TalkFile_202601스티커작업실적.pdf,2,2026-01,2026-01-29,0.0,22,롤리폴리,62,24,10,240.0,Distributor_007 (캐나다),True,"사용자 검수 완료 / 인원 미기재로 0 입력 / 원본 스티커 수량 공란, 계산값 입력"
TalkFile_202601스티커작업실적.pdf,2,2026-01,2026-01-29,0.0,23,아이비,155,20,10,200.0,Distributor_007 (캐나다),True,"사용자 검수 완료 / 인원 미기재로 0 입력 / 원본 스티커 수량 공란, 계산값 입력"
TalkFile_202601스티커작업실적.pdf,2,2026-01,2026-01-29,0.0,24,사브레,252,12,20,240.0,Distributor_007 (캐나다),True,"사용자 검수 완료 / 인원 미기재로 0 입력 / 원본 스티커 수량 공란, 계산값 입력"
TalkFile_202601스티커작업실적.pdf,2,2026-01,2026-01-29,0.0,25,구운고구마,135,10,20,200.0,Distributor_007 (캐나다),True,"사용자 검수 완료 / 인원 미기재로 0 입력 / 원본 스티커 수량 공란, 계산값 입력"
TalkFile_202601스티커작업실적.pdf,2,2026-01,2026-01-29,0.0,26,구운고구마,108,12,30,360.0,Distributor_007 (캐나다),True,"사용자 검수 완료 / 인원 미기재로 0 입력 / 원본 스티커 수량 공란, 계산값 입력"
TalkFile_202601스티커작업실적.pdf,2,2026-01,2026-01-29,0.0,27,구운감자,135,10,30,300.0,Distributor_007 (캐나다),True,"사용자 검수 완료 / 인원 미기재로 0 입력 / 원본 스티커 수량 공란, 계산값 입력"
TalkFile_202601스티커작업실적.pdf,2,2026-01,2026-01-29,0.0,28,구운감자케이스,108,12,30,360.0,Distributor_007 (캐나다),True,"사용자 검수 완료 / 인원 미기재로 0 입력 / 원본 스티커 수량 공란, 계산값 입력"
TalkFile_202601스티커작업실적.pdf,2,2026-01,2026-01-29,0.0,29,버터링골드,194,12,80,960.0,Distributor_007 (캐나다),True,"사용자 검수 완료 / 인원 미기재로 0 입력 / 원본 스티커 수량 공란, 계산값 입력"
TalkFile_202601스티커작업실적.pdf,2,2026-01,2026-01-29,0.0,30,버터링골드,65,24,20,480.0,Distributor_007 (캐나다),True,"사용자 검수 완료 / 인원 미기재로 0 입력 / 원본 스티커 수량 공란, 계산값 입력"
TalkFile_202601스티커작업실적.pdf,3,2026-01,2026-01-29,0.0,31,자두젤리,64,32,10,320.0,Distributor_007 (캐나다),True,"사용자 검수 완료 / 인원 미기재로 0 입력 / 원본 스티커 수량 공란, 계산값 입력 / Page 3 연속 구간"
TalkFile_202601스티커작업실적.pdf,3,2026-01,2026-01-29,0.0,32,후렌치파이사과,192,12,50,600.0,Distributor_007 (캐나다),True,"사용자 검수 완료 / 인원 미기재로 0 입력 / 원본 스티커 수량 공란, 계산값 입력 / Page 3 연속 구간"
TalkFile_202601스티커작업실적.pdf,3,2026-01,2026-01-29,0.0,33,후렌치파이딸기,192,12,50,600.0,Distributor_007 (캐나다),True,"사용자 검수 완료 / 인원 미기재로 0 입력 / 원본 스티커 수량 공란, 계산값 입력 / Page 3 연속 구간"
TalkFile_202601스티커작업실적.pdf,3,2026-01,2026-01-29,0.0,34,에이스씬에스프레소,145,16,10,160.0,Distributor_007 (캐나다),True,"사용자 검수 완료 / 인원 미기재로 0 입력 / 원본 스티커 수량 공란, 계산값 입력 / Page 3 연속 구간"
TalkFile_202601스티커작업실적.pdf,3,2026-01,2026-01-29,0.0,35,에이스,364,10,200,2000.0,Distributor_007 (캐나다),True,"사용자 검수 완료 / 인원 미기재로 0 입력 / 원본 스티커 수량 공란, 계산값 입력 / Page 3 연속 구간"
TalkFile_202601스티커작업실적.pdf,3,2026-01,2026-01-29,0.0,36,에이스,121,30,100,3000.0,Distributor_007 (캐나다),True,"사용자 검수 완료 / 인원 미기재로 0 입력 / 원본 스티커 수량 공란, 계산값 입력 / Page 3 연속 구간"
TalkFile_202601스티커작업실적.pdf,3,2026-01,2026-01-29,0.0,37,오예스쿠키앤크림,360,10,20,200.0,Distributor_007 (캐나다),True,"사용자 검수 완료 / 인원 미기재로 0 입력 / 원본 스티커 수량 공란, 계산값 입력 / Page 3 연속 구간"
TalkFile_202601스티커작업실적.pdf,3,2026-01,2026-01-29,0.0,38,오예스미니,192,12,30,360.0,Distributor_007 (캐나다),True,"사용자 검수 완료 / 인원 미기재로 0 입력 / 원본 스티커 수량 공란, 계산값 입력 / Page 3 연속 구간"
TalkFile_202601스티커작업실적.pdf,3,2026-01,2026-01-29,0.0,39,홈런볼초코,46,30,20,600.0,Distributor_007 (캐나다),True,"사용자 검수 완료 / 인원 미기재로 0 입력 / 원본 스티커 수량 공란, 계산값 입력 / Page 3 연속 구간"
TalkFile_202601스티커작업실적.pdf,3,2026-01,2026-01-29,0.0,40,홈런볼초코지컵,51,24,10,240.0,Distributor_007 (캐나다),True,"사용자 검수 완료 / 인원 미기재로 0 입력 / 원본 스티커 수량 공란, 계산값 입력 / Page 3 연속 구간"
TalkFile_202601스티커작업실적.pdf,3,2026-01,2026-01-29,0.0,41,허니버터메이플,60,16,40,640.0,Distributor_007 (캐나다),True,"사용자 검수 완료 / 인원 미기재로 0 입력 / 원본 스티커 수량 공란, 계산값 입력 / Page 3 연속 구간"
TalkFile_202601스티커작업실적.pdf,3,2026-01,2026-01-29,0.0,42,허니버터프로마쥬블랑,60,16,25,400.0,Distributor_007 (캐나다),True,"사용자 검수 완료 / 인원 미기재로 0 입력 / 원본 스티커 수량 공란, 계산값 입력 / Page 3 연속 구간"
TalkFile_202601스티커작업실적.pdf,4,2026-01,2026-01-28,0.0,1,스노위아몬드빼빼로,32,40,460,18400.0,캐나다 1543,True,"사용자 검수 완료 / 인원 미기재로 0 입력 / 원본 스티커 수량 공란, 계산값 입력"
TalkFile_202601스티커작업실적.pdf,4,2026-01,2026-01-28,0.0,2,홈런볼소금우유,49,30,50,1500.0,143,True,"사용자 검수 완료 / 인원 미기재로 0 입력 / 원본 스티커 수량 공란, 계산값 입력"
TalkFile_202601스티커작업실적.pdf,4,2026-01,2026-01-28,0.0,3,고향만두김치,450,12,25,300.0,Global_Mart_Canada (캐나다),True,"사용자 검수 완료 / 인원 미기재로 0 입력 / 원본 스티커 수량 공란, 계산값 입력"
TalkFile_202601스티커작업실적.pdf,4,2026-01,2026-01-28,0.0,4,고향만두잡채,450,12,25,300.0,Global_Mart_Canada (캐나다),True,"사용자 검수 완료 / 인원 미기재로 0 입력 / 원본 스티커 수량 공란, 계산값 입력"
TalkFile_202601스티커작업실적.pdf,4,2026-01,2026-01-28,0.0,5,고향찹쌀왕만두피,360,18,20,360.0,Global_Mart_Canada (캐나다),True,"사용자 검수 완료 / 인원 미기재로 0 입력 / 원본 스티커 수량 공란, 계산값 입력"
TalkFile_202601스티커작업실적.pdf,4,2026-01,2026-01-28,0.0,6,고향찹쌀만두피,260,24,12,288.0,Global_Mart_Canada (캐나다),True,"사용자 검수 완료 / 인원 미기재로 0 입력 / 원본 스티커 수량 공란, 계산값 입력"
TalkFile_202601스티커작업실적.pdf,4,2026-01,2026-01-28,0.0,7,에이스바스크치즈,364,10,160,1600.0,L58,True,"사용자 검수 완료 / 인원 미기재로 0 입력 / 원본 스티커 수량 공란, 계산값 입력"
TalkFile_202601스티커작업실적.pdf,4,2026-01,2026-01-28,0.0,8,버터링딥초코,155,10,20,200.0,L58,True,"사용자 검수 완료 / 인원 미기재로 0 입력 / 원본 스티커 수량 공란, 계산값 입력"
TalkFile_202601스티커작업실적.pdf,4,2026-01,2026-01-28,0.0,9,구운감자,27,30,10,300.0,L58,True,"사용자 검수 완료 / 인원 미기재로 0 입력 / 원본 스티커 수량 공란, 계산값 입력"
TalkFile_202601스티커작업실적.pdf,4,2026-01,2026-01-28,0.0,10,구운감자케이스,108,12,20,240.0,L58,True,"사용자 검수 완료 / 인원 미기재로 0 입력 / 원본 스티커 수량 공란, 계산값 입력"
TalkFile_202601스티커작업실적.pdf,4,2026-01,2026-01-28,0.0,11,구운감자,135,10,20,200.0,L58,True,"사용자 검수 완료 / 인원 미기재로 0 입력 / 원본 스티커 수량 공란, 계산값 입력"
TalkFile_202601스티커작업실적.pdf,4,2026-01,2026-01-28,0.0,12,사브레,252,12,50,600.0,L58,True,"사용자 검수 완료 / 인원 미기재로 0 입력 / 원본 스티커 수량 공란, 계산값 입력"
TalkFile_202601스티커작업실적.pdf,4,2026-01,2026-01-28,0.0,13,오사쯔,100,10,20,200.0,L58,True,"사용자 검수 완료 / 인원 미기재로 0 입력 / 원본 스티커 수량 공란, 계산값 입력"
TalkFile_202601스티커작업실적.pdf,4,2026-01,2026-01-28,0.0,14,사브레,252,12,40,480.0,L70,True,"사용자 검수 완료 / 인원 미기재로 0 입력 / 원본 스티커 수량 공란, 계산값 입력"
TalkFile_202601스티커작업실적.pdf,4,2026-01,2026-01-28,0.0,15,오예스,360,10,119,1190.0,Distributor_007 (캐나다),True,"사용자 검수 완료 / 인원 미기재로 0 입력 / 원본 스티커 수량 공란, 계산값 입력"
TalkFile_202601스티커작업실적.pdf,4,2026-01,2026-01-28,0.0,16,홈런볼초코벌크,128,12,300,3600.0,Distributor_007 (캐나다),True,"사용자 검수 완료 / 인원 미기재로 0 입력 / 원본 스티커 수량 공란, 계산값 입력"
TalkFile_202601스티커작업실적.pdf,5,2026-01,2026-01-27,9.0,1,크런키빼빼로빅팩,312,6,54,324.0,캐나다 1740,True,사용자 검수 완료
TalkFile_202601스티커작업실적.pdf,5,2026-01,2026-01-27,9.0,2,국화빵멀티,750,6,200,1200.0,Global_Trading_H,True,사용자 검수 완료
TalkFile_202601스티커작업실적.pdf,5,2026-01,2026-01-27,9.0,3,국화빵멀티,750,6,300,1800.0,Global_Trading_H,True,사용자 검수 완료
TalkFile_202601스티커작업실적.pdf,5,2026-01,2026-01-27,9.0,4,닭다리너겟,130,12,20,240.0,팔라마,True,사용자 검수 완료
TalkFile_202601스티커작업실적.pdf,5,2026-01,2026-01-27,9.0,5,닭다리핫숯불바베큐,66,20,20,400.0,팔라마,True,사용자 검수 완료
TalkFile_202601스티커작업실적.pdf,5,2026-01,2026-01-27,9.0,6,닭다리후라이드,66,20,20,400.0,팔라마,True,사용자 검수 완료
TalkFile_202601스티커작업실적.pdf,5,2026-01,2026-01-27,9.0,7,양파깡,83,20,20,400.0,팔라마,True,사용자 검수 완료
TalkFile_202601스티커작업실적.pdf,5,2026-01,2026-01-27,9.0,8,오리지널꽈배기,285,12,20,240.0,팔라마,True,사용자 검수 완료
TalkFile_202601스티커작업실적.pdf,5,2026-01,2026-01-27,9.0,9,떳다왕짱,220,16,20,320.0,팔라마,True,사용자 검수 완료
TalkFile_202601스티커작업실적.pdf,5,2026-01,2026-01-27,9.0,10,떳다떡볶이스낵,105,24,13,312.0,팔라마,True,사용자 검수 완료
TalkFile_202601스티커작업실적.pdf,5,2026-01,2026-01-27,9.0,11,쌀대롱,280,12,20,240.0,팔라마,True,사용자 검수 완료
TalkFile_202601스티커작업실적.pdf,5,2026-01,2026-01-27,9.0,12,맛동산,90,20,40,800.0,팔라마,True,사용자 검수 완료
TalkFile_202601스티커작업실적.pdf,5,2026-01,2026-01-27,9.0,13,꼬깔콘군옥수수,67,12,60,720.0,팔라마,True,사용자 검수 완료
TalkFile_202601스티커작업실적.pdf,5,2026-01,2026-01-27,9.0,14,꼬깔콘고소한맛,67,12,60,720.0,팔라마,True,사용자 검수 완료
TalkFile_202601스티커작업실적.pdf,5,2026-01,2026-01-27,9.0,15,꼬깔콘매콤달콤,67,12,60,720.0,팔라마,True,사용자 검수 완료
TalkFile_202601스티커작업실적.pdf,5,2026-01,2026-01-27,9.0,16,쌀로별,78,16,30,480.0,팔라마,True,사용자 검수 완료
TalkFile_202601스티커작업실적.pdf,5,2026-01,2026-01-27,9.0,17,마가렛트,176,12,20,240.0,팔라마,True,사용자 검수 완료
TalkFile_202601스티커작업실적.pdf,5,2026-01,2026-01-27,9.0,18,핫케잌가루,500,20,10,200.0,팔라마,True,사용자 검수 완료
TalkFile_202601스티커작업실적.pdf,5,2026-01,2026-01-27,9.0,19,붕어빵믹스,1KG,10,10,100.0,팔라마,True,사용자 검수 완료
TalkFile_202601스티커작업실적.pdf,5,2026-01,2026-01-27,9.0,20,오란씨오렌지,1.5,12,20,240.0,팔라마,True,사용자 검수 완료
TalkFile_202601스티커작업실적.pdf,5,2026-01,2026-01-27,9.0,21,포카리스웨트,1.5,12,40,480.0,팔라마,True,사용자 검수 완료
TalkFile_202601스티커작업실적.pdf,5,2026-01,2026-01-27,9.0,22,데미소다청포도,250x6,30,40,1200.0,팔라마,True,사용자 검수 완료
TalkFile_202601스티커작업실적.pdf,5,2026-01,2026-01-27,9.0,23,오라떼피치,240,30,20,600.0,팔라마,True,사용자 검수 완료
TalkFile_202601스티커작업실적.pdf,5,2026-01,2026-01-27,9.0,24,오라떼애플,240,30,20,600.0,팔라마,True,사용자 검수 완료
TalkFile_202601스티커작업실적.pdf,5,2026-01,2026-01-27,9.0,25,롤리폴리,62,24,100,2400.0,080,True,사용자 검수 완료
TalkFile_202601스티커작업실적.pdf,5,2026-01,2026-01-27,9.0,26,사브레초코크렘,204,12,70,840.0,080,True,사용자 검수 완료
TalkFile_202601스티커작업실적.pdf,5,2026-01,2026-01-27,9.0,27,홈런볼소금우유,49,30,100,3000.0,080,True,사용자 검수 완료
TalkFile_202601스티커작업실적.pdf,5,2026-01,2026-01-27,9.0,28,구운고구마,108,12,50,600.0,080,True,사용자 검수 완료
TalkFile_202601스티커작업실적.pdf,5,2026-01,2026-01-27,9.0,29,구운고구마,27,30,70,2100.0,080,True,사용자 검수 완료
TalkFile_202601스티커작업실적.pdf,6,2026-01,2026-01-27,9.0,30,구운감자,27,30,70,2100.0,080,True,사용자 검수 완료 / Page 6 연속 구간
TalkFile_202601스티커작업실적.pdf,6,2026-01,2026-01-27,9.0,31,홈런볼파티팩(12입),552,8,100,800.0,080,True,사용자 검수 완료 / Page 6 연속 구간
TalkFile_202601스티커작업실적.pdf,6,2026-01,2026-01-27,9.0,32,스노위아몬드빼빼로,32,40,232,9280.0,캐나다 1543,True,사용자 검수 완료 / 원본 작업수량 116에 x2 메모 반영하여 232 입력 / Page 6 연속 구간
TalkFile_202601스티커작업실적.pdf,7,2026-01,2026-01-26,10.0,1,The빠새,100,10,78,780.0,009,True,사용자 검수 완료
TalkFile_202601스티커작업실적.pdf,7,2026-01,2026-01-26,10.0,2,자유시간아몬드벌크,36,12,100,1200.0,009,True,사용자 검수 완료
TalkFile_202601스티커작업실적.pdf,7,2026-01,2026-01-26,10.0,3,국화빵식물성오리지날,150,24,500,12000.0,Global_Trading_H,True,사용자 검수 완료
TalkFile_202601스티커작업실적.pdf,7,2026-01,2026-01-26,10.0,4,국화빵식물성오리지날,150,24,500,12000.0,Global_Trading_H,True,사용자 검수 완료
TalkFile_202601스티커작업실적.pdf,7,2026-01,2026-01-26,10.0,5,크런키빼빼로빅팩,312,6,30,180.0,캐나다 1740,True,사용자 검수 완료
TalkFile_202601스티커작업실적.pdf,8,2026-01,2026-01-24,10.0,1,캐나다용아몬드빼빼로벌크,128,9,657,5913.0,1740,True,사용자 검수 완료
TalkFile_202601스티커작업실적.pdf,8,2026-01,2026-01-24,10.0,2,스노위아몬드빼빼로,32,40,144,11520.0,1740,True,"사용자 검수 완료 / 원본 스티커 수량 유지, x2 가능성"
TalkFile_202601스티커작업실적.pdf,8,2026-01,2026-01-24,10.0,3,크림웨하스,50,40,100,4000.0,009,True,사용자 검수 완료
TalkFile_202601스티커작업실적.pdf,8,2026-01,2026-01-24,10.0,4,딸기웨하스,50,40,100,4000.0,009,True,사용자 검수 완료
TalkFile_202601스티커작업실적.pdf,8,2026-01,2026-01-24,10.0,5,연양갱,55,80,50,4000.0,009,True,사용자 검수 완료
TalkFile_202601스티커작업실적.pdf,8,2026-01,2026-01-24,10.0,6,자두,130,16,80,1280.0,009,True,사용자 검수 완료
TalkFile_202601스티커작업실적.pdf,8,2026-01,2026-01-24,10.0,7,구운감자슬림,80,24,60,1440.0,009,True,사용자 검수 완료
TalkFile_202601스티커작업실적.pdf,8,2026-01,2026-01-24,10.0,8,버터링골드,65,24,60,1440.0,009,True,사용자 검수 완료
TalkFile_202601스티커작업실적.pdf,8,2026-01,2026-01-24,10.0,9,홈런볼초코지컵,51,24,70,1680.0,009,True,사용자 검수 완료
TalkFile_202601스티커작업실적.pdf,8,2026-01,2026-01-24,10.0,10,오사쯔,100,10,150,1500.0,009,True,사용자 검수 완료
TalkFile_202601스티커작업실적.pdf,8,2026-01,2026-01-24,10.0,11,맛동산8팩,304,8,150,1200.0,009,True,사용자 검수 완료
TalkFile_202601스티커작업실적.pdf,8,2026-01,2026-01-24,10.0,12,구운고구마,135,10,100,1000.0,009,True,사용자 검수 완료
TalkFile_202601스티커작업실적.pdf,8,2026-01,2026-01-24,10.0,13,구운감자,135,10,250,2500.0,009,True,사용자 검수 완료
TalkFile_202601스티커작업실적.pdf,8,2026-01,2026-01-24,10.0,14,The빠새,100,10,42,420.0,009,True,사용자 검수 완료
TalkFile_202601스티커작업실적.pdf,9,2026-01,2026-01-23,10.0,1,사브레,84,24,12,288.0,Euro_PanAsia (독일),True,사용자 검수 완료
TalkFile_202601스티커작업실적.pdf,9,2026-01,2026-01-23,10.0,2,버터링골드,65,24,20,480.0,Euro_PanAsia (독일),True,사용자 검수 완료
TalkFile_202601스티커작업실적.pdf,9,2026-01,2026-01-23,10.0,3,얼려먹는초코만들기,36,24,20,480.0,Euro_PanAsia (독일),True,사용자 검수 완료
TalkFile_202601스티커작업실적.pdf,9,2026-01,2026-01-23,10.0,4,롤리폴리,62,24,20,480.0,Euro_PanAsia (독일),True,사용자 검수 완료
TalkFile_202601스티커작업실적.pdf,9,2026-01,2026-01-23,10.0,5,홈런볼초코지컵,51,24,60,1440.0,Euro_PanAsia (독일),True,사용자 검수 완료
TalkFile_202601스티커작업실적.pdf,9,2026-01,2026-01-23,10.0,6,알사탕,126,16,20,320.0,Euro_PanAsia (독일),True,사용자 검수 완료
TalkFile_202601스티커작업실적.pdf,9,2026-01,2026-01-23,10.0,7,카스타드,276,8,800,6400.0,캐나다 1741,True,사용자 검수 완료
TalkFile_202601스티커작업실적.pdf,9,2026-01,2026-01-23,10.0,8,초코파이카카오,336,8,200,1600.0,캐나다 1741,True,사용자 검수 완료
TalkFile_202601스티커작업실적.pdf,9,2026-01,2026-01-23,10.0,9,캐나다용아몬드빼빼로,32,40,1080,43200.0,캐나다 1741,True,사용자 검수 완료
TalkFile_202601스티커작업실적.pdf,9,2026-01,2026-01-23,10.0,10,캐나다용화이트빼빼로,32,40,864,34560.0,캐나다 1741,True,사용자 검수 완료
TalkFile_202601스티커작업실적.pdf,9,2026-01,2026-01-23,10.0,11,카라멜콘메이플,74,16,60,960.0,Euro_PanAsia (독일),True,사용자 검수 완료
TalkFile_202601스티커작업실적.pdf,9,2026-01,2026-01-23,10.0,12,스노위아몬드빼빼로,32,40,288,11520.0,캐나다 1740,True,사용자 검수 완료
TalkFile_202601스티커작업실적.pdf,9,2026-01,2026-01-23,10.0,13,캐나다용초코빼빼로,47,40,72,2880.0,캐나다 1740,True,사용자 검수 완료
TalkFile_202601스티커작업실적.pdf,9,2026-01,2026-01-23,10.0,14,캐나다용아몬드빼빼로벌크,128,9,243,2187.0,캐나다 1740,True,사용자 검수 완료
TalkFile_202601스티커작업실적.pdf,10,2026-01,2026-01-22,10.0,1,스노위아몬드빼빼로,32,40,150,6000.0,Euro_PanAsia (오스트리아),True,사용자 검수 완료 / 연장 2시간
TalkFile_202601스티커작업실적.pdf,10,2026-01,2026-01-22,10.0,2,초코필드빼빼로,45,40,160,6400.0,Euro_PanAsia (오스트리아),True,사용자 검수 완료 / 연장 2시간
TalkFile_202601스티커작업실적.pdf,10,2026-01,2026-01-22,10.0,3,크런키빼빼로,39,40,140,5600.0,Euro_PanAsia (오스트리아),True,사용자 검수 완료 / 연장 2시간
TalkFile_202601스티커작업실적.pdf,10,2026-01,2026-01-22,10.0,4,초코빼빼로,47,40,90,3600.0,Euro_PanAsia (오스트리아),True,사용자 검수 완료 / 연장 2시간
TalkFile_202601스티커작업실적.pdf,10,2026-01,2026-01-22,10.0,5,화이트쿠키빼빼로,32,40,350,14000.0,Euro_PanAsia (오스트리아),True,사용자 검수 완료 / 연장 2시간
TalkFile_202601스티커작업실적.pdf,10,2026-01,2026-01-22,10.0,6,말랑카우딸기,79,20,170,3400.0,Euro_PanAsia (오스트리아),True,사용자 검수 완료 / 연장 2시간
TalkFile_202601스티커작업실적.pdf,10,2026-01,2026-01-22,10.0,7,말랑카우밀크,79,20,120,2400.0,Euro_PanAsia (오스트리아),True,사용자 검수 완료 / 연장 2시간
TalkFile_202601스티커작업실적.pdf,10,2026-01,2026-01-22,10.0,8,카스타드,138,12,120,1440.0,Euro_PanAsia (오스트리아),True,사용자 검수 완료 / 연장 2시간
TalkFile_202601스티커작업실적.pdf,10,2026-01,2026-01-22,10.0,9,밀강정,80,20,100,2000.0,Euro_PanAsia (독일),True,사용자 검수 완료 / 연장 2시간
TalkFile_202601스티커작업실적.pdf,10,2026-01,2026-01-22,10.0,10,아이쮸사과,44x15,8,20,160.0,Euro_PanAsia (독일),True,사용자 검수 완료 / 연장 2시간
TalkFile_202601스티커작업실적.pdf,10,2026-01,2026-01-22,10.0,11,아이쮸딸기,44x15,8,20,160.0,Euro_PanAsia (독일),True,사용자 검수 완료 / 연장 2시간
TalkFile_202601스티커작업실적.pdf,10,2026-01,2026-01-22,10.0,12,아이쮸포도,44x15,8,20,160.0,Euro_PanAsia (독일),True,사용자 검수 완료 / 연장 2시간
TalkFile_202601스티커작업실적.pdf,10,2026-01,2026-01-22,10.0,13,새콤달콤포도,29x15,6,30,180.0,Euro_PanAsia (독일),True,사용자 검수 완료 / 연장 2시간
TalkFile_202601스티커작업실적.pdf,10,2026-01,2026-01-22,10.0,14,새콤달콤딸기,29x15,6,20,120.0,Euro_PanAsia (독일),True,사용자 검수 완료 / 연장 2시간
TalkFile_202601스티커작업실적.pdf,10,2026-01,2026-01-22,10.0,15,참쌀설병,128,20,30,600.0,Euro_PanAsia (독일),True,사용자 검수 완료 / 연장 2시간
TalkFile_202601스티커작업실적.pdf,10,2026-01,2026-01-22,10.0,16,참쌀선과,115,20,20,400.0,Euro_PanAsia (독일),True,사용자 검수 완료 / 연장 2시간
TalkFile_202601스티커작업실적.pdf,10,2026-01,2026-01-22,10.0,17,뽀또치즈타르트,161,12,40,480.0,Euro_PanAsia (독일),True,사용자 검수 완료 / 연장 2시간
TalkFile_202601스티커작업실적.pdf,10,2026-01,2026-01-22,10.0,18,뽀또치즈타르트,322,10,30,300.0,Euro_PanAsia (독일),True,사용자 검수 완료 / 연장 2시간
TalkFile_202601스티커작업실적.pdf,10,2026-01,2026-01-22,10.0,19,땅콩카라멜,120,20,20,400.0,Euro_PanAsia (독일),True,사용자 검수 완료 / 연장 2시간
TalkFile_202601스티커작업실적.pdf,10,2026-01,2026-01-22,10.0,20,산도딸기,161,12,30,360.0,Euro_PanAsia (독일),True,사용자 검수 완료 / 연장 2시간
TalkFile_202601스티커작업실적.pdf,10,2026-01,2026-01-22,10.0,21,화이트하임,47,21,30,630.0,Euro_PanAsia (독일),True,사용자 검수 완료 / 연장 2시간
TalkFile_202601스티커작업실적.pdf,10,2026-01,2026-01-22,10.0,22,초코하임,47,21,20,420.0,Euro_PanAsia (독일),True,사용자 검수 완료 / 연장 2시간
TalkFile_202601스티커작업실적.pdf,10,2026-01,2026-01-22,10.0,23,콘칩,70,16,15,240.0,Euro_PanAsia (독일),True,사용자 검수 완료 / 연장 2시간
TalkFile_202601스티커작업실적.pdf,10,2026-01,2026-01-22,10.0,24,츄러스,84,16,10,160.0,Euro_PanAsia (독일),True,사용자 검수 완료 / 연장 2시간
TalkFile_202601스티커작업실적.pdf,10,2026-01,2026-01-22,10.0,25,콘치크림치즈,66,18,60,1080.0,Euro_PanAsia (독일),True,사용자 검수 완료 / 입량 18로 사용자 수정 반영 / 연장 2시간
TalkFile_202601스티커작업실적.pdf,10,2026-01,2026-01-22,10.0,26,오예스,360,10,20,200.0,Euro_PanAsia (독일),True,사용자 검수 완료 / 연장 2시간
TalkFile_202601스티커작업실적.pdf,10,2026-01,2026-01-22,10.0,27,오예스쿠키앤크림,360,10,20,200.0,Euro_PanAsia (독일),True,사용자 검수 완료 / 연장 2시간
TalkFile_202601스티커작업실적.pdf,10,2026-01,2026-01-22,10.0,28,허니버터칩,60,16,140,2240.0,Euro_PanAsia (독일),True,사용자 검수 완료 / 연장 2시간
TalkFile_202601스티커작업실적.pdf,10,2026-01,2026-01-22,10.0,29,홈런볼초코,46,30,60,1800.0,Euro_PanAsia (독일),True,사용자 검수 완료 / 연장 2시간
TalkFile_202601스티커작업실적.pdf,10,2026-01,2026-01-22,10.0,30,에이스,121,30,30,900.0,Euro_PanAsia (독일),True,사용자 검수 완료 / 연장 2시간
TalkFile_202601스티커작업실적.pdf,11,2026-01,2026-01-22,10.0,31,구운양파,60,16,20,320.0,Euro_PanAsia (독일),True,사용자 검수 완료 / 연장 2시간 / Page 11 연속 구간
TalkFile_202601스티커작업실적.pdf,11,2026-01,2026-01-22,10.0,32,후렌치파이사과,192,12,20,240.0,Euro_PanAsia (독일),True,사용자 검수 완료 / 연장 2시간 / Page 11 연속 구간
TalkFile_202601스티커작업실적.pdf,11,2026-01,2026-01-22,10.0,33,후렌치파이딸기,192,12,20,240.0,Euro_PanAsia (독일),True,사용자 검수 완료 / 연장 2시간 / Page 11 연속 구간
TalkFile_202601스티커작업실적.pdf,11,2026-01,2026-01-22,10.0,34,구운감자,27,30,40,1200.0,Euro_PanAsia (독일),True,사용자 검수 완료 / 연장 2시간 / Page 11 연속 구간
TalkFile_202601스티커작업실적.pdf,11,2026-01,2026-01-22,10.0,35,맛동산,90,20,30,600.0,Euro_PanAsia (독일),True,사용자 검수 완료 / 연장 2시간 / Page 11 연속 구간
TalkFile_202601스티커작업실적.pdf,11,2026-01,2026-01-22,10.0,36,초코픽,45,24,30,720.0,Euro_PanAsia (독일),True,사용자 검수 완료 / 연장 2시간 / Page 11 연속 구간
TalkFile_202601스티커작업실적.pdf,11,2026-01,2026-01-22,10.0,37,자두,130,16,30,480.0,Euro_PanAsia (독일),True,사용자 검수 완료 / 연장 2시간 / Page 11 연속 구간
TalkFile_202601스티커작업실적.pdf,11,2026-01,2026-01-22,10.0,38,사브레,84,24,8,192.0,Euro_PanAsia (독일),True,사용자 검수 완료 / 연장 2시간 / Page 11 연속 구간
TalkFile_202601스티커작업실적.pdf,12,2026-01,2026-01-21,10.0,1,애니타임밀크,60,20,18,360.0,Euro_PanAsia (오스트리아),True,사용자 검수 완료 / 연장 2시간
TalkFile_202601스티커작업실적.pdf,12,2026-01,2026-01-21,10.0,2,광동비타500zero,100,100,45,450.0,광동 코리아푸드,True,"사용자 검수 완료 / 연장 2시간 / 원본 입량 100 유지, 스티커 수량 450 원본값 반영 / CHECK_QTY_MISMATCH 필요 / 실작업 단위 10 가능성"
TalkFile_202601스티커작업실적.pdf,12,2026-01,2026-01-21,10.0,3,광동비타500치어팩,250,30,20,600.0,광동 코리아푸드,True,사용자 검수 완료 / 연장 2시간 / 사용자 수정 반영
TalkFile_202601스티커작업실적.pdf,12,2026-01,2026-01-21,10.0,4,광동옥수수수염차,500,20,120,2400.0,광동 코리아푸드,True,사용자 검수 완료 / 연장 2시간
TalkFile_202601스티커작업실적.pdf,12,2026-01,2026-01-21,10.0,5,광동옥수수수염차,1.5,12,115,1380.0,광동 코리아푸드,True,사용자 검수 완료 / 연장 2시간
TalkFile_202601스티커작업실적.pdf,12,2026-01,2026-01-21,10.0,6,광동진한헛개차,500,20,55,1100.0,광동 코리아푸드,True,사용자 검수 완료 / 연장 2시간
TalkFile_202601스티커작업실적.pdf,12,2026-01,2026-01-21,10.0,7,광동진한헛개차,1.5,12,75,900.0,광동 코리아푸드,True,사용자 검수 완료 / 연장 2시간
TalkFile_202601스티커작업실적.pdf,12,2026-01,2026-01-21,10.0,8,광동돼지감자차,500,24,15,360.0,광동 코리아푸드,True,사용자 검수 완료 / 연장 2시간
TalkFile_202601스티커작업실적.pdf,12,2026-01,2026-01-21,10.0,9,광동밀싹보리차,500,24,25,600.0,광동 코리아푸드,True,사용자 검수 완료 / 연장 2시간
TalkFile_202601스티커작업실적.pdf,12,2026-01,2026-01-21,10.0,10,광동밀싹보리차,1.5,12,35,420.0,광동 코리아푸드,True,사용자 검수 완료 / 연장 2시간
TalkFile_202601스티커작업실적.pdf,12,2026-01,2026-01-21,10.0,11,광동쌍화골드,100,100,50,500.0,광동 코리아푸드,True,"사용자 검수 완료 / 연장 2시간 / 원본 입량 100 유지, 스티커 수량 500 원본값 반영 / CHECK_QTY_MISMATCH 필요 / 실작업 단위 10 가능성"
TalkFile_202601스티커작업실적.pdf,12,2026-01,2026-01-21,10.0,12,광동생강쌍화,120,100,20,200.0,광동 코리아푸드,True,"사용자 검수 완료 / 연장 2시간 / 원본 입량 100 유지, 스티커 수량 200 원본값 반영 / CHECK_QTY_MISMATCH 필요 / 실작업 단위 10 가능성"
TalkFile_202601스티커작업실적.pdf,12,2026-01,2026-01-21,10.0,13,광동대추쌍화,150,40,15,600.0,광동 코리아푸드,True,사용자 검수 완료 / 연장 2시간
TalkFile_202601스티커작업실적.pdf,12,2026-01,2026-01-21,10.0,14,광동복분자,100,100,10,100.0,광동 코리아푸드,True,"사용자 검수 완료 / 연장 2시간 / 원본 입량 100 유지, 스티커 수량 100 원본값 반영 / CHECK_QTY_MISMATCH 필요 / 실작업 단위 10 가능성"
TalkFile_202601스티커작업실적.pdf,12,2026-01,2026-01-21,10.0,15,광동진홍삼골드,100,100,40,400.0,광동 코리아푸드,True,"사용자 검수 완료 / 연장 2시간 / 원본 입량 100 유지, 스티커 수량 400 원본값 반영 / CHECK_QTY_MISMATCH 필요 / 실작업 단위 10 가능성"
TalkFile_202601스티커작업실적.pdf,12,2026-01,2026-01-21,10.0,16,광동헛개파워,100,50,10,50.0,광동 코리아푸드,True,"사용자 검수 완료 / 연장 2시간 / 원본 입량 50 유지, 스티커 수량 50 원본값 반영 / CHECK_QTY_MISMATCH 필요 / 실작업 단위 5 가능성"
TalkFile_202601스티커작업실적.pdf,12,2026-01,2026-01-21,10.0,17,애니타임레몬,60,20,30,600.0,Euro_PanAsia (오스트리아),True,사용자 검수 완료 / 연장 2시간
TalkFile_202601스티커작업실적.pdf,12,2026-01,2026-01-21,10.0,18,애니타임자두복숭아,60,20,40,800.0,Euro_PanAsia (오스트리아),True,사용자 검수 완료 / 연장 2시간
TalkFile_202601스티커작업실적.pdf,12,2026-01,2026-01-21,10.0,19,애니타임블루마린,60,20,30,600.0,Euro_PanAsia (오스트리아),True,사용자 검수 완료 / 연장 2시간
TalkFile_202601스티커작업실적.pdf,12,2026-01,2026-01-21,10.0,20,칙촉,120,15,40,600.0,Euro_PanAsia (오스트리아),True,사용자 검수 완료 / 연장 2시간
TalkFile_202601스티커작업실적.pdf,12,2026-01,2026-01-21,10.0,21,롯샌파인애플,105,30,90,2700.0,Euro_PanAsia (오스트리아),True,사용자 검수 완료 / 연장 2시간
TalkFile_202601스티커작업실적.pdf,12,2026-01,2026-01-21,10.0,22,야채크래커,83,30,20,600.0,Euro_PanAsia (오스트리아),True,사용자 검수 완료 / 연장 2시간
TalkFile_202601스티커작업실적.pdf,12,2026-01,2026-01-21,10.0,23,빠다코코낫,100,30,40,1200.0,Euro_PanAsia (오스트리아),True,사용자 검수 완료 / 연장 2시간
TalkFile_202601스티커작업실적.pdf,12,2026-01,2026-01-21,10.0,24,청포도캔디,153,20,190,3800.0,Euro_PanAsia (오스트리아),True,사용자 검수 완료 / 연장 2시간 / 사용자 수정 반영
TalkFile_202601스티커작업실적.pdf,12,2026-01,2026-01-21,10.0,25,솔틴크래커,141,18,300,5400.0,L25,True,사용자 검수 완료 / 연장 2시간
TalkFile_202601스티커작업실적.pdf,12,2026-01,2026-01-21,10.0,26,오리지날크래커,172,18,300,5400.0,L25,True,사용자 검수 완료 / 연장 2시간
TalkFile_202601스티커작업실적.pdf,12,2026-01,2026-01-21,10.0,27,아몬드크래커,133,18,300,5400.0,L26,True,사용자 검수 완료 / 연장 2시간 / 사용자 수정 반영
TalkFile_202601스티커작업실적.pdf,12,2026-01,2026-01-21,10.0,28,칸쵸,42,32,130,4160.0,Euro_PanAsia (오스트리아),True,사용자 검수 완료 / 연장 2시간 / 사용자 수정 반영
TalkFile_202601스티커작업실적.pdf,12,2026-01,2026-01-21,10.0,29,아몬드빼빼로,32,40,400,16000.0,Euro_PanAsia (오스트리아),True,사용자 검수 완료 / 연장 2시간 / 사용자 수정 반영
TalkFile_202601스티커작업실적.pdf,13,2026-01,2026-01-20,10.0,1,오사쯔,100,10,200,2000.0,L26,True,사용자 검수 완료
TalkFile_202601스티커작업실적.pdf,13,2026-01,2026-01-20,10.0,2,자두,130,16,100,1600.0,L26,True,사용자 검수 완료
TalkFile_202601스티커작업실적.pdf,13,2026-01,2026-01-20,10.0,3,쌀강정,80,20,70,1400.0,Euro_PanAsia (독일),True,사용자 검수 완료
TalkFile_202601스티커작업실적.pdf,13,2026-01,2026-01-20,10.0,4,닭다리스낵,280,12,30,360.0,Euro_PanAsia (독일),True,사용자 검수 완료
TalkFile_202601스티커작업실적.pdf,13,2026-01,2026-01-20,10.0,5,떳다떡볶이스낵,105,24,30,720.0,Euro_PanAsia (독일),True,사용자 검수 완료
TalkFile_202601스티커작업실적.pdf,13,2026-01,2026-01-20,10.0,6,왕꿈틀이,67,40,30,1200.0,Euro_PanAsia (독일),True,사용자 검수 완료
TalkFile_202601스티커작업실적.pdf,13,2026-01,2026-01-20,10.0,7,마이구미포도,66,40,30,1200.0,Euro_PanAsia (독일),True,사용자 검수 완료
TalkFile_202601스티커작업실적.pdf,13,2026-01,2026-01-20,10.0,8,참붕어빵,232,8,30,240.0,Euro_PanAsia (독일),True,사용자 검수 완료
TalkFile_202601스티커작업실적.pdf,13,2026-01,2026-01-20,10.0,9,초코송이,50,28,130,3640.0,Euro_PanAsia (독일),True,사용자 검수 완료 / 사용자 수정 반영
TalkFile_202601스티커작업실적.pdf,13,2026-01,2026-01-20,10.0,10,수출왕고래볶음,56,24,40,960.0,Euro_PanAsia (독일),True,사용자 검수 완료
TalkFile_202601스티커작업실적.pdf,13,2026-01,2026-01-20,10.0,11,땅콩강정,80,12,30,360.0,Euro_PanAsia (독일),True,사용자 검수 완료
TalkFile_202601스티커작업실적.pdf,13,2026-01,2026-01-20,10.0,12,촉칩,160,20,20,400.0,Euro_PanAsia (독일),True,사용자 검수 완료
TalkFile_202601스티커작업실적.pdf,13,2026-01,2026-01-20,10.0,13,오리온샌드나,77,24,20,480.0,Euro_PanAsia (독일),True,사용자 검수 완료
TalkFile_202601스티커작업실적.pdf,13,2026-01,2026-01-20,10.0,14,고소미,70,20,40,800.0,Euro_PanAsia (독일),True,사용자 검수 완료
TalkFile_202601스티커작업실적.pdf,13,2026-01,2026-01-20,10.0,15,통아몬드,90,14,20,280.0,Euro_PanAsia (독일),True,사용자 검수 완료
TalkFile_202601스티커작업실적.pdf,13,2026-01,2026-01-20,10.0,16,통크초코,45,20,60,1200.0,Euro_PanAsia (독일),True,사용자 검수 완료
TalkFile_202601스티커작업실적.pdf,13,2026-01,2026-01-20,10.0,17,수출오감자,115,12,40,480.0,Euro_PanAsia (독일),True,사용자 검수 완료
TalkFile_202601스티커작업실적.pdf,13,2026-01,2026-01-20,10.0,18,꼬북칩초코츄러스,160,14,20,280.0,Euro_PanAsia (독일),True,사용자 검수 완료
TalkFile_202601스티커작업실적.pdf,13,2026-01,2026-01-20,10.0,19,수출오땅,98,16,50,800.0,Euro_PanAsia (독일),True,사용자 검수 완료
TalkFile_202601스티커작업실적.pdf,13,2026-01,2026-01-20,10.0,20,꼬북칩콘스프,80,12,70,840.0,Euro_PanAsia (독일),True,사용자 검수 완료
TalkFile_202601스티커작업실적.pdf,13,2026-01,2026-01-20,10.0,21,초코파이,468,8,130,1040.0,Euro_PanAsia (독일),True,사용자 검수 완료 / 사용자 수정 반영
TalkFile_202601스티커작업실적.pdf,13,2026-01,2026-01-20,10.0,22,스윙칩볶음고추장,60,20,40,800.0,Euro_PanAsia (독일),True,사용자 검수 완료
TalkFile_202601스티커작업실적.pdf,13,2026-01,2026-01-20,10.0,23,포카칩어니언,66,20,40,800.0,Euro_PanAsia (독일),True,사용자 검수 완료
TalkFile_202601스티커작업실적.pdf,13,2026-01,2026-01-20,10.0,24,포카칩오리지널,66,20,30,600.0,Euro_PanAsia (독일),True,사용자 검수 완료
TalkFile_202601스티커작업실적.pdf,13,2026-01,2026-01-20,10.0,25,수출오감자,50,24,100,2400.0,Euro_PanAsia (독일),True,사용자 검수 완료 / 사용자 수정 반영
TalkFile_202601스티커작업실적.pdf,14,2026-01,2026-01-20,10.0,26,초코파이,336,8,450,3600.0,Euro_PanAsia (오스트리아),True,사용자 검수 완료 / Page 14 연속 구간
TalkFile_202601스티커작업실적.pdf,14,2026-01,2026-01-20,10.0,27,초코파이바나나,336,8,80,640.0,Euro_PanAsia (오스트리아),True,사용자 검수 완료 / Page 14 연속 구간
TalkFile_202601스티커작업실적.pdf,14,2026-01,2026-01-20,10.0,28,초코파이흑당밀크,336,8,100,800.0,Euro_PanAsia (오스트리아),True,사용자 검수 완료 / Page 14 연속 구간
TalkFile_202601스티커작업실적.pdf,14,2026-01,2026-01-20,10.0,29,초코파이카카오,168,16,50,800.0,Euro_PanAsia (오스트리아),True,사용자 검수 완료 / Page 14 연속 구간
TalkFile_202601스티커작업실적.pdf,14,2026-01,2026-01-20,10.0,30,몽쉘오리지날,204,16,50,800.0,Euro_PanAsia (오스트리아),True,사용자 검수 완료 / Page 14 연속 구간
TalkFile_202601스티커작업실적.pdf,14,2026-01,2026-01-20,10.0,31,몽쉘카카오,204,16,30,480.0,Euro_PanAsia (오스트리아),True,사용자 검수 완료 / Page 14 연속 구간
TalkFile_202601스티커작업실적.pdf,14,2026-01,2026-01-20,10.0,32,마가렛트,176,12,80,960.0,Euro_PanAsia (오스트리아),True,사용자 검수 완료 / Page 14 연속 구간
TalkFile_202601스티커작업실적.pdf,14,2026-01,2026-01-20,10.0,33,칸쵸컵,95,15,70,1050.0,Euro_PanAsia (오스트리아),True,사용자 검수 완료 / Page 14 연속 구간
TalkFile_202601스티커작업실적.pdf,14,2026-01,2026-01-20,10.0,34,애니타임밀크,60,20,32,640.0,Euro_PanAsia (오스트리아),True,사용자 검수 완료 / Page 14 연속 구간
TalkFile_202601스티커작업실적.pdf,15,2026-01,2026-01-19,10.0,1,스노위아몬드빼빼로,32,40,80,3200.0,Euro_PanAsia (독일),True,사용자 검수 완료
TalkFile_202601스티커작업실적.pdf,15,2026-01,2026-01-19,10.0,2,화이트쿠키빼빼로,32,40,230,9200.0,Euro_PanAsia (독일),True,사용자 검수 완료
TalkFile_202601스티커작업실적.pdf,15,2026-01,2026-01-19,10.0,3,바이오필파인애플,63x25,4,505,2020.0,Vancouver_Logistics,True,"사용자 검수 완료 / 원본 스티커 수량 판독 애매, 계산값 입력"
TalkFile_202601스티커작업실적.pdf,15,2026-01,2026-01-19,10.0,4,바이오필플레인,63x25,4,240,960.0,Vancouver_Logistics,True,사용자 검수 완료
TalkFile_202601스티커작업실적.pdf,15,2026-01,2026-01-19,10.0,5,초코픽,45,24,50,1200.0,L24,True,사용자 검수 완료
TalkFile_202601스티커작업실적.pdf,15,2026-01,2026-01-19,10.0,6,얼려먹는초코만들기,38,24,50,1200.0,L24,True,사용자 검수 완료
TalkFile_202601스티커작업실적.pdf,15,2026-01,2026-01-19,10.0,7,에이스바스크치즈,364,10,500,5000.0,L25,True,사용자 검수 완료
TalkFile_202601스티커작업실적.pdf,15,2026-01,2026-01-19,10.0,8,샌드에이스찐초코,204,12,504,6048.0,L26,True,사용자 검수 완료 / 사용자 수정 반영
TalkFile_202601스티커작업실적.pdf,15,2026-01,2026-01-19,10.0,9,에이스씬에스프레소,291,12,306,3672.0,L26,True,사용자 검수 완료
TalkFile_202601스티커작업실적.pdf,15,2026-01,2026-01-19,10.0,10,The빠새,100,10,200,2000.0,L26,True,사용자 검수 완료
TalkFile_202601스티커작업실적.pdf,15,2026-01,2026-01-19,10.0,11,구운고구마,135,10,150,1500.0,L26,True,사용자 검수 완료
TalkFile_202601스티커작업실적.pdf,15,2026-01,2026-01-19,10.0,12,연양갱,500,10,50,500.0,L26,True,사용자 검수 완료
TalkFile_202601스티커작업실적.pdf,15,2026-01,2026-01-19,10.0,13,버터링골드,194,12,100,1200.0,L26,True,사용자 검수 완료
TalkFile_202601스티커작업실적.pdf,16,2026-01,2026-01-17,9.5,1,말랑카우밀크,79,20,42,840.0,Euro_PanAsia (독일),True,사용자 검수 완료
TalkFile_202601스티커작업실적.pdf,16,2026-01,2026-01-17,9.5,2,말랑카우딸기,79,20,100,2000.0,Euro_PanAsia (독일),True,사용자 검수 완료 / 사용자 수정 반영
TalkFile_202601스티커작업실적.pdf,16,2026-01,2026-01-17,9.5,3,수박바젤리,56,32,50,1600.0,Euro_PanAsia (독일),True,사용자 검수 완료
TalkFile_202601스티커작업실적.pdf,16,2026-01,2026-01-17,9.5,4,죠스바젤리,70,32,40,1280.0,Euro_PanAsia (독일),True,사용자 검수 완료
TalkFile_202601스티커작업실적.pdf,16,2026-01,2026-01-17,9.5,5,찰떡파이인절미,180,12,50,600.0,Euro_PanAsia (독일),True,사용자 검수 완료
TalkFile_202601스티커작업실적.pdf,16,2026-01,2026-01-17,9.5,6,찰떡파이시트러스,180,12,40,480.0,Euro_PanAsia (독일),True,사용자 검수 완료
TalkFile_202601스티커작업실적.pdf,16,2026-01,2026-01-17,9.5,7,롯샌파인애플,105,30,50,1500.0,Euro_PanAsia (독일),True,사용자 검수 완료
TalkFile_202601스티커작업실적.pdf,16,2026-01,2026-01-17,9.5,8,빠다코코낫,100,30,30,900.0,Euro_PanAsia (독일),True,사용자 검수 완료
TalkFile_202601스티커작업실적.pdf,16,2026-01,2026-01-17,9.5,9,야채크래커,83,30,30,900.0,Euro_PanAsia (독일),True,사용자 검수 완료
TalkFile_202601스티커작업실적.pdf,16,2026-01,2026-01-17,9.5,10,칙촉,120,15,40,600.0,Euro_PanAsia (독일),True,사용자 검수 완료
TalkFile_202601스티커작업실적.pdf,16,2026-01,2026-01-17,9.5,11,마가렛트,176,12,40,480.0,Euro_PanAsia (독일),True,사용자 검수 완료
TalkFile_202601스티커작업실적.pdf,16,2026-01,2026-01-17,9.5,12,청포도캔디,153,20,120,2400.0,Euro_PanAsia (독일),True,사용자 검수 완료
TalkFile_202601스티커작업실적.pdf,16,2026-01,2026-01-17,9.5,13,칸쵸컵,95,15,100,1500.0,Euro_PanAsia (독일),True,사용자 검수 완료
TalkFile_202601스티커작업실적.pdf,16,2026-01,2026-01-17,9.5,14,애니타임블루마린,60,20,20,400.0,Euro_PanAsia (독일),True,사용자 검수 완료
TalkFile_202601스티커작업실적.pdf,16,2026-01,2026-01-17,9.5,15,애니타임밀크,60,20,20,400.0,Euro_PanAsia (독일),True,사용자 검수 완료
TalkFile_202601스티커작업실적.pdf,16,2026-01,2026-01-17,9.5,16,애니타임자두복숭아,60,20,20,400.0,Euro_PanAsia (독일),True,사용자 검수 완료
TalkFile_202601스티커작업실적.pdf,16,2026-01,2026-01-17,9.5,17,애니타임레몬,60,20,20,400.0,Euro_PanAsia (독일),True,사용자 검수 완료
TalkFile_202601스티커작업실적.pdf,16,2026-01,2026-01-17,9.5,18,요구르트젤리,50,40,50,2000.0,Euro_PanAsia (독일),True,사용자 검수 완료
TalkFile_202601스티커작업실적.pdf,16,2026-01,2026-01-17,9.5,19,칸쵸,42,32,130,4160.0,Euro_PanAsia (독일),True,사용자 검수 완료
TalkFile_202601스티커작업실적.pdf,16,2026-01,2026-01-17,9.5,20,아몬드빼빼로벌크,128,9,30,270.0,Euro_PanAsia (독일),True,사용자 검수 완료
TalkFile_202601스티커작업실적.pdf,16,2026-01,2026-01-17,9.5,21,크런키빼빼로벌크,140,9,30,270.0,Euro_PanAsia (독일),True,사용자 검수 완료
TalkFile_202601스티커작업실적.pdf,16,2026-01,2026-01-17,9.5,22,아몬드빼빼로,32,40,170,6800.0,Euro_PanAsia (독일),True,사용자 검수 완료
TalkFile_202601스티커작업실적.pdf,16,2026-01,2026-01-17,9.5,23,초코필드빼빼로,45,40,100,4000.0,Euro_PanAsia (독일),True,사용자 검수 완료
TalkFile_202601스티커작업실적.pdf,16,2026-01,2026-01-17,9.5,24,초코빼빼로,47,40,100,4000.0,Euro_PanAsia (독일),True,사용자 검수 완료
TalkFile_202601스티커작업실적.pdf,16,2026-01,2026-01-17,9.5,25,크런키빼빼로,39,40,100,4000.0,Euro_PanAsia (독일),True,사용자 검수 완료
TalkFile_202601스티커작업실적.pdf,16,2026-01,2026-01-17,9.5,26,스노위아몬드빼빼로,32,40,30,1200.0,Euro_PanAsia (독일),True,사용자 검수 완료
TalkFile_202601스티커작업실적.pdf,17,2026-01,2026-01-16,9.5,1,제로시트러스유자젤리,238,18,184,6624.0,1787,True,사용자 검수 완료 / 원본 스티커 수량 유지 / 입량×작업수량 계산값 3312와 불일치 / CHECK_QTY_MISMATCH 필요
TalkFile_202601스티커작업실적.pdf,17,2026-01,2026-01-16,9.5,2,제로후르츠젤리,238,18,400,14400.0,1787,True,사용자 검수 완료 / 원본 스티커 수량 유지 / 입량×작업수량 계산값 7200과 불일치 / CHECK_QTY_MISMATCH 필요
TalkFile_202601스티커작업실적.pdf,17,2026-01,2026-01-16,9.5,3,초코파이녹차,336,8,140,1120.0,Euro_PanAsia (독일),True,사용자 검수 완료
TalkFile_202601스티커작업실적.pdf,17,2026-01,2026-01-16,9.5,4,초코파이,336,8,420,3360.0,Euro_PanAsia (독일),True,사용자 검수 완료
TalkFile_202601스티커작업실적.pdf,17,2026-01,2026-01-16,9.5,5,초코파이카카오,168,16,60,960.0,Euro_PanAsia (독일),True,사용자 검수 완료
TalkFile_202601스티커작업실적.pdf,17,2026-01,2026-01-16,9.5,6,초코파이바나나,336,8,60,480.0,Euro_PanAsia (독일),True,사용자 검수 완료
TalkFile_202601스티커작업실적.pdf,17,2026-01,2026-01-16,9.5,7,초코파이흑당밀크,336,8,100,800.0,Euro_PanAsia (독일),True,사용자 검수 완료
TalkFile_202601스티커작업실적.pdf,17,2026-01,2026-01-16,9.5,8,초코파이카카오,336,8,70,560.0,Euro_PanAsia (독일),True,사용자 검수 완료
TalkFile_202601스티커작업실적.pdf,17,2026-01,2026-01-16,9.5,9,초코파이,168,16,150,2400.0,Euro_PanAsia (독일),True,사용자 검수 완료
TalkFile_202601스티커작업실적.pdf,17,2026-01,2026-01-16,9.5,10,카스타드,138,12,100,1200.0,Euro_PanAsia (독일),True,사용자 검수 완료
TalkFile_202601스티커작업실적.pdf,17,2026-01,2026-01-16,9.5,11,몽쉘오리지날,204,16,80,1280.0,Euro_PanAsia (독일),True,사용자 검수 완료
TalkFile_202601스티커작업실적.pdf,17,2026-01,2026-01-16,9.5,12,몽쉘카카오,204,16,60,960.0,Euro_PanAsia (독일),True,사용자 검수 완료
TalkFile_202601스티커작업실적.pdf,17,2026-01,2026-01-16,9.5,13,자일리톨알파오리지널,86,4,20,80.0,Euro_PanAsia (독일),True,사용자 검수 완료
TalkFile_202601스티커작업실적.pdf,17,2026-01,2026-01-16,9.5,14,말랑카우밀크,79,20,38,760.0,Euro_PanAsia (독일),True,사용자 검수 완료
TalkFile_202601스티커작업실적.pdf,18,2026-01,2026-01-15,10.0,1,마이쮸포도,44x15,120,5,600.0,Global_Mart_Canada (캐나다),True,사용자 검수 완료 / 연장 2시간
TalkFile_202601스티커작업실적.pdf,18,2026-01,2026-01-15,10.0,2,마이쮸애플망고,44x15,120,2,240.0,Global_Mart_Canada (캐나다),True,사용자 검수 완료 / 연장 2시간
TalkFile_202601스티커작업실적.pdf,18,2026-01,2026-01-15,10.0,3,마이쮸핑크리치,44x15,120,2,240.0,Global_Mart_Canada (캐나다),True,사용자 검수 완료 / 연장 2시간
TalkFile_202601스티커작업실적.pdf,18,2026-01,2026-01-15,10.0,4,초코하임,284,12,60,720.0,Global_Mart_Canada (캐나다),True,사용자 검수 완료 / 연장 2시간
TalkFile_202601스티커작업실적.pdf,18,2026-01,2026-01-15,10.0,5,애플샌드,272,12,20,240.0,Global_Mart_Canada (캐나다),True,사용자 검수 완료 / 연장 2시간
TalkFile_202601스티커작업실적.pdf,18,2026-01,2026-01-15,10.0,6,산도크림,161,12,20,240.0,Global_Mart_Canada (캐나다),True,사용자 검수 완료 / 연장 2시간
TalkFile_202601스티커작업실적.pdf,18,2026-01,2026-01-15,10.0,7,빅파이딸기,324,12,20,240.0,Global_Mart_Canada (캐나다),True,사용자 검수 완료 / 연장 2시간
TalkFile_202601스티커작업실적.pdf,18,2026-01,2026-01-15,10.0,8,빅파이딸기,216,12,20,240.0,Global_Mart_Canada (캐나다),True,사용자 검수 완료 / 연장 2시간
TalkFile_202601스티커작업실적.pdf,18,2026-01,2026-01-15,10.0,9,참크래커,56,24,20,480.0,Global_Mart_Canada (캐나다),True,사용자 검수 완료 / 연장 2시간
TalkFile_202601스티커작업실적.pdf,18,2026-01,2026-01-15,10.0,10,쿠크다스커피,128,18,10,180.0,Global_Mart_Canada (캐나다),True,사용자 검수 완료 / 연장 2시간
TalkFile_202601스티커작업실적.pdf,18,2026-01,2026-01-15,10.0,11,뽀또치즈타르트,322,10,25,250.0,Global_Mart_Canada (캐나다),True,사용자 검수 완료 / 연장 2시간
TalkFile_202601스티커작업실적.pdf,18,2026-01,2026-01-15,10.0,12,뽀또치즈타르트,161,12,15,180.0,Global_Mart_Canada (캐나다),True,사용자 검수 완료 / 연장 2시간
TalkFile_202601스티커작업실적.pdf,18,2026-01,2026-01-15,10.0,13,쿠크다스화이트,289,10,30,300.0,Global_Mart_Canada (캐나다),True,사용자 검수 완료 / 연장 2시간
TalkFile_202601스티커작업실적.pdf,18,2026-01,2026-01-15,10.0,14,화이트하임,284,12,25,300.0,Global_Mart_Canada (캐나다),True,사용자 검수 완료 / 연장 2시간
TalkFile_202601스티커작업실적.pdf,18,2026-01,2026-01-15,10.0,15,초코하임,142,20,30,600.0,Global_Mart_Canada (캐나다),True,사용자 검수 완료 / 연장 2시간
TalkFile_202601스티커작업실적.pdf,18,2026-01,2026-01-15,10.0,16,산도크림,323,8,15,120.0,Global_Mart_Canada (캐나다),True,사용자 검수 완료 / 연장 2시간
TalkFile_202601스티커작업실적.pdf,18,2026-01,2026-01-15,10.0,17,산도딸기,323,8,20,160.0,Global_Mart_Canada (캐나다),True,사용자 검수 완료 / 연장 2시간
TalkFile_202601스티커작업실적.pdf,18,2026-01,2026-01-15,10.0,18,고소한땅콩샌드,93,20,10,200.0,Global_Mart_Canada (캐나다),True,사용자 검수 완료 / 연장 2시간
TalkFile_202601스티커작업실적.pdf,18,2026-01,2026-01-15,10.0,19,고소한땅콩샌드,279,12,25,300.0,Global_Mart_Canada (캐나다),True,사용자 검수 완료 / 연장 2시간
TalkFile_202601스티커작업실적.pdf,18,2026-01,2026-01-15,10.0,20,버터와플,135,12,15,180.0,Global_Mart_Canada (캐나다),True,사용자 검수 완료 / 연장 2시간
TalkFile_202601스티커작업실적.pdf,18,2026-01,2026-01-15,10.0,21,참쌀누룽지,216,10,30,300.0,Global_Mart_Canada (캐나다),True,사용자 검수 완료 / 연장 2시간
TalkFile_202601스티커작업실적.pdf,18,2026-01,2026-01-15,10.0,22,애플샌드,91,20,20,400.0,Global_Mart_Canada (캐나다),True,사용자 검수 완료 / 연장 2시간
TalkFile_202601스티커작업실적.pdf,18,2026-01,2026-01-15,10.0,23,비단박하,140,20,10,200.0,Global_Mart_Canada (캐나다),True,사용자 검수 완료 / 연장 2시간
TalkFile_202601스티커작업실적.pdf,18,2026-01,2026-01-15,10.0,24,왕꿈틀이,67,40,10,400.0,Global_Mart_Canada (캐나다),True,사용자 검수 완료 / 연장 2시간
TalkFile_202601스티커작업실적.pdf,18,2026-01,2026-01-15,10.0,25,다이제(롤),194,16,10,160.0,Global_Mart_Canada (캐나다),True,사용자 검수 완료 / 연장 2시간
TalkFile_202601스티커작업실적.pdf,18,2026-01,2026-01-15,10.0,26,다이제초코(롤),225,16,10,160.0,Global_Mart_Canada (캐나다),True,사용자 검수 완료 / 연장 2시간
TalkFile_202601스티커작업실적.pdf,18,2026-01,2026-01-15,10.0,27,예감오리지날,64,20,20,400.0,Global_Mart_Canada (캐나다),True,사용자 검수 완료 / 연장 2시간
TalkFile_202601스티커작업실적.pdf,18,2026-01,2026-01-15,10.0,28,예감치즈,64,20,20,400.0,Global_Mart_Canada (캐나다),True,사용자 검수 완료 / 연장 2시간
TalkFile_202601스티커작업실적.pdf,18,2026-01,2026-01-15,10.0,29,바이오생과즙,99,14,10,140.0,Global_Mart_Canada (캐나다),True,사용자 검수 완료 / 연장 2시간
TalkFile_202601스티커작업실적.pdf,18,2026-01,2026-01-15,10.0,30,바이오생우유,99,14,10,140.0,Global_Mart_Canada (캐나다),True,사용자 검수 완료 / 연장 2시간
TalkFile_202601스티커작업실적.pdf,18,2026-01,2026-01-15,10.0,31,촉칩,160,20,15,300.0,Global_Mart_Canada (캐나다),True,사용자 검수 완료 / 연장 2시간
TalkFile_202601스티커작업실적.pdf,19,2026-01,2026-01-15,10.0,32,통아몬드,90,14,10,140.0,Global_Mart_Canada (캐나다),True,사용자 검수 완료 / 연장 2시간 / Page 19 연속 구간
TalkFile_202601스티커작업실적.pdf,19,2026-01,2026-01-15,10.0,33,수출오땅,202,16,20,320.0,Global_Mart_Canada (캐나다),True,사용자 검수 완료 / 연장 2시간 / Page 19 연속 구간
TalkFile_202601스티커작업실적.pdf,19,2026-01,2026-01-15,10.0,34,땅콩강정,167,18,15,270.0,Global_Mart_Canada (캐나다),True,사용자 검수 완료 / 연장 2시간 / Page 19 연속 구간
TalkFile_202601스티커작업실적.pdf,19,2026-01,2026-01-15,10.0,35,꼬북칩콘스프,80,12,80,960.0,Global_Mart_Canada (캐나다),True,사용자 검수 완료 / 연장 2시간 / Page 19 연속 구간
TalkFile_202601스티커작업실적.pdf,19,2026-01,2026-01-15,10.0,36,포카칩어니언,137,12,30,360.0,Global_Mart_Canada (캐나다),True,사용자 검수 완료 / 연장 2시간 / Page 19 연속 구간
TalkFile_202601스티커작업실적.pdf,19,2026-01,2026-01-15,10.0,37,꼬북칩초코츄러스,160,14,80,1120.0,Global_Mart_Canada (캐나다),True,사용자 검수 완료 / 연장 2시간 / Page 19 연속 구간
TalkFile_202601스티커작업실적.pdf,19,2026-01,2026-01-15,10.0,38,수출오감자칠리,115,12,25,300.0,Global_Mart_Canada (캐나다),True,사용자 검수 완료 / 연장 2시간 / Page 19 연속 구간
TalkFile_202601스티커작업실적.pdf,19,2026-01,2026-01-15,10.0,39,썬핫스파이시,135,12,80,960.0,Global_Mart_Canada (캐나다),True,사용자 검수 완료 / 연장 2시간 / Page 19 연속 구간
TalkFile_202601스티커작업실적.pdf,19,2026-01,2026-01-15,10.0,40,포카칩어니언,66,20,40,800.0,Global_Mart_Canada (캐나다),True,사용자 검수 완료 / 연장 2시간 / Page 19 연속 구간
TalkFile_202601스티커작업실적.pdf,19,2026-01,2026-01-15,10.0,41,포카칩오리지널,66,20,35,700.0,Global_Mart_Canada (캐나다),True,사용자 검수 완료 / 연장 2시간 / Page 19 연속 구간
TalkFile_202601스티커작업실적.pdf,19,2026-01,2026-01-15,10.0,42,스윙칩볶음,124,12,40,480.0,Global_Mart_Canada (캐나다),True,사용자 검수 완료 / 연장 2시간 / Page 19 연속 구간
TalkFile_202601스티커작업실적.pdf,19,2026-01,2026-01-15,10.0,43,쫄병스낵바베큐맛,82,30,30,900.0,Global_Mart_Canada (캐나다),True,사용자 검수 완료 / 연장 2시간 / Page 19 연속 구간
TalkFile_202601스티커작업실적.pdf,19,2026-01,2026-01-15,10.0,44,쫄병스낵매콤한맛,82,30,30,900.0,Global_Mart_Canada (캐나다),True,사용자 검수 완료 / 연장 2시간 / Page 19 연속 구간
TalkFile_202601스티커작업실적.pdf,19,2026-01,2026-01-15,10.0,45,쫄병스낵짜파게티맛,77,30,10,300.0,Global_Mart_Canada (캐나다),True,사용자 검수 완료 / 연장 2시간 / Page 19 연속 구간
TalkFile_202601스티커작업실적.pdf,19,2026-01,2026-01-15,10.0,46,쫄병스낵안성탕면맛,77,30,25,750.0,Global_Mart_Canada (캐나다),True,사용자 검수 완료 / 연장 2시간 / Page 19 연속 구간
TalkFile_202601스티커작업실적.pdf,19,2026-01,2026-01-15,10.0,47,먹태깡청양마요맛,60,16,20,320.0,Global_Mart_Canada (캐나다),True,사용자 검수 완료 / 연장 2시간 / Page 19 연속 구간
TalkFile_202601스티커작업실적.pdf,19,2026-01,2026-01-15,10.0,48,나랑드사이다파인애플,245x6,30,15,450.0,Global_Mart_Canada (캐나다),True,사용자 검수 완료 / 연장 2시간 / Page 19 연속 구간
TalkFile_202601스티커작업실적.pdf,19,2026-01,2026-01-15,10.0,49,나랑드사이다그린애플,245x6,30,15,450.0,Global_Mart_Canada (캐나다),True,사용자 검수 완료 / 연장 2시간 / Page 19 연속 구간
TalkFile_202601스티커작업실적.pdf,19,2026-01,2026-01-15,10.0,50,데미소다복숭아,250x6,30,20,600.0,Global_Mart_Canada (캐나다),True,사용자 검수 완료 / 연장 2시간 / Page 19 연속 구간
TalkFile_202601스티커작업실적.pdf,19,2026-01,2026-01-15,10.0,51,데미소다애플,250x6,30,20,600.0,Global_Mart_Canada (캐나다),True,사용자 검수 완료 / 연장 2시간 / Page 19 연속 구간
TalkFile_202601스티커작업실적.pdf,19,2026-01,2026-01-15,10.0,52,웰치스청포도,355,24,100,2400.0,Global_Mart_Canada (캐나다),True,사용자 검수 완료 / 연장 2시간 / Page 19 연속 구간
TalkFile_202601스티커작업실적.pdf,19,2026-01,2026-01-15,10.0,53,칠성사이다,1.5,12,55,660.0,Global_Mart_Canada (캐나다),True,사용자 검수 완료 / 연장 2시간 / Page 19 연속 구간
TalkFile_202601스티커작업실적.pdf,19,2026-01,2026-01-15,10.0,54,제주감귤,1.5,12,45,540.0,Global_Mart_Canada (캐나다),True,사용자 검수 완료 / 연장 2시간 / Page 19 연속 구간
TalkFile_202601스티커작업실적.pdf,19,2026-01,2026-01-15,10.0,55,캐나다용화이트빼빼로,32,40,216,8640.0,1787,True,"사용자 검수 완료 / 연장 2시간 / 원본 x2 메모 가능성, 원본 스티커 수량 유지 / Page 19 연속 구간"
TalkFile_202601스티커작업실적.pdf,19,2026-01,2026-01-15,10.0,56,캐나다용초코쿠키빼빼로,32,40,144,5760.0,1787,True,"사용자 검수 완료 / 연장 2시간 / 원본 x2 메모 가능성, 원본 스티커 수량 유지 / Page 19 연속 구간"
TalkFile_202601스티커작업실적.pdf,19,2026-01,2026-01-15,10.0,57,캐나다용초코빼빼로,47,40,144,5760.0,1787,True,"사용자 검수 완료 / 연장 2시간 / 원본 x2 메모 가능성, 원본 스티커 수량 유지 / Page 19 연속 구간"
TalkFile_202601스티커작업실적.pdf,19,2026-01,2026-01-15,10.0,58,캐나다용아몬드빼빼로벌크,128,9,270,4860.0,1787,True,사용자 검수 완료 / 연장 2시간 / 입량×작업수량 계산값 2430과 불일치 / CHECK_QTY_MISMATCH 필요 / Page 19 연속 구간
TalkFile_202601스티커작업실적.pdf,19,2026-01,2026-01-15,10.0,59,몽쉘오리지날,204,16,50,1600.0,1787,True,"사용자 검수 완료 / 연장 2시간 / 원본 스티커 수량 유지, 계산값 800과 불일치 / CHECK_QTY_MISMATCH 필요 / Page 19 연속 구간"
TalkFile_202601스티커작업실적.pdf,19,2026-01,2026-01-15,10.0,60,초코파이녹차,336,8,50,800.0,1787,True,"사용자 검수 완료 / 연장 2시간 / 원본 스티커 수량 유지, 계산값 400과 불일치 / CHECK_QTY_MISMATCH 필요 / Page 19 연속 구간"
TalkFile_202601스티커작업실적.pdf,20,2026-01,2026-01-15,10.0,61,칸쵸,42,32,72,2304.0,1787,True,사용자 검수 완료 / 연장 2시간 / Page 20 연속 구간
TalkFile_202601스티커작업실적.pdf,20,2026-01,2026-01-15,10.0,62,제로초콜릿칩쿠키,168,12,150,1800.0,1787,True,사용자 검수 완료 / 연장 2시간 / Page 20 연속 구간
TalkFile_202601스티커작업실적.pdf,20,2026-01,2026-01-15,10.0,63,제로쿠앤크샌드,288,12,150,1800.0,1787,True,사용자 검수 완료 / 연장 2시간 / Page 20 연속 구간
TalkFile_202601스티커작업실적.pdf,20,2026-01,2026-01-15,10.0,64,제로시트러스유자젤리,238,18,16,288.0,1787,True,사용자 검수 완료 / 연장 2시간 / Page 20 연속 구간
TalkFile_202601스티커작업실적.pdf,21,2026-01,2026-01-14,0.0,1,화이트엔젤큐티,27,36,229,8244.0,해태 러시아,True,사용자 검수 완료 / 인원 미기재로 0 입력 / 사용자 수정 반영
TalkFile_202601스티커작업실적.pdf,21,2026-01,2026-01-14,0.0,2,The빠새,100,10,300,3000.0,K83,True,사용자 검수 완료 / 인원 미기재로 0 입력
TalkFile_202601스티커작업실적.pdf,21,2026-01,2026-01-14,0.0,3,구운감자슬림,240,12,50,600.0,K83,True,사용자 검수 완료 / 인원 미기재로 0 입력
TalkFile_202601스티커작업실적.pdf,21,2026-01,2026-01-14,0.0,4,에이스씬에스프레소,291,12,500,6000.0,K83,True,사용자 검수 완료 / 인원 미기재로 0 입력 / 사용자 수정 반영
TalkFile_202601스티커작업실적.pdf,21,2026-01,2026-01-14,0.0,5,에이스바스크치즈,364,10,500,5000.0,K83,True,사용자 검수 완료 / 인원 미기재로 0 입력 / 사용자 수정 반영
TalkFile_202601스티커작업실적.pdf,21,2026-01,2026-01-14,0.0,6,구운고구마,135,10,300,3000.0,K83,True,사용자 검수 완료 / 인원 미기재로 0 입력
TalkFile_202601스티커작업실적.pdf,21,2026-01,2026-01-14,0.0,7,홈런볼초코지컵,51,24,20,480.0,Global_Mart_Canada (캐나다),True,사용자 검수 완료 / 인원 미기재로 0 입력
TalkFile_202601스티커작업실적.pdf,21,2026-01,2026-01-14,0.0,8,연양갱,500,10,20,200.0,Global_Mart_Canada (캐나다),True,사용자 검수 완료 / 인원 미기재로 0 입력
TalkFile_202601스티커작업실적.pdf,21,2026-01,2026-01-14,0.0,9,연양갱,55,80,15,1200.0,Global_Mart_Canada (캐나다),True,사용자 검수 완료 / 인원 미기재로 0 입력 / 입량 80으로 사용자 수정 반영
TalkFile_202601스티커작업실적.pdf,21,2026-01,2026-01-14,0.0,10,맛동산,155,12,20,240.0,Global_Mart_Canada (캐나다),True,사용자 검수 완료 / 인원 미기재로 0 입력
TalkFile_202601스티커작업실적.pdf,21,2026-01,2026-01-14,0.0,11,알사탕,126,16,10,160.0,Global_Mart_Canada (캐나다),True,사용자 검수 완료 / 인원 미기재로 0 입력
TalkFile_202601스티커작업실적.pdf,21,2026-01,2026-01-14,0.0,12,오사쯔,100,10,20,200.0,Global_Mart_Canada (캐나다),True,사용자 검수 완료 / 인원 미기재로 0 입력
TalkFile_202601스티커작업실적.pdf,21,2026-01,2026-01-14,0.0,13,맛동산,90,20,10,200.0,Global_Mart_Canada (캐나다),True,사용자 검수 완료 / 인원 미기재로 0 입력
TalkFile_202601스티커작업실적.pdf,21,2026-01,2026-01-14,0.0,14,후렌치파이딸기,192,12,10,120.0,Global_Mart_Canada (캐나다),True,사용자 검수 완료 / 인원 미기재로 0 입력
TalkFile_202601스티커작업실적.pdf,21,2026-01,2026-01-14,0.0,15,후렌치파이사과,192,12,10,120.0,Global_Mart_Canada (캐나다),True,사용자 검수 완료 / 인원 미기재로 0 입력
TalkFile_202601스티커작업실적.pdf,21,2026-01,2026-01-14,0.0,16,칸츄리콘,90,16,20,320.0,Global_Mart_Canada (캐나다),True,사용자 검수 완료 / 인원 미기재로 0 입력
TalkFile_202601스티커작업실적.pdf,21,2026-01,2026-01-14,0.0,17,에이스씬에스프레소,145,16,20,320.0,Global_Mart_Canada (캐나다),True,사용자 검수 완료 / 인원 미기재로 0 입력
TalkFile_202601스티커작업실적.pdf,21,2026-01,2026-01-14,0.0,18,에이스바스크치즈,364,10,20,200.0,Global_Mart_Canada (캐나다),True,사용자 검수 완료 / 인원 미기재로 0 입력
TalkFile_202601스티커작업실적.pdf,21,2026-01,2026-01-14,0.0,19,신쫄이딸기맛,24,120,20,2400.0,Global_Mart_Canada (캐나다),True,사용자 검수 완료 / 인원 미기재로 0 입력
TalkFile_202601스티커작업실적.pdf,21,2026-01,2026-01-14,0.0,20,신쫄이샤인머스캣,24,120,20,2400.0,Global_Mart_Canada (캐나다),True,사용자 검수 완료 / 인원 미기재로 0 입력
TalkFile_202601스티커작업실적.pdf,21,2026-01,2026-01-14,0.0,21,신쫄이레몬콜라맛,24,120,15,1800.0,Global_Mart_Canada (캐나다),True,사용자 검수 완료 / 인원 미기재로 0 입력
TalkFile_202601스티커작업실적.pdf,21,2026-01,2026-01-14,0.0,22,신쫄이사과맛,24,120,15,1800.0,Global_Mart_Canada (캐나다),True,사용자 검수 완료 / 인원 미기재로 0 입력
TalkFile_202601스티커작업실적.pdf,21,2026-01,2026-01-14,0.0,23,신당동떡볶이,110,24,15,360.0,Global_Mart_Canada (캐나다),True,사용자 검수 완료 / 인원 미기재로 0 입력
TalkFile_202601스티커작업실적.pdf,21,2026-01,2026-01-14,0.0,24,아이비,309,10,25,250.0,Global_Mart_Canada (캐나다),True,사용자 검수 완료 / 인원 미기재로 0 입력
TalkFile_202601스티커작업실적.pdf,21,2026-01,2026-01-14,0.0,25,마이쮸자일리톨복숭아,110,24,15,360.0,Global_Mart_Canada (캐나다),True,사용자 검수 완료 / 인원 미기재로 0 입력
TalkFile_202601스티커작업실적.pdf,21,2026-01,2026-01-14,0.0,26,마이쮸자일리톨딸기,110,24,15,360.0,Global_Mart_Canada (캐나다),True,사용자 검수 완료 / 인원 미기재로 0 입력
TalkFile_202601스티커작업실적.pdf,22,2026-01,2026-01-13,10.0,1,스노위아몬드빼빼로,32,80,165,13200.0,1479,True,사용자 검수 완료 / 원본 입량 x2 메모 반영
TalkFile_202601스티커작업실적.pdf,22,2026-01,2026-01-13,10.0,2,캐나다용아몬드빼빼로,32,40,504,20160.0,1479,True,사용자 검수 완료
TalkFile_202601스티커작업실적.pdf,22,2026-01,2026-01-13,10.0,3,초코필드빼빼로,45,80,216,17280.0,1479,True,사용자 검수 완료 / 원본 입량 x2 메모 반영
TalkFile_202601스티커작업실적.pdf,22,2026-01,2026-01-13,10.0,4,크런키빼빼로벌크,140,18,54,972.0,1479,True,사용자 검수 완료 / 원본 입량 x2 메모 반영
TalkFile_202601스티커작업실적.pdf,22,2026-01,2026-01-13,10.0,5,몽쉘카카오,204,32,50,1600.0,1479,True,사용자 검수 완료 / 원본 입량 x2 메모 반영
TalkFile_202601스티커작업실적.pdf,22,2026-01,2026-01-13,10.0,6,몽쉘오리지날,204,32,50,1600.0,1479,True,사용자 검수 완료 / 원본 입량 x2 메모 반영
TalkFile_202601스티커작업실적.pdf,22,2026-01,2026-01-13,10.0,7,칸쵸,42,64,72,4608.0,1479,True,사용자 검수 완료 / 원본 입량 x2 메모 반영 / 작업수량 72 사용자 수정 반영
TalkFile_202601스티커작업실적.pdf,22,2026-01,2026-01-13,10.0,8,카스타드,276,16,80,1280.0,1479,True,사용자 검수 완료 / 원본 입량 x2 메모 반영
TalkFile_202601스티커작업실적.pdf,22,2026-01,2026-01-13,10.0,9,초코파이카카오,336,16,50,800.0,1479,True,사용자 검수 완료 / 원본 입량 x2 메모 반영
TalkFile_202601스티커작업실적.pdf,22,2026-01,2026-01-13,10.0,10,초코픽,45,24,288,6912.0,해태 러시아 사이베리아,True,사용자 검수 완료
TalkFile_202601스티커작업실적.pdf,22,2026-01,2026-01-13,10.0,11,화이트엔젤큐티,27,36,59,2124.0,해태 러시아 사이베리아,True,사용자 검수 완료
TalkFile_202601스티커작업실적.pdf,23,2026-01,2026-01-12,10.0,1,초코필드빼빼로,45,80,432,34560.0,1410,True,사용자 검수 완료 / 연장 2시간 / 원본 입량 x2 메모 반영
TalkFile_202601스티커작업실적.pdf,23,2026-01,2026-01-12,10.0,2,크런키빼빼로벌크,140,18,270,4860.0,1410,True,사용자 검수 완료 / 연장 2시간 / 원본 입량 x2 메모 반영
TalkFile_202601스티커작업실적.pdf,23,2026-01,2026-01-12,10.0,3,캐나다용초코쿠키빼빼로,32,40,342,54720.0,1410,True,사용자 검수 완료 / 연장 2시간 / 작업수량 342 사용자 수정 반영 / 원본 x4 메모 반영
TalkFile_202601스티커작업실적.pdf,23,2026-01,2026-01-12,10.0,4,캐나다용아몬드빼빼로,32,40,576,23040.0,1410,True,사용자 검수 완료 / 연장 2시간
TalkFile_202601스티커작업실적.pdf,23,2026-01,2026-01-12,10.0,5,초코파이바나나,336,16,200,3200.0,1479,True,사용자 검수 완료 / 연장 2시간 / 원본 입량 x2 메모 반영
TalkFile_202601스티커작업실적.pdf,23,2026-01,2026-01-12,10.0,6,초코파이바나나,336,16,50,800.0,1479,True,사용자 검수 완료 / 연장 2시간 / 원본 입량 x2 메모 반영
TalkFile_202601스티커작업실적.pdf,23,2026-01,2026-01-12,10.0,7,캐나다용딸기빼빼로,32,40,72,2880.0,1479,True,사용자 검수 완료 / 연장 2시간
TalkFile_202601스티커작업실적.pdf,23,2026-01,2026-01-12,10.0,8,스노위아몬드빼빼로,32,80,123,9840.0,1479,True,사용자 검수 완료 / 연장 2시간 / 원본 입량 x2 메모 반영
TalkFile_202601스티커작업실적.pdf,24,2026-01,2026-01-10,8.0,1,바이오필파인애플,63x25,4,120,480.0,토론토,True,사용자 검수 완료
TalkFile_202601스티커작업실적.pdf,24,2026-01,2026-01-10,8.0,2,바이오필플레인,63x25,4,2400,9600.0,토론토,True,사용자 검수 완료 / 작업수량 2400 사용자 수정 반영
TalkFile_202601스티커작업실적.pdf,24,2026-01,2026-01-10,8.0,3,캐나다용딸기빼빼로,32,40,360,14400.0,1410,True,사용자 검수 완료
TalkFile_202601스티커작업실적.pdf,25,2026-01,2026-01-09,9.0,1,아이스톡블루레몬에이드,230,50,67,3350.0,Euro_PanAsia (오스트리아),True,사용자 검수 완료
TalkFile_202601스티커작업실적.pdf,25,2026-01,2026-01-09,9.0,2,아이스톡블루베리에이드,230,50,112,5600.0,Euro_PanAsia (오스트리아),True,사용자 검수 완료
TalkFile_202601스티커작업실적.pdf,25,2026-01,2026-01-09,9.0,3,아이스톡청포도에이드,230,50,112,5600.0,Euro_PanAsia (오스트리아),True,사용자 검수 완료
TalkFile_202601스티커작업실적.pdf,25,2026-01,2026-01-09,9.0,4,새콤달콤딸기,29x15,6,40,240.0,Euro_PanAsia (오스트리아),True,사용자 검수 완료
TalkFile_202601스티커작업실적.pdf,25,2026-01,2026-01-09,9.0,5,새콤달콤포도,29x15,6,50,300.0,Euro_PanAsia (오스트리아),True,사용자 검수 완료
TalkFile_202601스티커작업실적.pdf,25,2026-01,2026-01-09,9.0,6,쿠크다스화이트,77,21,30,630.0,Euro_PanAsia (오스트리아),True,사용자 검수 완료
TalkFile_202601스티커작업실적.pdf,25,2026-01,2026-01-09,9.0,7,화이트하임,47,21,30,630.0,Euro_PanAsia (오스트리아),True,사용자 검수 완료
TalkFile_202601스티커작업실적.pdf,25,2026-01,2026-01-09,9.0,8,초코하임,47,21,30,630.0,Euro_PanAsia (오스트리아),True,사용자 검수 완료
TalkFile_202601스티커작업실적.pdf,25,2026-01,2026-01-09,9.0,9,산도딸기,161,12,20,240.0,Euro_PanAsia (오스트리아),True,사용자 검수 완료
TalkFile_202601스티커작업실적.pdf,25,2026-01,2026-01-09,9.0,10,츄러스,84,16,7,112.0,Euro_PanAsia (오스트리아),True,사용자 검수 완료
TalkFile_202601스티커작업실적.pdf,25,2026-01,2026-01-09,9.0,11,카라멜콘메이플,74,16,30,480.0,Euro_PanAsia (오스트리아),True,사용자 검수 완료
TalkFile_202601스티커작업실적.pdf,25,2026-01,2026-01-09,9.0,12,콘치크림치즈,66,18,30,540.0,Euro_PanAsia (오스트리아),True,사용자 검수 완료
TalkFile_202601스티커작업실적.pdf,25,2026-01,2026-01-09,9.0,13,죠리퐁,74,16,34,544.0,Euro_PanAsia (오스트리아),True,사용자 검수 완료
TalkFile_202601스티커작업실적.pdf,25,2026-01,2026-01-09,9.0,14,오사쯔,100,10,200,2000.0,K82,True,사용자 검수 완료
TalkFile_202601스티커작업실적.pdf,25,2026-01,2026-01-09,9.0,15,광동비타500치어팩,250,30,60,1800.0,광동 코즈월드,True,사용자 검수 완료
TalkFile_202601스티커작업실적.pdf,25,2026-01,2026-01-09,9.0,16,광동옥수수수염차,500,20,130,2600.0,광동 코즈월드,True,사용자 검수 완료
TalkFile_202601스티커작업실적.pdf,25,2026-01,2026-01-09,9.0,17,광동옥수수수염차,1.5,12,120,1440.0,광동 코즈월드,True,사용자 검수 완료
TalkFile_202601스티커작업실적.pdf,25,2026-01,2026-01-09,9.0,18,광동진한헛개차,500,20,80,1600.0,광동 코즈월드,True,사용자 검수 완료
TalkFile_202601스티커작업실적.pdf,25,2026-01,2026-01-09,9.0,19,광동진한헛개차,1.5,12,100,1200.0,광동 코즈월드,True,사용자 검수 완료
TalkFile_202601스티커작업실적.pdf,25,2026-01,2026-01-09,9.0,20,광동우엉차,500,24,50,1200.0,광동 코즈월드,True,사용자 검수 완료
TalkFile_202601스티커작업실적.pdf,25,2026-01,2026-01-09,9.0,21,광동헛개파워,100,50,25,1250.0,광동 코즈월드,True,사용자 검수 완료
TalkFile_202601스티커작업실적.pdf,25,2026-01,2026-01-09,9.0,22,광동진홍삼골드,100,100,30,300.0,광동 코즈월드,True,사용자 검수 완료 / 원본 스티커 수량 유지 / 입량×작업수량 계산값 3000과 불일치 / CHECK_QTY_MISMATCH 필요 / 실작업 단위 10 가능성
TalkFile_202601스티커작업실적.pdf,25,2026-01,2026-01-09,9.0,23,광동쌍화골드,100,100,30,300.0,광동 코즈월드,True,사용자 검수 완료 / 원본 스티커 수량 유지 / 입량×작업수량 계산값 3000과 불일치 / CHECK_QTY_MISMATCH 필요 / 실작업 단위 10 가능성
TalkFile_202601스티커작업실적.pdf,25,2026-01,2026-01-09,9.0,24,바이오필파인애플,63x25,4,180,720.0,토론토,True,사용자 검수 완료
TalkFile_202601스티커작업실적.pdf,26,2026-01,2026-01-08,9.0,1,마린보이,40,30,15,450.0,Euro_PanAsia (오스트리아),True,사용자 검수 완료 / 연장 2시간
TalkFile_202601스티커작업실적.pdf,26,2026-01,2026-01-08,9.0,2,땅콩강정,80,12,50,600.0,Euro_PanAsia (오스트리아),True,사용자 검수 완료 / 연장 2시간
TalkFile_202601스티커작업실적.pdf,26,2026-01,2026-01-08,9.0,3,수출오땅,98,16,50,800.0,Euro_PanAsia (오스트리아),True,사용자 검수 완료 / 연장 2시간
TalkFile_202601스티커작업실적.pdf,26,2026-01,2026-01-08,9.0,4,고소미,70,20,30,600.0,Euro_PanAsia (오스트리아),True,사용자 검수 완료 / 연장 2시간
TalkFile_202601스티커작업실적.pdf,26,2026-01,2026-01-08,9.0,5,오리온샌드나,77,24,30,720.0,Euro_PanAsia (오스트리아),True,사용자 검수 완료 / 연장 2시간
TalkFile_202601스티커작업실적.pdf,26,2026-01,2026-01-08,9.0,6,포카칩오리지널,66,20,20,400.0,Euro_PanAsia (오스트리아),True,사용자 검수 완료 / 연장 2시간
TalkFile_202601스티커작업실적.pdf,26,2026-01,2026-01-08,9.0,7,꼬북칩초코츄러스,160,14,30,420.0,Euro_PanAsia (오스트리아),True,사용자 검수 완료 / 연장 2시간
TalkFile_202601스티커작업실적.pdf,26,2026-01,2026-01-08,9.0,8,초코파이,468,8,170,1360.0,Euro_PanAsia (오스트리아),True,사용자 검수 완료 / 연장 2시간
TalkFile_202601스티커작업실적.pdf,26,2026-01,2026-01-08,9.0,9,아이스톡패션망고에이드,230,50,112,5600.0,Euro_PanAsia (오스트리아),True,사용자 검수 완료 / 연장 2시간
TalkFile_202601스티커작업실적.pdf,26,2026-01,2026-01-08,9.0,10,꼬북칩콘스프,80,12,130,1560.0,Euro_PanAsia (오스트리아),True,사용자 검수 완료 / 연장 2시간 / 작업수량 130 사용자 수정 반영
TalkFile_202601스티커작업실적.pdf,26,2026-01,2026-01-08,9.0,11,바나나킥,75,20,30,600.0,Euro_PanAsia (오스트리아),True,사용자 검수 완료 / 연장 2시간
TalkFile_202601스티커작업실적.pdf,26,2026-01,2026-01-08,9.0,12,쌀대롱,220,16,30,480.0,Euro_PanAsia (오스트리아),True,사용자 검수 완료 / 연장 2시간
TalkFile_202601스티커작업실적.pdf,26,2026-01,2026-01-08,9.0,13,떳다떡볶이스낵,105,24,30,720.0,Euro_PanAsia (오스트리아),True,사용자 검수 완료 / 연장 2시간
TalkFile_202601스티커작업실적.pdf,26,2026-01,2026-01-08,9.0,14,신당동떡볶이,110,24,30,720.0,Euro_PanAsia (오스트리아),True,사용자 검수 완료 / 연장 2시간
TalkFile_202601스티커작업실적.pdf,26,2026-01,2026-01-08,9.0,15,허니버터칩,60,16,130,2080.0,Euro_PanAsia (오스트리아),True,사용자 검수 완료 / 연장 2시간
TalkFile_202601스티커작업실적.pdf,26,2026-01,2026-01-08,9.0,16,홈런볼초코,46,30,30,900.0,Euro_PanAsia (오스트리아),True,사용자 검수 완료 / 연장 2시간
TalkFile_202601스티커작업실적.pdf,26,2026-01,2026-01-08,9.0,17,에이스,121,30,20,600.0,Euro_PanAsia (오스트리아),True,사용자 검수 완료 / 연장 2시간
TalkFile_202601스티커작업실적.pdf,26,2026-01,2026-01-08,9.0,18,후렌치파이사과,192,12,20,240.0,Euro_PanAsia (오스트리아),True,사용자 검수 완료 / 연장 2시간
TalkFile_202601스티커작업실적.pdf,26,2026-01,2026-01-08,9.0,19,버터링골드,65,24,20,480.0,Euro_PanAsia (오스트리아),True,사용자 검수 완료 / 연장 2시간
TalkFile_202601스티커작업실적.pdf,26,2026-01,2026-01-08,9.0,20,자두캔디,130,16,29,464.0,Euro_PanAsia (오스트리아),True,사용자 검수 완료 / 연장 2시간
TalkFile_202601스티커작업실적.pdf,26,2026-01,2026-01-08,9.0,21,초코픽,45,24,20,480.0,Euro_PanAsia (오스트리아),True,사용자 검수 완료 / 연장 2시간
TalkFile_202601스티커작업실적.pdf,26,2026-01,2026-01-08,9.0,22,구운감자,27,30,30,900.0,Euro_PanAsia (오스트리아),True,사용자 검수 완료 / 연장 2시간
TalkFile_202601스티커작업실적.pdf,26,2026-01,2026-01-08,9.0,23,아이스톡제로복숭아아이스티,230,50,56,2800.0,Euro_PanAsia (오스트리아),True,사용자 검수 완료 / 연장 2시간
TalkFile_202601스티커작업실적.pdf,26,2026-01,2026-01-08,9.0,24,아이스톡석류에이드,230,50,56,2800.0,Euro_PanAsia (오스트리아),True,사용자 검수 완료 / 연장 2시간
TalkFile_202601스티커작업실적.pdf,26,2026-01,2026-01-08,9.0,25,아이스톡아메리카노스위트,230,50,56,2800.0,Euro_PanAsia (오스트리아),True,사용자 검수 완료 / 연장 2시간
TalkFile_202601스티커작업실적.pdf,26,2026-01,2026-01-08,9.0,26,아이스톡복숭아아이스티,230,50,56,2800.0,Euro_PanAsia (오스트리아),True,사용자 검수 완료 / 연장 2시간
TalkFile_202601스티커작업실적.pdf,26,2026-01,2026-01-08,9.0,27,아이스톡수박에이드,230,50,56,2800.0,Euro_PanAsia (오스트리아),True,사용자 검수 완료 / 연장 2시간
TalkFile_202601스티커작업실적.pdf,26,2026-01,2026-01-08,9.0,28,아이스톡아메리카노블랙,230,50,56,2800.0,Euro_PanAsia (오스트리아),True,사용자 검수 완료 / 연장 2시간
TalkFile_202601스티커작업실적.pdf,26,2026-01,2026-01-08,9.0,29,아이스톡블루레몬에이드,230,50,45,2250.0,Euro_PanAsia (오스트리아),True,사용자 검수 완료 / 연장 2시간
TalkFile_202601스티커작업실적.pdf,27,2026-01,2026-01-07,8.0,1,치토스매콤달콤,164,12,310,3720.0,함초롱,True,사용자 검수 완료
TalkFile_202601스티커작업실적.pdf,27,2026-01,2026-01-07,8.0,2,오란씨파인애플,1.5,12,32,384.0,함초롱,True,사용자 검수 완료
TalkFile_202601스티커작업실적.pdf,27,2026-01,2026-01-07,8.0,3,나랑드사이다,1.5,12,32,384.0,함초롱,True,사용자 검수 완료
TalkFile_202601스티커작업실적.pdf,27,2026-01,2026-01-07,8.0,4,나랑드사이다,500,24,54,1296.0,함초롱,True,사용자 검수 완료
TalkFile_202601스티커작업실적.pdf,27,2026-01,2026-01-07,8.0,5,미림,1.8,6,325,1950.0,함초롱,True,사용자 검수 완료
TalkFile_202601스티커작업실적.pdf,27,2026-01,2026-01-07,8.0,6,미림,900,12,65,780.0,함초롱,True,사용자 검수 완료
TalkFile_202601스티커작업실적.pdf,27,2026-01,2026-01-07,8.0,7,나랑드사이다파인애플,500,24,54,1296.0,함초롱,True,사용자 검수 완료
TalkFile_202601스티커작업실적.pdf,27,2026-01,2026-01-07,8.0,8,나랑드사이다그린애플,500,24,54,1296.0,함초롱,True,사용자 검수 완료
TalkFile_202601스티커작업실적.pdf,27,2026-01,2026-01-07,8.0,9,데미소다피치,250x6,5,45,225.0,함초롱,True,사용자 검수 완료
TalkFile_202601스티커작업실적.pdf,27,2026-01,2026-01-07,8.0,10,데미소다청포도,250x6,5,45,225.0,함초롱,True,사용자 검수 완료
TalkFile_202601스티커작업실적.pdf,27,2026-01,2026-01-07,8.0,11,데미소다애플,250x6,5,90,450.0,함초롱,True,사용자 검수 완료
TalkFile_202601스티커작업실적.pdf,27,2026-01,2026-01-07,8.0,12,마이구미포도,66,40,111,4440.0,Euro_PanAsia (오스트리아),True,사용자 검수 완료
TalkFile_202601스티커작업실적.pdf,27,2026-01,2026-01-07,8.0,13,초코송이,50,28,120,3360.0,Euro_PanAsia (오스트리아),True,사용자 검수 완료
TalkFile_202601스티커작업실적.pdf,27,2026-01,2026-01-07,8.0,14,촉칩,160,20,40,800.0,Euro_PanAsia (오스트리아),True,사용자 검수 완료
TalkFile_202601스티커작업실적.pdf,27,2026-01,2026-01-07,8.0,15,통아몬드,90,14,30,420.0,Euro_PanAsia (오스트리아),True,사용자 검수 완료
TalkFile_202601스티커작업실적.pdf,27,2026-01,2026-01-07,8.0,16,수출왕고래볶음,56,24,30,720.0,Euro_PanAsia (오스트리아),True,사용자 검수 완료
TalkFile_202601스티커작업실적.pdf,27,2026-01,2026-01-07,8.0,17,마린보이,40,30,55,1650.0,Euro_PanAsia (오스트리아),True,사용자 검수 완료
TalkFile_202601스티커작업실적.pdf,28,2026-01,2026-01-06,8.5,1,화이트쿠키빼빼로,32,40,50,2000.0,Global_Mart_Canada (캐나다),True,사용자 검수 완료 / 8명 2시간 연장
TalkFile_202601스티커작업실적.pdf,28,2026-01,2026-01-06,8.5,2,초코필드빼빼로,45,40,50,2000.0,Global_Mart_Canada (캐나다),True,사용자 검수 완료 / 8명 2시간 연장
TalkFile_202601스티커작업실적.pdf,28,2026-01,2026-01-06,8.5,3,아몬드빼빼로벌크,128,9,30,270.0,Global_Mart_Canada (캐나다),True,사용자 검수 완료 / 8명 2시간 연장
TalkFile_202601스티커작업실적.pdf,28,2026-01,2026-01-06,8.5,4,화이트빼빼로벌크,128,9,30,270.0,Global_Mart_Canada (캐나다),True,사용자 검수 완료 / 8명 2시간 연장
TalkFile_202601스티커작업실적.pdf,28,2026-01,2026-01-06,8.5,5,자일리톨알파오리지널,86,24,30,720.0,Global_Mart_Canada (캐나다),True,사용자 검수 완료 / 8명 2시간 연장
TalkFile_202601스티커작업실적.pdf,28,2026-01,2026-01-06,8.5,6,자일리톨아이스민트,100,24,30,720.0,Global_Mart_Canada (캐나다),True,사용자 검수 완료 / 8명 2시간 연장
TalkFile_202601스티커작업실적.pdf,28,2026-01,2026-01-06,8.5,7,자일리톨애플민트,100,24,50,1200.0,Global_Mart_Canada (캐나다),True,사용자 검수 완료 / 8명 2시간 연장
TalkFile_202601스티커작업실적.pdf,28,2026-01,2026-01-06,8.5,8,칸쵸벌크,196,12,70,840.0,Global_Mart_Canada (캐나다),True,사용자 검수 완료 / 작업수량 70 사용자 수정 반영 / 8명 2시간 연장
TalkFile_202601스티커작업실적.pdf,28,2026-01,2026-01-06,8.5,9,야채크래커,83,30,10,300.0,Global_Mart_Canada (캐나다),True,사용자 검수 완료 / 8명 2시간 연장
TalkFile_202601스티커작업실적.pdf,28,2026-01,2026-01-06,8.5,10,스카치세가지,157,20,10,200.0,Global_Mart_Canada (캐나다),True,사용자 검수 완료 / 8명 2시간 연장
TalkFile_202601스티커작업실적.pdf,28,2026-01,2026-01-06,8.5,11,몽쉘카카오,408,8,40,320.0,Global_Mart_Canada (캐나다),True,사용자 검수 완료 / 8명 2시간 연장
TalkFile_202601스티커작업실적.pdf,28,2026-01,2026-01-06,8.5,12,ABC초코쿠키,152,18,10,180.0,Global_Mart_Canada (캐나다),True,사용자 검수 완료 / 8명 2시간 연장
TalkFile_202601스티커작업실적.pdf,28,2026-01,2026-01-06,8.5,13,ABC초코쿠키,50,32,20,640.0,Global_Mart_Canada (캐나다),True,사용자 검수 완료 / 8명 2시간 연장
TalkFile_202601스티커작업실적.pdf,28,2026-01,2026-01-06,8.5,14,가나프리미엄랑드샤모카,91,12,20,240.0,Global_Mart_Canada (캐나다),True,사용자 검수 완료 / 8명 2시간 연장
TalkFile_202601스티커작업실적.pdf,28,2026-01,2026-01-06,8.5,15,졸음번쩍껌,87,24,20,480.0,Global_Mart_Canada (캐나다),True,사용자 검수 완료 / 8명 2시간 연장
TalkFile_202601스티커작업실적.pdf,28,2026-01,2026-01-06,8.5,16,포카리스웨트,1.5,12,100,1200.0,Global_Mart_Canada (캐나다),True,사용자 검수 완료 / 8명 2시간 연장
TalkFile_202601스티커작업실적.pdf,28,2026-01,2026-01-06,8.5,17,포카리스웨트,500,20,100,2000.0,Global_Mart_Canada (캐나다),True,사용자 검수 완료 / 8명 2시간 연장
TalkFile_202601스티커작업실적.pdf,28,2026-01,2026-01-06,8.5,18,포카리스웨트,240,30,50,1500.0,Global_Mart_Canada (캐나다),True,사용자 검수 완료 / 8명 2시간 연장
TalkFile_202601스티커작업실적.pdf,28,2026-01,2026-01-06,8.5,19,나랑드사이다,1.5,12,15,180.0,Global_Mart_Canada (캐나다),True,사용자 검수 완료 / 8명 2시간 연장
TalkFile_202601스티커작업실적.pdf,28,2026-01,2026-01-06,8.5,20,야채크래커벌크,249,12,15,180.0,Global_Mart_Canada (캐나다),True,사용자 검수 완료 / 8명 2시간 연장
TalkFile_202601스티커작업실적.pdf,28,2026-01,2026-01-06,8.5,21,명가찰떡초코,350,8,15,120.0,Global_Mart_Canada (캐나다),True,사용자 검수 완료 / 8명 2시간 연장
TalkFile_202601스티커작업실적.pdf,28,2026-01,2026-01-06,8.5,22,롤리팝아이스,132,14,20,280.0,Global_Mart_Canada (캐나다),True,사용자 검수 완료 / 8명 2시간 연장
TalkFile_202601스티커작업실적.pdf,28,2026-01,2026-01-06,8.5,23,꼬깔콘군옥수수,134,12,50,600.0,Global_Mart_Canada (캐나다),True,사용자 검수 완료 / 8명 2시간 연장
TalkFile_202601스티커작업실적.pdf,28,2026-01,2026-01-06,8.5,24,꼬깔콘매콤달콤,134,12,70,840.0,Global_Mart_Canada (캐나다),True,사용자 검수 완료 / 8명 2시간 연장
TalkFile_202601스티커작업실적.pdf,28,2026-01,2026-01-06,8.5,25,꼬깔콘고소한맛,134,12,70,840.0,Global_Mart_Canada (캐나다),True,사용자 검수 완료 / 8명 2시간 연장
TalkFile_202601스티커작업실적.pdf,28,2026-01,2026-01-06,8.5,26,치토스매콤달콤,82,12,30,360.0,Global_Mart_Canada (캐나다),True,사용자 검수 완료 / 8명 2시간 연장
TalkFile_202601스티커작업실적.pdf,28,2026-01,2026-01-06,8.5,27,치토스바베큐,82,12,30,360.0,Global_Mart_Canada (캐나다),True,사용자 검수 완료 / 8명 2시간 연장
TalkFile_202601스티커작업실적.pdf,28,2026-01,2026-01-06,8.5,28,치토스매콤달콤,164,12,30,360.0,Global_Mart_Canada (캐나다),True,사용자 검수 완료 / 8명 2시간 연장
TalkFile_202601스티커작업실적.pdf,28,2026-01,2026-01-06,8.5,29,치토스바베큐,164,12,30,360.0,Global_Mart_Canada (캐나다),True,사용자 검수 완료 / 8명 2시간 연장
TalkFile_202601스티커작업실적.pdf,29,2026-01,2026-01-06,8.5,30,허니버터칩,60,16,40,640.0,Global_Mart_Canada (캐나다),True,사용자 검수 완료 / 8명 2시간 연장 / Page 29 연속 구간
TalkFile_202601스티커작업실적.pdf,29,2026-01,2026-01-06,8.5,31,배배,80,20,15,300.0,Global_Mart_Canada (캐나다),True,사용자 검수 완료 / 8명 2시간 연장 / Page 29 연속 구간
TalkFile_202601스티커작업실적.pdf,29,2026-01,2026-01-06,8.5,32,오뜨쇼콜라,150,12,20,240.0,Global_Mart_Canada (캐나다),True,사용자 검수 완료 / 8명 2시간 연장 / Page 29 연속 구간
TalkFile_202601스티커작업실적.pdf,29,2026-01,2026-01-06,8.5,33,치킨팝닭강정,81,16,20,320.0,Global_Mart_Canada (캐나다),True,사용자 검수 완료 / 8명 2시간 연장 / Page 29 연속 구간
TalkFile_202601스티커작업실적.pdf,29,2026-01,2026-01-06,8.5,34,고래밥볶음,160,12,20,240.0,Global_Mart_Canada (캐나다),True,사용자 검수 완료 / 8명 2시간 연장 / Page 29 연속 구간
TalkFile_202601스티커작업실적.pdf,29,2026-01,2026-01-06,8.5,35,추억의라멘땅,100,20,70,1400.0,Global_Mart_Canada (캐나다),True,사용자 검수 완료 / 8명 2시간 연장 / Page 29 연속 구간
TalkFile_202601스티커작업실적.pdf,29,2026-01,2026-01-06,8.5,36,조청유과,320,10,30,300.0,Global_Mart_Canada (캐나다),True,사용자 검수 완료 / 8명 2시간 연장 / Page 29 연속 구간
TalkFile_202601스티커작업실적.pdf,29,2026-01,2026-01-06,8.5,37,포스틱,84,20,50,1000.0,Global_Mart_Canada (캐나다),True,사용자 검수 완료 / 8명 2시간 연장 / Page 29 연속 구간
TalkFile_202601스티커작업실적.pdf,29,2026-01,2026-01-06,8.5,38,벌집핏자,90,20,40,800.0,Global_Mart_Canada (캐나다),True,사용자 검수 완료 / 8명 2시간 연장 / Page 29 연속 구간
TalkFile_202601스티커작업실적.pdf,29,2026-01,2026-01-06,8.5,39,콘치크림치즈,66,18,30,540.0,Global_Mart_Canada (캐나다),True,사용자 검수 완료 / 8명 2시간 연장 / Page 29 연속 구간
TalkFile_202601스티커작업실적.pdf,29,2026-01,2026-01-06,8.5,40,내맘몰랑복숭아,50,40,15,600.0,Global_Mart_Canada (캐나다),True,사용자 검수 완료 / 8명 2시간 연장 / Page 29 연속 구간
TalkFile_202601스티커작업실적.pdf,29,2026-01,2026-01-06,8.5,41,내맘몰랑청사과,50,40,10,400.0,Global_Mart_Canada (캐나다),True,사용자 검수 완료 / 8명 2시간 연장 / Page 29 연속 구간
TalkFile_202601스티커작업실적.pdf,29,2026-01,2026-01-06,8.5,42,새콤달콤딸기,29x15,90,5,450.0,Global_Mart_Canada (캐나다),True,사용자 검수 완료 / 원본 입량 90으로 반영 / 8명 2시간 연장 / Page 29 연속 구간
TalkFile_202601스티커작업실적.pdf,29,2026-01,2026-01-06,8.5,43,새콤달콤포도,29x15,90,10,900.0,Global_Mart_Canada (캐나다),True,사용자 검수 완료 / 원본 입량 90으로 반영 / 8명 2시간 연장 / Page 29 연속 구간
TalkFile_202601스티커작업실적.pdf,29,2026-01,2026-01-06,8.5,44,초코사브레,236,10,150,1500.0,L08,True,사용자 검수 완료 / 8명 2시간 연장 / Page 29 연속 구간
TalkFile_202601스티커작업실적.pdf,29,2026-01,2026-01-06,8.5,45,청포도캔디,323,6,300,1800.0,함초롱,True,사용자 검수 완료 / 8명 2시간 연장 / Page 29 연속 구간
TalkFile_202601스티커작업실적.pdf,29,2026-01,2026-01-06,8.5,46,치토스바베큐,164,12,310,3720.0,함초롱,True,사용자 검수 완료 / 8명 2시간 연장 / Page 29 연속 구간
TalkFile_202601스티커작업실적.pdf,30,2026-01,2026-01-05,8.0,1,홈런볼초코벌크,128,12,142,1704.0,K-Mart_Canada (캐나다),True,사용자 검수 완료 / 작업수량 142 사용자 수정 반영
TalkFile_202601스티커작업실적.pdf,30,2026-01,2026-01-05,8.0,2,오예스,360,10,200,400.0,K-Mart_Canada (캐나다),True,사용자 검수 완료 / 원본 스티커 수량 유지 / 입량×작업수량 계산값 2000과 불일치 / KFT 라벨 작업 가능성 / CHECK_QTY_MISMATCH 필요
TalkFile_202601스티커작업실적.pdf,30,2026-01,2026-01-05,8.0,3,신당동떡볶이,110,16,50,160.0,K-Mart_Canada (캐나다),True,사용자 검수 완료 / 원본 스티커 수량 유지 / 입량×작업수량 계산값 800과 불일치 / KFT 라벨 작업 가능성 / CHECK_QTY_MISMATCH 필요
TalkFile_202601스티커작업실적.pdf,30,2026-01,2026-01-05,8.0,4,NEW칸츄리콘,90,16,50,160.0,K-Mart_Canada (캐나다),True,사용자 검수 완료 / 원본 스티커 수량 유지 / 입량×작업수량 계산값 800과 불일치 / KFT 라벨 작업 가능성 / CHECK_QTY_MISMATCH 필요
TalkFile_202601스티커작업실적.pdf,30,2026-01,2026-01-05,8.0,5,NEW칸츄리콘,150,10,50,100.0,K-Mart_Canada (캐나다),True,사용자 검수 완료 / 원본 스티커 수량 유지 / 입량×작업수량 계산값 500과 불일치 / KFT 라벨 작업 가능성 / CHECK_QTY_MISMATCH 필요
TalkFile_202601스티커작업실적.pdf,30,2026-01,2026-01-05,8.0,6,오사쯔,60,16,50,160.0,K-Mart_Canada (캐나다),True,사용자 검수 완료 / 원본 스티커 수량 유지 / 입량×작업수량 계산값 800과 불일치 / KFT 라벨 작업 가능성 / CHECK_QTY_MISMATCH 필요
TalkFile_202601스티커작업실적.pdf,30,2026-01,2026-01-05,8.0,7,오사쯔,100,10,50,100.0,K-Mart_Canada (캐나다),True,사용자 검수 완료 / 원본 스티커 수량 유지 / 입량×작업수량 계산값 500과 불일치 / KFT 라벨 작업 가능성 / CHECK_QTY_MISMATCH 필요
TalkFile_202601스티커작업실적.pdf,30,2026-01,2026-01-05,8.0,8,The빠새,100,10,50,100.0,K-Mart_Canada (캐나다),True,사용자 검수 완료 / 원본 스티커 수량 유지 / 입량×작업수량 계산값 500과 불일치 / KFT 라벨 작업 가능성 / CHECK_QTY_MISMATCH 필요
TalkFile_202601스티커작업실적.pdf,30,2026-01,2026-01-05,8.0,9,자두,130,16,20,640.0,K-Mart_Canada (캐나다),True,사용자 검수 완료 / 원본 스티커 수량 유지 / 입량×작업수량 계산값 320과 불일치 / KFT 라벨 작업 가능성 / CHECK_QTY_MISMATCH 필요
TalkFile_202601스티커작업실적.pdf,30,2026-01,2026-01-05,8.0,10,알사탕,126,16,10,320.0,K-Mart_Canada (캐나다),True,사용자 검수 완료 / 원본 스티커 수량 유지 / 입량×작업수량 계산값 160과 불일치 / KFT 라벨 작업 가능성 / CHECK_QTY_MISMATCH 필요
TalkFile_202601스티커작업실적.pdf,30,2026-01,2026-01-05,8.0,11,연양갱,55,80,20,3200.0,K-Mart_Canada (캐나다),True,사용자 검수 완료 / 원본 스티커 수량 유지 / 입량×작업수량 계산값 1600과 불일치 / KFT 라벨 작업 가능성 / CHECK_QTY_MISMATCH 필요
TalkFile_202601스티커작업실적.pdf,30,2026-01,2026-01-05,8.0,12,딸기웨하스,50,40,20,1600.0,K-Mart_Canada (캐나다),True,사용자 검수 완료 / 원본 스티커 수량 유지 / 입량×작업수량 계산값 800과 불일치 / KFT 라벨 작업 가능성 / CHECK_QTY_MISMATCH 필요
TalkFile_202601스티커작업실적.pdf,30,2026-01,2026-01-05,8.0,13,크림웨하스,50,40,20,1600.0,K-Mart_Canada (캐나다),True,사용자 검수 완료 / 원본 스티커 수량 유지 / 입량×작업수량 계산값 800과 불일치 / KFT 라벨 작업 가능성 / CHECK_QTY_MISMATCH 필요
TalkFile_202601스티커작업실적.pdf,30,2026-01,2026-01-05,8.0,14,아이비,309,10,20,400.0,K-Mart_Canada (캐나다),True,사용자 검수 완료 / 원본 스티커 수량 유지 / 입량×작업수량 계산값 200과 불일치 / KFT 라벨 작업 가능성 / CHECK_QTY_MISMATCH 필요
TalkFile_202601스티커작업실적.pdf,30,2026-01,2026-01-05,8.0,15,사브레,252,12,20,480.0,K-Mart_Canada (캐나다),True,사용자 검수 완료 / 원본 스티커 수량 유지 / 입량×작업수량 계산값 240과 불일치 / KFT 라벨 작업 가능성 / CHECK_QTY_MISMATCH 필요
TalkFile_202601스티커작업실적.pdf,30,2026-01,2026-01-05,8.0,16,구운고구마,135,10,30,600.0,K-Mart_Canada (캐나다),True,사용자 검수 완료 / 원본 스티커 수량 유지 / 입량×작업수량 계산값 300과 불일치 / KFT 라벨 작업 가능성 / CHECK_QTY_MISMATCH 필요
TalkFile_202601스티커작업실적.pdf,30,2026-01,2026-01-05,8.0,17,버터링딥초코,155,10,20,400.0,K-Mart_Canada (캐나다),True,사용자 검수 완료 / 원본 스티커 수량 유지 / 입량×작업수량 계산값 200과 불일치 / KFT 라벨 작업 가능성 / CHECK_QTY_MISMATCH 필요
TalkFile_202601스티커작업실적.pdf,30,2026-01,2026-01-05,8.0,18,자두젤리,64,32,10,640.0,K-Mart_Canada (캐나다),True,사용자 검수 완료 / 원본 스티커 수량 유지 / 입량×작업수량 계산값 320과 불일치 / KFT 라벨 작업 가능성 / CHECK_QTY_MISMATCH 필요
TalkFile_202601스티커작업실적.pdf,30,2026-01,2026-01-05,8.0,19,후렌치파이사과,192,12,20,480.0,K-Mart_Canada (캐나다),True,사용자 검수 완료 / 원본 스티커 수량 유지 / 입량×작업수량 계산값 240과 불일치 / KFT 라벨 작업 가능성 / CHECK_QTY_MISMATCH 필요
TalkFile_202601스티커작업실적.pdf,30,2026-01,2026-01-05,8.0,20,후렌치파이딸기,192,12,30,720.0,K-Mart_Canada (캐나다),True,사용자 검수 완료 / 원본 스티커 수량 유지 / 입량×작업수량 계산값 360과 불일치 / KFT 라벨 작업 가능성 / CHECK_QTY_MISMATCH 필요
TalkFile_202601스티커작업실적.pdf,30,2026-01,2026-01-05,8.0,21,샌드에이스찐초코,204,12,20,480.0,K-Mart_Canada (캐나다),True,사용자 검수 완료 / 원본 스티커 수량 유지 / 입량×작업수량 계산값 240과 불일치 / KFT 라벨 작업 가능성 / CHECK_QTY_MISMATCH 필요
TalkFile_202601스티커작업실적.pdf,30,2026-01,2026-01-05,8.0,22,에이스씬에스프레소,291,12,20,480.0,K-Mart_Canada (캐나다),True,사용자 검수 완료 / 원본 스티커 수량 유지 / 입량×작업수량 계산값 240과 불일치 / KFT 라벨 작업 가능성 / CHECK_QTY_MISMATCH 필요
TalkFile_202601스티커작업실적.pdf,30,2026-01,2026-01-05,8.0,23,에이스바스크치즈,364,10,20,400.0,K-Mart_Canada (캐나다),True,사용자 검수 완료 / 원본 스티커 수량 유지 / 입량×작업수량 계산값 200과 불일치 / KFT 라벨 작업 가능성 / CHECK_QTY_MISMATCH 필요
TalkFile_202601스티커작업실적.pdf,30,2026-01,2026-01-05,8.0,24,에이스,364,10,50,1000.0,K-Mart_Canada (캐나다),True,사용자 검수 완료 / 원본 스티커 수량 유지 / 입량×작업수량 계산값 500과 불일치 / KFT 라벨 작업 가능성 / CHECK_QTY_MISMATCH 필요
TalkFile_202601스티커작업실적.pdf,30,2026-01,2026-01-05,8.0,25,오예스쿠키앤크림,360,10,20,400.0,K-Mart_Canada (캐나다),True,사용자 검수 완료 / 원본 스티커 수량 유지 / 입량×작업수량 계산값 200과 불일치 / KFT 라벨 작업 가능성 / CHECK_QTY_MISMATCH 필요
TalkFile_202601스티커작업실적.pdf,30,2026-01,2026-01-05,8.0,26,홈런볼초코,46,30,20,1200.0,K-Mart_Canada (캐나다),True,사용자 검수 완료 / 원본 스티커 수량 유지 / 입량×작업수량 계산값 600과 불일치 / KFT 라벨 작업 가능성 / CHECK_QTY_MISMATCH 필요
TalkFile_202601스티커작업실적.pdf,30,2026-01,2026-01-05,8.0,27,홈런볼소금우유,49,30,20,1200.0,K-Mart_Canada (캐나다),True,사용자 검수 완료 / 원본 스티커 수량 유지 / 입량×작업수량 계산값 600과 불일치 / KFT 라벨 작업 가능성 / CHECK_QTY_MISMATCH 필요
TalkFile_202601스티커작업실적.pdf,30,2026-01,2026-01-05,8.0,28,말랑카우밀크,79,20,40,800.0,Global_Mart_Canada (캐나다),True,사용자 검수 완료
TalkFile_202601스티커작업실적.pdf,30,2026-01,2026-01-05,8.0,29,말랑카우딸기,79,20,15,300.0,Global_Mart_Canada (캐나다),True,사용자 검수 완료
TalkFile_202601스티커작업실적.pdf,30,2026-01,2026-01-05,8.0,30,초코빼빼로,47,40,50,2000.0,Global_Mart_Canada (캐나다),True,사용자 검수 완료
TalkFile_202601스티커작업실적.pdf,31,2026-01,2026-01-02,9.0,1,초코필드빼빼로,45,80,207,16560.0,1459,True,사용자 검수 완료 / 원본 입량 x2 메모 반영
TalkFile_202601스티커작업실적.pdf,31,2026-01,2026-01-02,9.0,2,카스타드,276,16,430,6880.0,1458,True,사용자 검수 완료 / 원본 입량 x2 메모 반영
TalkFile_202601스티커작업실적.pdf,31,2026-01,2026-01-02,9.0,3,몽쉘오리지날,204,32,30,960.0,1458,True,사용자 검수 완료 / 원본 입량 x2 메모 반영
TalkFile_202601스티커작업실적.pdf,31,2026-01,2026-01-02,9.0,4,캐나다용아몬드빼빼로벌크,128,9,180,1620.0,1459,True,사용자 검수 완료 / 원본 x1 메모 반영
TalkFile_202601스티커작업실적.pdf,31,2026-01,2026-01-02,9.0,5,허니버터프로마쥬블랑,60,16,100,3200.0,K-Mart_Canada (캐나다),True,사용자 검수 완료 / 원본 스티커 수량 유지 / 입량×작업수량 계산값 1600과 불일치 / KFT 라벨 작업 가능성 / CHECK_QTY_MISMATCH 필요
TalkFile_202601스티커작업실적.pdf,31,2026-01,2026-01-02,9.0,6,허니버터메이플,60,16,100,3200.0,K-Mart_Canada (캐나다),True,사용자 검수 완료 / 원본 스티커 수량 유지 / 입량×작업수량 계산값 1600과 불일치 / KFT 라벨 작업 가능성 / CHECK_QTY_MISMATCH 필요
TalkFile_202601스티커작업실적.pdf,31,2026-01,2026-01-02,9.0,7,허니버터칩,100,12,80,1920.0,K-Mart_Canada (캐나다),True,사용자 검수 완료 / 원본 스티커 수량 유지 / 입량×작업수량 계산값 960과 불일치 / KFT 라벨 작업 가능성 / CHECK_QTY_MISMATCH 필요
TalkFile_202601스티커작업실적.pdf,31,2026-01,2026-01-02,9.0,8,허니버터콰트로치즈맛,96,12,50,1200.0,K-Mart_Canada (캐나다),True,사용자 검수 완료 / 원본 스티커 수량 유지 / 입량×작업수량 계산값 600과 불일치 / KFT 라벨 작업 가능성 / CHECK_QTY_MISMATCH 필요
TalkFile_202601스티커작업실적.pdf,31,2026-01,2026-01-02,9.0,9,맛동산,300,8,203,3248.0,K-Mart_Canada (캐나다),True,사용자 검수 완료 / 원본 스티커 수량 유지 / 입량×작업수량 계산값 1624와 불일치 / KFT 라벨 작업 가능성 / CHECK_QTY_MISMATCH 필요
TalkFile_202601스티커작업실적.pdf,31,2026-01,2026-01-02,9.0,10,홈런볼초코벌크,128,12,378,4536.0,K-Mart_Canada (캐나다),True,사용자 검수 완료 / 작업수량 378 사용자 수정 반영
Export_Packaging_Work_Log_202605_09.csv,1,2026-05,2026-05-26,11.0,1,구운 고구마,135,10,2132,21320.0,856,True,2026년 하반기 신규 데이터 동기화 검수 완료 (표준 상품명 정규화 완료)
Export_Packaging_Work_Log_202605_09.csv,1,2026-05,2026-05-26,11.0,2,미국용 초코파이 바나나,336,8,100,800.0,3162(캐나다),True,2026년 하반기 신규 데이터 동기화 검수 완료 (표준 상품명 정규화 완료)
Export_Packaging_Work_Log_202605_09.csv,1,2026-05,2026-05-26,11.0,3,롤리폴리,196,10,1949,19490.0,858,True,2026년 하반기 신규 데이터 동기화 검수 완료 (표준 상품명 정규화 완료)
Export_Packaging_Work_Log_202605_09.csv,1,2026-05,2026-05-27,11.0,1,롤리폴리,196,10,51,510.0,858,True,2026년 하반기 신규 데이터 동기화 검수 완료 (표준 상품명 정규화 완료)
Export_Packaging_Work_Log_202605_09.csv,1,2026-05,2026-05-27,11.0,2,The 빠새,100,10,250,2500.0,858,True,2026년 하반기 신규 데이터 동기화 검수 완료 (표준 상품명 정규화 완료)
Export_Packaging_Work_Log_202605_09.csv,1,2026-05,2026-05-27,11.0,3,허니버터 메이플,60,16,260,4160.0,858,True,2026년 하반기 신규 데이터 동기화 검수 완료 (표준 상품명 정규화 완료)
Export_Packaging_Work_Log_202605_09.csv,1,2026-05,2026-05-27,11.0,4,초코픽,45,24,200,4800.0,858,True,2026년 하반기 신규 데이터 동기화 검수 완료 (표준 상품명 정규화 완료)
Export_Packaging_Work_Log_202605_09.csv,1,2026-05,2026-05-27,11.0,5,얼려먹는 초코 만들기,38,24,100,2400.0,858,True,2026년 하반기 신규 데이터 동기화 검수 완료 (표준 상품명 정규화 완료)
Export_Packaging_Work_Log_202605_09.csv,1,2026-05,2026-05-27,11.0,6,허니버터칩,60,16,550,8800.0,697(캐나다 TB),True,2026년 하반기 신규 데이터 동기화 검수 완료 (표준 상품명 정규화 완료)
Export_Packaging_Work_Log_202605_09.csv,1,2026-05,2026-05-27,11.0,7,오예스,360,10,300,3000.0,697(캐나다 TB),True,2026년 하반기 신규 데이터 동기화 검수 완료 (표준 상품명 정규화 완료)
Export_Packaging_Work_Log_202605_09.csv,1,2026-05,2026-05-27,11.0,8,샌드에이스 우유크림,204,12,50,600.0,697(캐나다 TB),True,2026년 하반기 신규 데이터 동기화 검수 완료 (표준 상품명 정규화 완료)
Export_Packaging_Work_Log_202605_09.csv,1,2026-05,2026-05-27,11.0,9,에이스씬솔티카라멜,291,12,30,360.0,697(캐나다 TB),True,2026년 하반기 신규 데이터 동기화 검수 완료 (표준 상품명 정규화 완료)
Export_Packaging_Work_Log_202605_09.csv,1,2026-05,2026-05-27,11.0,10,에이스씬솔티카라멜,145,16,20,320.0,697(캐나다 TB),True,2026년 하반기 신규 데이터 동기화 검수 완료 (표준 상품명 정규화 완료)
Export_Packaging_Work_Log_202605_09.csv,1,2026-05,2026-05-27,11.0,11,에이스(시판),364,10,200,2000.0,697(캐나다 TB),True,2026년 하반기 신규 데이터 동기화 검수 완료 (표준 상품명 정규화 완료)
Export_Packaging_Work_Log_202605_09.csv,1,2026-05,2026-05-27,11.0,12,에이스(시판),218,12,20,240.0,697(캐나다 TB),True,2026년 하반기 신규 데이터 동기화 검수 완료 (표준 상품명 정규화 완료)
Export_Packaging_Work_Log_202605_09.csv,1,2026-05,2026-05-27,11.0,13,홈런볼초모(지컵),51,24,10,240.0,697(캐나다 TB),True,2026년 하반기 신규 데이터 동기화 검수 완료 (표준 상품명 정규화 완료)
Export_Packaging_Work_Log_202605_09.csv,1,2026-05,2026-05-27,11.0,14,에이스,121,30,100,3000.0,697(캐나다 TB),True,2026년 하반기 신규 데이터 동기화 검수 완료 (표준 상품명 정규화 완료)
Export_Packaging_Work_Log_202605_09.csv,1,2026-05,2026-05-27,11.0,15,아이비아몬드크래커,178,10,10,100.0,697(캐나다 TB),True,2026년 하반기 신규 데이터 동기화 검수 완료 (표준 상품명 정규화 완료)
Export_Packaging_Work_Log_202605_09.csv,1,2026-05,2026-05-27,11.0,16,버터링골드,194,12,92,1104.0,697(캐나다 TB),True,2026년 하반기 신규 데이터 동기화 검수 완료 (표준 상품명 정규화 완료)
Export_Packaging_Work_Log_202605_09.csv,1,2026-05,2026-05-28,11.0,1,버터링골드,194,12,58,696.0,697(캐나다 TB),True,2026년 하반기 신규 데이터 동기화 검수 완료 (표준 상품명 정규화 완료)
Export_Packaging_Work_Log_202605_09.csv,1,2026-05,2026-05-28,11.0,2,허니버터 콰트로치즈,96,12,50,600.0,697(캐나다 TB),True,2026년 하반기 신규 데이터 동기화 검수 완료 (표준 상품명 정규화 완료)
Export_Packaging_Work_Log_202605_09.csv,1,2026-05,2026-05-28,11.0,3,홈런볼 초코 벌크,128,12,250,3000.0,697(캐나다 TB),True,2026년 하반기 신규 데이터 동기화 검수 완료 (표준 상품명 정규화 완료)
Export_Packaging_Work_Log_202605_09.csv,1,2026-05,2026-05-28,11.0,4,아이비,155,20,10,200.0,697(캐나다 TB),True,2026년 하반기 신규 데이터 동기화 검수 완료 (표준 상품명 정규화 완료)
Export_Packaging_Work_Log_202605_09.csv,1,2026-05,2026-05-28,11.0,5,구운 양파,110,12,20,240.0,697(캐나다 TB),True,2026년 하반기 신규 데이터 동기화 검수 완료 (표준 상품명 정규화 완료)
Export_Packaging_Work_Log_202605_09.csv,1,2026-05,2026-05-28,11.0,6,오사쯔,60,16,10,160.0,697(캐나다 TB),True,2026년 하반기 신규 데이터 동기화 검수 완료 (표준 상품명 정규화 완료)
Export_Packaging_Work_Log_202605_09.csv,1,2026-05,2026-05-28,11.0,7,구운 고구마,135,10,10,100.0,697(캐나다 TB),True,2026년 하반기 신규 데이터 동기화 검수 완료 (표준 상품명 정규화 완료)
Export_Packaging_Work_Log_202605_09.csv,1,2026-05,2026-05-28,11.0,8,오사쯔,100,10,20,200.0,697(캐나다 TB),True,2026년 하반기 신규 데이터 동기화 검수 완료 (표준 상품명 정규화 완료)
Export_Packaging_Work_Log_202605_09.csv,1,2026-05,2026-05-28,11.0,9,홈런볼 초코,46,30,20,600.0,697(캐나다 TB),True,2026년 하반기 신규 데이터 동기화 검수 완료 (표준 상품명 정규화 완료)
Export_Packaging_Work_Log_202605_09.csv,1,2026-05,2026-05-28,11.0,10,딸기 웨하스,50,40,30,1200.0,697(캐나다 TB),True,2026년 하반기 신규 데이터 동기화 검수 완료 (표준 상품명 정규화 완료)
Export_Packaging_Work_Log_202605_09.csv,1,2026-05,2026-05-28,11.0,11,크림 웨하스,50,40,50,2000.0,697(캐나다 TB),True,2026년 하반기 신규 데이터 동기화 검수 완료 (표준 상품명 정규화 완료)
Export_Packaging_Work_Log_202605_09.csv,1,2026-05,2026-05-28,11.0,12,오예스쿠키앤크림,360,10,20,200.0,697(캐나다 TB),True,2026년 하반기 신규 데이터 동기화 검수 완료 (표준 상품명 정규화 완료)
Export_Packaging_Work_Log_202605_09.csv,1,2026-05,2026-05-28,11.0,13,오예스 미니,192,12,30,360.0,697(캐나다 TB),True,2026년 하반기 신규 데이터 동기화 검수 완료 (표준 상품명 정규화 완료)
Export_Packaging_Work_Log_202605_09.csv,1,2026-05,2026-05-28,11.0,14,미니 자유시간,180,12,20,240.0,697(캐나다 TB),True,2026년 하반기 신규 데이터 동기화 검수 완료 (표준 상품명 정규화 완료)
Export_Packaging_Work_Log_202605_09.csv,1,2026-05,2026-05-28,11.0,15,홈런볼 소금우유,49,30,10,300.0,697(캐나다 TB),True,2026년 하반기 신규 데이터 동기화 검수 완료 (표준 상품명 정규화 완료)
Export_Packaging_Work_Log_202605_09.csv,1,2026-05,2026-05-28,11.0,16,얼려먹는 초코 만들기,36,24,5,120.0,697(캐나다 TB),True,2026년 하반기 신규 데이터 동기화 검수 완료 (표준 상품명 정규화 완료)
Export_Packaging_Work_Log_202605_09.csv,1,2026-05,2026-05-28,11.0,17,화이트 엔젤큐티 슈,27,36,5,180.0,697(캐나다 TB),True,2026년 하반기 신규 데이터 동기화 검수 완료 (표준 상품명 정규화 완료)
Export_Packaging_Work_Log_202605_09.csv,1,2026-05,2026-05-28,11.0,18,자유시간들,60,80,10,800.0,697(캐나다 TB),True,2026년 하반기 신규 데이터 동기화 검수 완료 (표준 상품명 정규화 완료)
Export_Packaging_Work_Log_202605_09.csv,1,2026-05,2026-05-28,11.0,19,자유시간 아몬드,36,144,5,720.0,697(캐나다 TB),True,2026년 하반기 신규 데이터 동기화 검수 완료 (표준 상품명 정규화 완료)
Export_Packaging_Work_Log_202605_09.csv,1,2026-05,2026-05-28,11.0,20,자두,130,16,10,160.0,697(캐나다 TB),True,2026년 하반기 신규 데이터 동기화 검수 완료 (표준 상품명 정규화 완료)
Export_Packaging_Work_Log_202605_09.csv,1,2026-05,2026-05-28,11.0,21,오리지날 크래커,172,18,300,5400.0,752,True,2026년 하반기 신규 데이터 동기화 검수 완료 (표준 상품명 정규화 완료)
Export_Packaging_Work_Log_202605_09.csv,1,2026-05,2026-05-28,11.0,22,The 빠새,100,10,100,1000.0,752,True,2026년 하반기 신규 데이터 동기화 검수 완료 (표준 상품명 정규화 완료)
Export_Packaging_Work_Log_202605_09.csv,1,2026-05,2026-05-28,11.0,23,사브레,252,12,150,1800.0,752,True,2026년 하반기 신규 데이터 동기화 검수 완료 (표준 상품명 정규화 완료)
Export_Packaging_Work_Log_202605_09.csv,1,2026-05,2026-05-28,11.0,24,구운 감자,135,10,100,1000.0,H-Mart_Global (미주),True,2026년 하반기 신규 데이터 동기화 검수 완료 (표준 상품명 정규화 완료)
Export_Packaging_Work_Log_202605_09.csv,1,2026-05,2026-05-28,11.0,25,사브레,252,12,40,480.0,H-Mart_Global (미주),True,2026년 하반기 신규 데이터 동기화 검수 완료 (표준 상품명 정규화 완료)
Export_Packaging_Work_Log_202605_09.csv,1,2026-05,2026-05-28,11.0,26,초코파이,468,8,250,2000.0,Euro_PanAsia (독일),True,2026년 하반기 신규 데이터 동기화 검수 완료 (표준 상품명 정규화 완료)
Export_Packaging_Work_Log_202605_09.csv,1,2026-05,2026-05-28,11.0,27,오감자,50,24,70,1680.0,Euro_PanAsia (독일),True,2026년 하반기 신규 데이터 동기화 검수 완료 (표준 상품명 정규화 완료)
Export_Packaging_Work_Log_202605_09.csv,1,2026-05,2026-05-28,11.0,28,꼬북칩콘스프,850,12,100,1200.0,Euro_PanAsia (독일),True,2026년 하반기 신규 데이터 동기화 검수 완료 (표준 상품명 정규화 완료)
Export_Packaging_Work_Log_202605_09.csv,1,2026-05,2026-05-28,11.0,29,땅콩강정,80,12,20,240.0,Euro_PanAsia (독일),True,2026년 하반기 신규 데이터 동기화 검수 완료 (표준 상품명 정규화 완료)
Export_Packaging_Work_Log_202605_09.csv,1,2026-05,2026-05-28,11.0,30,꼬북칩초코츄러스,160,14,70,980.0,Euro_PanAsia (독일),True,2026년 하반기 신규 데이터 동기화 검수 완료 (표준 상품명 정규화 완료)
Export_Packaging_Work_Log_202605_09.csv,1,2026-05,2026-05-28,11.0,31,고소미,70,20,40,800.0,Euro_PanAsia (독일),True,2026년 하반기 신규 데이터 동기화 검수 완료 (표준 상품명 정규화 완료)
Export_Packaging_Work_Log_202605_09.csv,1,2026-05,2026-05-28,11.0,32,통크초코,45,20,50,1000.0,Euro_PanAsia (독일),True,2026년 하반기 신규 데이터 동기화 검수 완료 (표준 상품명 정규화 완료)
Export_Packaging_Work_Log_202605_09.csv,1,2026-05,2026-05-28,11.0,33,수출 왕고래 뽁음,56,24,50,1200.0,Euro_PanAsia (독일),True,2026년 하반기 신규 데이터 동기화 검수 완료 (표준 상품명 정규화 완료)
Export_Packaging_Work_Log_202605_09.csv,1,2026-05,2026-05-28,11.0,34,마린보이,40,30,60,1800.0,Euro_PanAsia (독일),True,2026년 하반기 신규 데이터 동기화 검수 완료 (표준 상품명 정규화 완료)
Export_Packaging_Work_Log_202605_09.csv,1,2026-05,2026-05-28,11.0,35,초코송이,50,28,100,2800.0,Euro_PanAsia (독일),True,2026년 하반기 신규 데이터 동기화 검수 완료 (표준 상품명 정규화 완료)
Export_Packaging_Work_Log_202605_09.csv,1,2026-05,2026-05-28,11.0,36,마이구미 포도,66,40,60,2400.0,Euro_PanAsia (독일),True,2026년 하반기 신규 데이터 동기화 검수 완료 (표준 상품명 정규화 완료)
Export_Packaging_Work_Log_202605_09.csv,1,2026-05,2026-05-28,11.0,37,밀강정,80,20,100,2000.0,Euro_PanAsia (독일),True,2026년 하반기 신규 데이터 동기화 검수 완료 (표준 상품명 정규화 완료)
Export_Packaging_Work_Log_202605_09.csv,1,2026-05,2026-05-28,11.0,38,홈런볼 초코,46,30,60,1800.0,Euro_PanAsia (독일),True,2026년 하반기 신규 데이터 동기화 검수 완료 (표준 상품명 정규화 완료)
Export_Packaging_Work_Log_202605_09.csv,1,2026-05,2026-05-28,11.0,39,허니버터칩,60,16,100,1600.0,Euro_PanAsia (독일),True,2026년 하반기 신규 데이터 동기화 검수 완료 (표준 상품명 정규화 완료)
Export_Packaging_Work_Log_202605_09.csv,1,2026-05,2026-05-28,11.0,40,box (외포장 라벨링),1,1,1130,1130.0,외포장 박스 작업,True,2026년 하반기 신규 데이터 동기화 검수 완료 (표준 상품명 정규화 완료)
Export_Packaging_Work_Log_202605_09.csv,1,2026-05,2026-05-29,11.0,1,신당동 떡볶이,110,24,20,480.0,Euro_PanAsia (독일),True,2026년 하반기 신규 데이터 동기화 검수 완료 (표준 상품명 정규화 완료)
Export_Packaging_Work_Log_202605_09.csv,1,2026-05,2026-05-29,11.0,2,사브레,84,24,20,480.0,Euro_PanAsia (독일),True,2026년 하반기 신규 데이터 동기화 검수 완료 (표준 상품명 정규화 완료)
Export_Packaging_Work_Log_202605_09.csv,1,2026-05,2026-05-29,11.0,3,후렌치파이 사과,192,12,20,240.0,Euro_PanAsia (독일),True,2026년 하반기 신규 데이터 동기화 검수 완료 (표준 상품명 정규화 완료)
Export_Packaging_Work_Log_202605_09.csv,1,2026-05,2026-05-29,11.0,4,후렌치파이 딸기,192,12,20,240.0,Euro_PanAsia (독일),True,2026년 하반기 신규 데이터 동기화 검수 완료 (표준 상품명 정규화 완료)
Export_Packaging_Work_Log_202605_09.csv,1,2026-05,2026-05-29,11.0,5,에이스,121,30,30,900.0,Euro_PanAsia (독일),True,2026년 하반기 신규 데이터 동기화 검수 완료 (표준 상품명 정규화 완료)
Export_Packaging_Work_Log_202605_09.csv,1,2026-05,2026-05-29,11.0,6,자두캔디,130,16,30,480.0,Euro_PanAsia (독일),True,2026년 하반기 신규 데이터 동기화 검수 완료 (표준 상품명 정규화 완료)
Export_Packaging_Work_Log_202605_09.csv,1,2026-05,2026-05-29,11.0,7,버터링골드,65,24,20,480.0,Euro_PanAsia (독일),True,2026년 하반기 신규 데이터 동기화 검수 완료 (표준 상품명 정규화 완료)
Export_Packaging_Work_Log_202605_09.csv,1,2026-05,2026-05-29,11.0,8,롤리폴리,62,24,20,480.0,Euro_PanAsia (독일),True,2026년 하반기 신규 데이터 동기화 검수 완료 (표준 상품명 정규화 완료)
Export_Packaging_Work_Log_202605_09.csv,1,2026-05,2026-05-29,11.0,9,구운 감자,27,30,20,600.0,Euro_PanAsia (독일),True,2026년 하반기 신규 데이터 동기화 검수 완료 (표준 상품명 정규화 완료)
Export_Packaging_Work_Log_202605_09.csv,1,2026-05,2026-05-29,11.0,10,초코픽,45,24,30,720.0,Euro_PanAsia (독일),True,2026년 하반기 신규 데이터 동기화 검수 완료 (표준 상품명 정규화 완료)
Export_Packaging_Work_Log_202605_09.csv,1,2026-05,2026-05-29,11.0,11,알사탕,126,16,20,320.0,Euro_PanAsia (독일),True,2026년 하반기 신규 데이터 동기화 검수 완료 (표준 상품명 정규화 완료)
Export_Packaging_Work_Log_202605_09.csv,1,2026-05,2026-05-29,11.0,12,연양갱,55*20,4,20,80.0,Euro_PanAsia (독일),True,2026년 하반기 신규 데이터 동기화 검수 완료 (표준 상품명 정규화 완료)
Export_Packaging_Work_Log_202605_09.csv,1,2026-05,2026-05-29,11.0,13,얼려먹는 초코 만들기,36,24,20,480.0,Euro_PanAsia (독일),True,2026년 하반기 신규 데이터 동기화 검수 완료 (표준 상품명 정규화 완료)
Export_Packaging_Work_Log_202605_09.csv,1,2026-05,2026-05-29,11.0,14,마이쮸 딸기,44*15,8,60,480.0,Euro_PanAsia (독일),True,2026년 하반기 신규 데이터 동기화 검수 완료 (표준 상품명 정규화 완료)
Export_Packaging_Work_Log_202605_09.csv,1,2026-05,2026-05-29,11.0,15,마이쮸 포도,44*15,8,50,400.0,Euro_PanAsia (독일),True,2026년 하반기 신규 데이터 동기화 검수 완료 (표준 상품명 정규화 완료)
Export_Packaging_Work_Log_202605_09.csv,1,2026-05,2026-05-29,11.0,16,마이쮸 사과,44*15,8,20,160.0,Euro_PanAsia (독일),True,2026년 하반기 신규 데이터 동기화 검수 완료 (표준 상품명 정규화 완료)
Export_Packaging_Work_Log_202605_09.csv,1,2026-05,2026-05-29,11.0,17,새콤달콤 딸기,29*15,6,40,240.0,Euro_PanAsia (독일),True,2026년 하반기 신규 데이터 동기화 검수 완료 (표준 상품명 정규화 완료)
Export_Packaging_Work_Log_202605_09.csv,1,2026-05,2026-05-29,11.0,18,새콤달콤포도,29*15,6,30,180.0,Euro_PanAsia (독일),True,2026년 하반기 신규 데이터 동기화 검수 완료 (표준 상품명 정규화 완료)
Export_Packaging_Work_Log_202605_09.csv,1,2026-05,2026-05-29,11.0,19,뽀또치즈 타르트,322,10,20,200.0,Euro_PanAsia (독일),True,2026년 하반기 신규 데이터 동기화 검수 완료 (표준 상품명 정규화 완료)
Export_Packaging_Work_Log_202605_09.csv,1,2026-05,2026-05-29,11.0,20,뽀또치즈 타르트,161,12,30,360.0,Euro_PanAsia (독일),True,2026년 하반기 신규 데이터 동기화 검수 완료 (표준 상품명 정규화 완료)
Export_Packaging_Work_Log_202605_09.csv,1,2026-05,2026-05-29,11.0,21,산도딸기,161,12,30,360.0,Euro_PanAsia (독일),True,2026년 하반기 신규 데이터 동기화 검수 완료 (표준 상품명 정규화 완료)
Export_Packaging_Work_Log_202605_09.csv,1,2026-05,2026-05-29,11.0,22,초코하임,47,21,30,630.0,Euro_PanAsia (독일),True,2026년 하반기 신규 데이터 동기화 검수 완료 (표준 상품명 정규화 완료)
Export_Packaging_Work_Log_202605_09.csv,1,2026-05,2026-05-29,11.0,23,화이트화임,47,21,20,420.0,Euro_PanAsia (독일),True,2026년 하반기 신규 데이터 동기화 검수 완료 (표준 상품명 정규화 완료)
Export_Packaging_Work_Log_202605_09.csv,1,2026-05,2026-05-29,11.0,24,참쌀선과,115,20,30,600.0,Euro_PanAsia (독일),True,2026년 하반기 신규 데이터 동기화 검수 완료 (표준 상품명 정규화 완료)
Export_Packaging_Work_Log_202605_09.csv,1,2026-05,2026-05-29,11.0,25,쿠쿠다스 화이트,77,21,30,630.0,Euro_PanAsia (독일),True,2026년 하반기 신규 데이터 동기화 검수 완료 (표준 상품명 정규화 완료)
Export_Packaging_Work_Log_202605_09.csv,1,2026-05,2026-05-29,11.0,26,참쌀설병,128,20,30,600.0,Euro_PanAsia (독일),True,2026년 하반기 신규 데이터 동기화 검수 완료 (표준 상품명 정규화 완료)
Export_Packaging_Work_Log_202605_09.csv,1,2026-05,2026-05-29,11.0,27,죠리퐁,74,16,20,320.0,Euro_PanAsia (독일),True,2026년 하반기 신규 데이터 동기화 검수 완료 (표준 상품명 정규화 완료)
Export_Packaging_Work_Log_202605_09.csv,1,2026-05,2026-05-29,11.0,28,츄러스,84,16,50,800.0,Euro_PanAsia (독일),True,2026년 하반기 신규 데이터 동기화 검수 완료 (표준 상품명 정규화 완료)
Export_Packaging_Work_Log_202605_09.csv,1,2026-05,2026-05-29,11.0,29,콘칩,70,16,70,1120.0,Euro_PanAsia (독일),True,2026년 하반기 신규 데이터 동기화 검수 완료 (표준 상품명 정규화 완료)
Export_Packaging_Work_Log_202605_09.csv,1,2026-05,2026-05-29,11.0,30,카라멜콘 메이플,74,16,50,800.0,Euro_PanAsia (독일),True,2026년 하반기 신규 데이터 동기화 검수 완료 (표준 상품명 정규화 완료)
Export_Packaging_Work_Log_202605_09.csv,1,2026-05,2026-05-29,11.0,31,콘치즈 크림치즈,66,18,50,900.0,Euro_PanAsia (독일),True,2026년 하반기 신규 데이터 동기화 검수 완료 (표준 상품명 정규화 완료)
Export_Packaging_Work_Log_202605_09.csv,1,2026-05,2026-05-29,11.0,32,맛동산,300,8,304,2432.0,K-Mart_Canada (캐나다),True,2026년 하반기 신규 데이터 동기화 검수 완료 (표준 상품명 정규화 완료)
Export_Packaging_Work_Log_202605_09.csv,1,2026-05,2026-05-29,11.0,33,고향만두 야채(중),567,10,100,1000.0,캐나다 만두,True,2026년 하반기 신규 데이터 동기화 검수 완료 (표준 상품명 정규화 완료)
Export_Packaging_Work_Log_202605_09.csv,1,2026-05,2026-05-29,11.0,34,고향만두 야채(대),1350,6,100,600.0,캐나다 만두,True,2026년 하반기 신규 데이터 동기화 검수 완료 (표준 상품명 정규화 완료)
Export_Packaging_Work_Log_202605_09.csv,1,2026-05,2026-05-29,11.0,35,고향만두 김치,450,12,50,600.0,캐나다 만두,True,2026년 하반기 신규 데이터 동기화 검수 완료 (표준 상품명 정규화 완료)
Export_Packaging_Work_Log_202605_09.csv,1,2026-05,2026-05-29,11.0,36,고향만두 잡채,600,12,50,600.0,캐나다 만두,True,2026년 하반기 신규 데이터 동기화 검수 완료 (표준 상품명 정규화 완료)
Export_Packaging_Work_Log_202605_09.csv,1,2026-05,2026-05-29,11.0,37,허니버터칩,60,16,96,1536.0,Central_Asia_Logistics (몽골),True,2026년 하반기 신규 데이터 동기화 검수 완료 (표준 상품명 정규화 완료)
Export_Packaging_Work_Log_202605_09.csv,1,2026-05,2026-05-29,11.0,38,신당동 떡볶이,230,12,346,4152.0,Central_Asia_Logistics (몽골),True,2026년 하반기 신규 데이터 동기화 검수 완료 (표준 상품명 정규화 완료)
Export_Packaging_Work_Log_202605_09.csv,1,2026-05,2026-05-29,11.0,39,신당동 떡볶이,110,24,138,3312.0,Central_Asia_Logistics (몽골),True,2026년 하반기 신규 데이터 동기화 검수 완료 (표준 상품명 정규화 완료)
Export_Packaging_Work_Log_202605_09.csv,1,2026-05,2026-05-29,11.0,40,box (외포장 라벨링),1,1,950,950.0,외포장 박스 작업,True,2026년 하반기 신규 데이터 동기화 검수 완료 (표준 상품명 정규화 완료)
Export_Packaging_Work_Log_202605_09.csv,1,2026-05,2026-05-30,9.0,1,신당동 떡볶이,110,24,304,7296.0,Central_Asia_Logistics (몽골),True,2026년 하반기 신규 데이터 동기화 검수 완료 (표준 상품명 정규화 완료)
Export_Packaging_Work_Log_202605_09.csv,1,2026-05,2026-05-30,9.0,2,롤리폴리,62,24,48,1152.0,Central_Asia_Logistics (몽골),True,2026년 하반기 신규 데이터 동기화 검수 완료 (표준 상품명 정규화 완료)
Export_Packaging_Work_Log_202605_09.csv,1,2026-05,2026-05-30,9.0,3,롤리폴리,196,10,10,100.0,Central_Asia_Logistics (몽골),True,2026년 하반기 신규 데이터 동기화 검수 완료 (표준 상품명 정규화 완료)
Export_Packaging_Work_Log_202605_09.csv,1,2026-05,2026-05-30,9.0,4,아이비,58,24,119,2856.0,Central_Asia_Logistics (몽골),True,2026년 하반기 신규 데이터 동기화 검수 완료 (표준 상품명 정규화 완료)
Export_Packaging_Work_Log_202605_09.csv,1,2026-05,2026-05-30,9.0,5,아이비,155,20,140,2800.0,Central_Asia_Logistics (몽골),True,2026년 하반기 신규 데이터 동기화 검수 완료 (표준 상품명 정규화 완료)
Export_Packaging_Work_Log_202605_09.csv,1,2026-05,2026-05-30,9.0,6,버터링딥초코,155,10,40,400.0,Central_Asia_Logistics (몽골),True,2026년 하반기 신규 데이터 동기화 검수 완료 (표준 상품명 정규화 완료)
Export_Packaging_Work_Log_202605_09.csv,1,2026-05,2026-05-30,9.0,7,칼로리 바란스 치즈,76,30,60,1800.0,Central_Asia_Logistics (몽골),True,2026년 하반기 신규 데이터 동기화 검수 완료 (표준 상품명 정규화 완료)
Export_Packaging_Work_Log_202605_09.csv,1,2026-05,2026-05-30,9.0,8,초코픽,45,24,144,3456.0,Central_Asia_Logistics (몽골),True,2026년 하반기 신규 데이터 동기화 검수 완료 (표준 상품명 정규화 완료)
Export_Packaging_Work_Log_202605_09.csv,1,2026-05,2026-05-30,9.0,9,에이스씬에스프레소,291,12,12,144.0,Central_Asia_Logistics (몽골),True,2026년 하반기 신규 데이터 동기화 검수 완료 (표준 상품명 정규화 완료)
Export_Packaging_Work_Log_202605_09.csv,1,2026-05,2026-05-30,9.0,10,버터링골드,194,12,96,1152.0,Central_Asia_Logistics (몽골),True,2026년 하반기 신규 데이터 동기화 검수 완료 (표준 상품명 정규화 완료)
Export_Packaging_Work_Log_202605_09.csv,1,2026-05,2026-05-30,9.0,11,사브레,84,24,24,576.0,Central_Asia_Logistics (몽골),True,2026년 하반기 신규 데이터 동기화 검수 완료 (표준 상품명 정규화 완료)
Export_Packaging_Work_Log_202605_09.csv,1,2026-05,2026-05-30,9.0,12,사브레,252,12,48,576.0,Central_Asia_Logistics (몽골),True,2026년 하반기 신규 데이터 동기화 검수 완료 (표준 상품명 정규화 완료)
Export_Packaging_Work_Log_202605_09.csv,1,2026-05,2026-05-30,9.0,13,신쫄이 딸기맛,24,120,70,8400.0,Central_Asia_Logistics (몽골),True,2026년 하반기 신규 데이터 동기화 검수 완료 (표준 상품명 정규화 완료)
Export_Packaging_Work_Log_202605_09.csv,1,2026-06,2026-06-01,12.0,1,신쫄이 딸기맛,24,120,50,6000.0,Central_Asia_Logistics (몽골),True,2026년 하반기 신규 데이터 동기화 검수 완료 (표준 상품명 정규화 완료)
Export_Packaging_Work_Log_202605_09.csv,1,2026-06,2026-06-01,12.0,2,신쫄이 레몬콜라맛,24,120,120,14400.0,Central_Asia_Logistics (몽골),True,2026년 하반기 신규 데이터 동기화 검수 완료 (표준 상품명 정규화 완료)
Export_Packaging_Work_Log_202605_09.csv,1,2026-06,2026-06-01,12.0,3,신쫄이 사과맛,24,120,120,14400.0,Central_Asia_Logistics (몽골),True,2026년 하반기 신규 데이터 동기화 검수 완료 (표준 상품명 정규화 완료)
Export_Packaging_Work_Log_202605_09.csv,1,2026-06,2026-06-01,12.0,4,쌕쌕 오렌지,238,72,40,2880.0,Global_Mart_Canada (캐나다),True,2026년 하반기 신규 데이터 동기화 검수 완료 (표준 상품명 정규화 완료)
Export_Packaging_Work_Log_202605_09.csv,1,2026-06,2026-06-01,12.0,5,포카리스웨트,500,20,60,1200.0,Global_Mart_Canada (캐나다),True,2026년 하반기 신규 데이터 동기화 검수 완료 (표준 상품명 정규화 완료)
Export_Packaging_Work_Log_202605_09.csv,1,2026-06,2026-06-01,12.0,6,포카리스웨트,240,30,50,1500.0,Global_Mart_Canada (캐나다),True,2026년 하반기 신규 데이터 동기화 검수 완료 (표준 상품명 정규화 완료)
Export_Packaging_Work_Log_202605_09.csv,1,2026-06,2026-06-01,12.0,7,트레비(레몬),500,6,240,1440.0,Global_Mart_Canada (캐나다),True,2026년 하반기 신규 데이터 동기화 검수 완료 (표준 상품명 정규화 완료)
Export_Packaging_Work_Log_202605_09.csv,1,2026-06,2026-06-01,12.0,8,트레비(라임),500,6,240,1440.0,Global_Mart_Canada (캐나다),True,2026년 하반기 신규 데이터 동기화 검수 완료 (표준 상품명 정규화 완료)
Export_Packaging_Work_Log_202605_09.csv,1,2026-06,2026-06-01,12.0,9,트레비(플레인),500,20,77,1540.0,Global_Mart_Canada (캐나다),True,2026년 하반기 신규 데이터 동기화 검수 완료 (표준 상품명 정규화 완료)
Export_Packaging_Work_Log_202605_09.csv,1,2026-06,2026-06-01,12.0,10,망고캔,240,30,121,3630.0,Global_Mart_Canada (캐나다),True,2026년 하반기 신규 데이터 동기화 검수 완료 (표준 상품명 정규화 완료)
Export_Packaging_Work_Log_202605_09.csv,1,2026-06,2026-06-02,12.0,1,망고캔,240,30,121,3630.0,,True,2026년 하반기 신규 데이터 동기화 검수 완료 (표준 상품명 정규화 완료)
Export_Packaging_Work_Log_202605_09.csv,1,2026-06,2026-06-02,12.0,2,김부각맛칩,120,16,30,480.0,,True,2026년 하반기 신규 데이터 동기화 검수 완료 (표준 상품명 정규화 완료)
Export_Packaging_Work_Log_202605_09.csv,1,2026-06,2026-06-02,12.0,3,스위트콘칩,100,16,30,480.0,,True,2026년 하반기 신규 데이터 동기화 검수 완료 (표준 상품명 정규화 완료)
Export_Packaging_Work_Log_202605_09.csv,1,2026-06,2026-06-02,12.0,4,콘칩,70,16,20,320.0,,True,2026년 하반기 신규 데이터 동기화 검수 완료 (표준 상품명 정규화 완료)
Export_Packaging_Work_Log_202605_09.csv,1,2026-06,2026-06-02,12.0,5,크림몽쉘,408,8,100,800.0,,True,2026년 하반기 신규 데이터 동기화 검수 완료 (표준 상품명 정규화 완료)
Export_Packaging_Work_Log_202605_09.csv,1,2026-06,2026-06-02,12.0,6,초코파이 녹차,336,8,30,240.0,,True,2026년 하반기 신규 데이터 동기화 검수 완료 (표준 상품명 정규화 완료)
Export_Packaging_Work_Log_202605_09.csv,1,2026-06,2026-06-02,12.0,7,쌀로별,156,12,21,252.0,,True,2026년 하반기 신규 데이터 동기화 검수 완료 (표준 상품명 정규화 완료)
Export_Packaging_Work_Log_202605_09.csv,1,2026-06,2026-06-02,12.0,8,자일리톨 아이스민트,100,24,40,960.0,,True,2026년 하반기 신규 데이터 동기화 검수 완료 (표준 상품명 정규화 완료)
Export_Packaging_Work_Log_202605_09.csv,1,2026-06,2026-06-02,12.0,9,자일리톨 애플민트,100,24,50,1200.0,,True,2026년 하반기 신규 데이터 동기화 검수 완료 (표준 상품명 정규화 완료)
Export_Packaging_Work_Log_202605_09.csv,1,2026-06,2026-06-02,12.0,10,자일리톨 알파 알로에베라,86,24,40,960.0,,True,2026년 하반기 신규 데이터 동기화 검수 완료 (표준 상품명 정규화 완료)
Export_Packaging_Work_Log_202605_09.csv,1,2026-06,2026-06-02,12.0,11,엄마손파이(대),254,10,25,250.0,,True,2026년 하반기 신규 데이터 동기화 검수 완료 (표준 상품명 정규화 완료)
Export_Packaging_Work_Log_202605_09.csv,1,2026-06,2026-06-02,12.0,12,롯데 파인애플 벌크,315,12,20,240.0,,True,2026년 하반기 신규 데이터 동기화 검수 완료 (표준 상품명 정규화 완료)
Export_Packaging_Work_Log_202605_09.csv,1,2026-06,2026-06-02,12.0,13,야채크래커,83,30,20,600.0,,True,2026년 하반기 신규 데이터 동기화 검수 완료 (표준 상품명 정규화 완료)
Export_Packaging_Work_Log_202605_09.csv,1,2026-06,2026-06-02,12.0,14,말랑카우 딸기,79,20,20,400.0,,True,2026년 하반기 신규 데이터 동기화 검수 완료 (표준 상품명 정규화 완료)
Export_Packaging_Work_Log_202605_09.csv,1,2026-06,2026-06-02,12.0,15,칙촉 벌크,180,12,10,120.0,,True,2026년 하반기 신규 데이터 동기화 검수 완료 (표준 상품명 정규화 완료)
Export_Packaging_Work_Log_202605_09.csv,1,2026-06,2026-06-02,12.0,16,하비스트,100,20,20,400.0,,True,2026년 하반기 신규 데이터 동기화 검수 완료 (표준 상품명 정규화 완료)
Export_Packaging_Work_Log_202605_09.csv,1,2026-06,2026-06-02,12.0,17,스카치세가지,157,20,10,200.0,,True,2026년 하반기 신규 데이터 동기화 검수 완료 (표준 상품명 정규화 완료)
Export_Packaging_Work_Log_202605_09.csv,1,2026-06,2026-06-02,12.0,18,왓따콜라,23,144,5,720.0,,True,2026년 하반기 신규 데이터 동기화 검수 완료 (표준 상품명 정규화 완료)
Export_Packaging_Work_Log_202605_09.csv,1,2026-06,2026-06-02,12.0,19,왓따복숭아,23,144,5,720.0,,True,2026년 하반기 신규 데이터 동기화 검수 완료 (표준 상품명 정규화 완료)
Export_Packaging_Work_Log_202605_09.csv,1,2026-06,2026-06-02,12.0,20,졸음번쩍껌,87,24,15,360.0,,True,2026년 하반기 신규 데이터 동기화 검수 완료 (표준 상품명 정규화 완료)
Export_Packaging_Work_Log_202605_09.csv,1,2026-06,2026-06-02,12.0,21,야채크래커 벌크,249,12,20,240.0,,True,2026년 하반기 신규 데이터 동기화 검수 완료 (표준 상품명 정규화 완료)
Export_Packaging_Work_Log_202605_09.csv,1,2026-06,2026-06-02,12.0,22,카카오몽쉘,408,8,20,160.0,,True,2026년 하반기 신규 데이터 동기화 검수 완료 (표준 상품명 정규화 완료)
Export_Packaging_Work_Log_202605_09.csv,1,2026-06,2026-06-02,12.0,23,카카오몽쉘,204,16,30,480.0,,True,2026년 하반기 신규 데이터 동기화 검수 완료 (표준 상품명 정규화 완료)
Export_Packaging_Work_Log_202605_09.csv,1,2026-06,2026-06-02,12.0,24,가나프리미엄랑드샤쇼콜라,91,12,15,180.0,,True,2026년 하반기 신규 데이터 동기화 검수 완료 (표준 상품명 정규화 완료)
Export_Packaging_Work_Log_202605_09.csv,1,2026-06,2026-06-02,12.0,25,청포도 캔디,153,20,80,1600.0,,True,2026년 하반기 신규 데이터 동기화 검수 완료 (표준 상품명 정규화 완료)
Export_Packaging_Work_Log_202605_09.csv,1,2026-06,2026-06-02,12.0,26,카스타드,276,8,50,400.0,,True,2026년 하반기 신규 데이터 동기화 검수 완료 (표준 상품명 정규화 완료)
Export_Packaging_Work_Log_202605_09.csv,1,2026-06,2026-06-02,12.0,27,칸쵸,42,32,30,960.0,,True,2026년 하반기 신규 데이터 동기화 검수 완료 (표준 상품명 정규화 완료)
Export_Packaging_Work_Log_202605_09.csv,1,2026-06,2026-06-02,12.0,28,꼬깔콘 군옥수수(소),67,12,150,1800.0,,True,2026년 하반기 신규 데이터 동기화 검수 완료 (표준 상품명 정규화 완료)
Export_Packaging_Work_Log_202605_09.csv,1,2026-06,2026-06-02,12.0,29,꼬깔콘 매콤달콤(소),67,12,150,1800.0,,True,2026년 하반기 신규 데이터 동기화 검수 완료 (표준 상품명 정규화 완료)
Export_Packaging_Work_Log_202605_09.csv,1,2026-06,2026-06-02,12.0,30,화이트쿠키 빼빼로,128,9,60,540.0,,True,2026년 하반기 신규 데이터 동기화 검수 완료 (표준 상품명 정규화 완료)
Export_Packaging_Work_Log_202605_09.csv,1,2026-06,2026-06-02,12.0,31,아몬드빼빼로,128,9,60,540.0,,True,2026년 하반기 신규 데이터 동기화 검수 완료 (표준 상품명 정규화 완료)
Export_Packaging_Work_Log_202605_09.csv,1,2026-06,2026-06-02,12.0,32,초코빼빼로,180,9,30,270.0,,True,2026년 하반기 신규 데이터 동기화 검수 완료 (표준 상품명 정규화 완료)
Export_Packaging_Work_Log_202605_09.csv,1,2026-06,2026-06-02,12.0,33,크런키 빼빼로,39,40,30,1200.0,,True,2026년 하반기 신규 데이터 동기화 검수 완료 (표준 상품명 정규화 완료)
Export_Packaging_Work_Log_202605_09.csv,1,2026-06,2026-06-02,12.0,34,아몬드빼빼로,32,40,40,1600.0,,True,2026년 하반기 신규 데이터 동기화 검수 완료 (표준 상품명 정규화 완료)
Export_Packaging_Work_Log_202605_09.csv,1,2026-06,2026-06-02,12.0,35,화이트빼빼로,32,40,30,1200.0,,True,2026년 하반기 신규 데이터 동기화 검수 완료 (표준 상품명 정규화 완료)
Export_Packaging_Work_Log_202605_09.csv,1,2026-06,2026-06-02,12.0,36,초코빼빼로,47,40,80,3200.0,,True,2026년 하반기 신규 데이터 동기화 검수 완료 (표준 상품명 정규화 완료)
Export_Packaging_Work_Log_202605_09.csv,1,2026-06,2026-06-02,12.0,37,쫄병스낵 매콤한맛,82,30,35,1050.0,,True,2026년 하반기 신규 데이터 동기화 검수 완료 (표준 상품명 정규화 완료)
Export_Packaging_Work_Log_202605_09.csv,1,2026-06,2026-06-02,12.0,38,쫄병스낵 안성탕면맛,77,30,35,1050.0,,True,2026년 하반기 신규 데이터 동기화 검수 완료 (표준 상품명 정규화 완료)
Export_Packaging_Work_Log_202605_09.csv,1,2026-06,2026-06-02,12.0,39,쫄병스낵짜파게티맛,77,30,35,1050.0,,True,2026년 하반기 신규 데이터 동기화 검수 완료 (표준 상품명 정규화 완료)
Export_Packaging_Work_Log_202605_09.csv,1,2026-06,2026-06-02,12.0,40,쫄병스낵바베큐맛,82,30,35,1050.0,,True,2026년 하반기 신규 데이터 동기화 검수 완료 (표준 상품명 정규화 완료)
Export_Packaging_Work_Log_202605_09.csv,1,2026-06,2026-06-02,12.0,41,닭다리 후라이드,66,20,20,400.0,,True,2026년 하반기 신규 데이터 동기화 검수 완료 (표준 상품명 정규화 완료)
Export_Packaging_Work_Log_202605_09.csv,1,2026-06,2026-06-02,12.0,42,닭다리 핫술불바베큐,66,20,20,400.0,,True,2026년 하반기 신규 데이터 동기화 검수 완료 (표준 상품명 정규화 완료)
Export_Packaging_Work_Log_202605_09.csv,1,2026-06,2026-06-02,12.0,43,NEW칸츄리콘,90,16,56,896.0,,True,2026년 하반기 신규 데이터 동기화 검수 완료 (표준 상품명 정규화 완료)
Export_Packaging_Work_Log_202605_09.csv,1,2026-06,2026-06-02,12.0,44,자유시간,36,144,49,7056.0,,True,2026년 하반기 신규 데이터 동기화 검수 완료 (표준 상품명 정규화 완료)
Export_Packaging_Work_Log_202605_09.csv,1,2026-06,2026-06-04,12.0,1,자유시간,36,144,23,3312.0,해태 BFG리테일,True,2026년 하반기 신규 데이터 동기화 검수 완료 (표준 상품명 정규화 완료)
Export_Packaging_Work_Log_202605_09.csv,1,2026-06,2026-06-04,12.0,2,벌집핏자,90,20,30,600.0,Global_Mart_Canada (캐나다),True,2026년 하반기 신규 데이터 동기화 검수 완료 (표준 상품명 정규화 완료)
Export_Packaging_Work_Log_202605_09.csv,1,2026-06,2026-06-04,12.0,3,먹태깡 청양마요맛,60,16,30,480.0,Global_Mart_Canada (캐나다),True,2026년 하반기 신규 데이터 동기화 검수 완료 (표준 상품명 정규화 완료)
Export_Packaging_Work_Log_202605_09.csv,1,2026-06,2026-06-04,12.0,4,허니버터 콰트로치즈,96,12,70,840.0,Global_Mart_Canada (캐나다),True,2026년 하반기 신규 데이터 동기화 검수 완료 (표준 상품명 정규화 완료)
Export_Packaging_Work_Log_202605_09.csv,1,2026-06,2026-06-04,12.0,5,홈런볼 소금우유 4번들,41,48,25,1200.0,Global_Mart_Canada (캐나다),True,2026년 하반기 신규 데이터 동기화 검수 완료 (표준 상품명 정규화 완료)
Export_Packaging_Work_Log_202605_09.csv,1,2026-06,2026-06-04,12.0,6,오사쯔,60,16,25,400.0,Global_Mart_Canada (캐나다),True,2026년 하반기 신규 데이터 동기화 검수 완료 (표준 상품명 정규화 완료)
Export_Packaging_Work_Log_202605_09.csv,1,2026-06,2026-06-04,12.0,7,계란과자,45,20,30,600.0,Global_Mart_Canada (캐나다),True,2026년 하반기 신규 데이터 동기화 검수 완료 (표준 상품명 정규화 완료)
Export_Packaging_Work_Log_202605_09.csv,1,2026-06,2026-06-04,12.0,8,NEW칸츄리콘,150,10,30,300.0,Global_Mart_Canada (캐나다),True,2026년 하반기 신규 데이터 동기화 검수 완료 (표준 상품명 정규화 완료)
Export_Packaging_Work_Log_202605_09.csv,1,2026-06,2026-06-04,12.0,9,오사쯔,100,10,40,400.0,Global_Mart_Canada (캐나다),True,2026년 하반기 신규 데이터 동기화 검수 완료 (표준 상품명 정규화 완료)
Export_Packaging_Work_Log_202605_09.csv,1,2026-06,2026-06-04,12.0,10,에이스씬에스프레소,291,12,40,480.0,Global_Mart_Canada (캐나다),True,2026년 하반기 신규 데이터 동기화 검수 완료 (표준 상품명 정규화 완료)
Export_Packaging_Work_Log_202605_09.csv,1,2026-06,2026-06-04,12.0,11,에이스,218,12,30,360.0,Global_Mart_Canada (캐나다),True,2026년 하반기 신규 데이터 동기화 검수 완료 (표준 상품명 정규화 완료)
Export_Packaging_Work_Log_202605_09.csv,1,2026-06,2026-06-04,12.0,12,초코쿠키 빼빼로,32,40,140,5600.0,Euro_PanAsia (오스트리아),True,2026년 하반기 신규 데이터 동기화 검수 완료 (표준 상품명 정규화 완료)
Export_Packaging_Work_Log_202605_09.csv,1,2026-06,2026-06-04,12.0,13,초코필드 빼빼로,45,40,130,5200.0,Euro_PanAsia (오스트리아),True,2026년 하반기 신규 데이터 동기화 검수 완료 (표준 상품명 정규화 완료)
Export_Packaging_Work_Log_202605_09.csv,1,2026-06,2026-06-04,12.0,14,스노위아몬드빼빼로,32,40,120,4800.0,Euro_PanAsia (오스트리아),True,2026년 하반기 신규 데이터 동기화 검수 완료 (표준 상품명 정규화 완료)
Export_Packaging_Work_Log_202605_09.csv,1,2026-06,2026-06-04,12.0,15,애니타임 레몬,60,20,30,600.0,Euro_PanAsia (오스트리아),True,2026년 하반기 신규 데이터 동기화 검수 완료 (표준 상품명 정규화 완료)
Export_Packaging_Work_Log_202605_09.csv,1,2026-06,2026-06-04,12.0,16,애니타임 밀크,60,20,40,800.0,Euro_PanAsia (오스트리아),True,2026년 하반기 신규 데이터 동기화 검수 완료 (표준 상품명 정규화 완료)
Export_Packaging_Work_Log_202605_09.csv,1,2026-06,2026-06-04,12.0,17,광동비타500,100,100,13,1300.0,광동 싱가폴-싱동푸드,True,2026년 하반기 신규 데이터 동기화 검수 완료 (표준 상품명 정규화 완료)
Export_Packaging_Work_Log_202605_09.csv,1,2026-06,2026-06-04,12.0,18,비타500 비타민D,100,100,5,500.0,광동 싱가폴-싱동푸드,True,2026년 하반기 신규 데이터 동기화 검수 완료 (표준 상품명 정규화 완료)
Export_Packaging_Work_Log_202605_09.csv,1,2026-06,2026-06-04,12.0,19,비타500 젤리,480*10,5,4,0.0,광동 싱가폴-싱동푸드,True,2026년 하반기 신규 데이터 동기화 검수 완료 (표준 상품명 정규화 완료)
Export_Packaging_Work_Log_202605_09.csv,1,2026-06,2026-06-04,12.0,20,치어팩,250,30,6,180.0,광동 싱가폴-싱동푸드,True,2026년 하반기 신규 데이터 동기화 검수 완료 (표준 상품명 정규화 완료)
Export_Packaging_Work_Log_202605_09.csv,1,2026-06,2026-06-04,12.0,21,비타500 ZERO스파클링,250,24,45,1080.0,광동 싱가폴-싱동푸드,True,2026년 하반기 신규 데이터 동기화 검수 완료 (표준 상품명 정규화 완료)
Export_Packaging_Work_Log_202605_09.csv,1,2026-06,2026-06-04,12.0,22,비타500 ZERO유자,250,24,5,120.0,광동 싱가폴-싱동푸드,True,2026년 하반기 신규 데이터 동기화 검수 완료 (표준 상품명 정규화 완료)
Export_Packaging_Work_Log_202605_09.csv,1,2026-06,2026-06-04,12.0,23,헛개 파워,100,50,6,300.0,광동 싱가폴-싱동푸드,True,2026년 하반기 신규 데이터 동기화 검수 완료 (표준 상품명 정규화 완료)
Export_Packaging_Work_Log_202605_09.csv,1,2026-06,2026-06-04,12.0,24,발효홍삼골드,100,100,4,400.0,광동 싱가폴-싱동푸드,True,2026년 하반기 신규 데이터 동기화 검수 완료 (표준 상품명 정규화 완료)
Export_Packaging_Work_Log_202605_09.csv,1,2026-06,2026-06-04,12.0,25,산삼 배양근진액,100,50,5,250.0,광동 싱가폴-싱동푸드,True,2026년 하반기 신규 데이터 동기화 검수 완료 (표준 상품명 정규화 완료)
Export_Packaging_Work_Log_202605_09.csv,1,2026-06,2026-06-04,12.0,26,홍삼꿀 D,100,100,10,1000.0,광동 싱가폴-싱동푸드,True,2026년 하반기 신규 데이터 동기화 검수 완료 (표준 상품명 정규화 완료)
Export_Packaging_Work_Log_202605_09.csv,1,2026-06,2026-06-04,12.0,27,진홍삼 골드,100,100,10,1000.0,광동 싱가폴-싱동푸드,True,2026년 하반기 신규 데이터 동기화 검수 완료 (표준 상품명 정규화 완료)
Export_Packaging_Work_Log_202605_09.csv,1,2026-06,2026-06-04,12.0,28,복분자,100,100,10,1000.0,광동 싱가폴-싱동푸드,True,2026년 하반기 신규 데이터 동기화 검수 완료 (표준 상품명 정규화 완료)
Export_Packaging_Work_Log_202605_09.csv,1,2026-06,2026-06-04,12.0,29,대추쌍화,150,40,4,160.0,광동 싱가폴-싱동푸드,True,2026년 하반기 신규 데이터 동기화 검수 완료 (표준 상품명 정규화 완료)
Export_Packaging_Work_Log_202605_09.csv,1,2026-06,2026-06-04,12.0,30,옥수수 수염차,500,20,50,1000.0,광동 싱가폴-싱동푸드,True,2026년 하반기 신규 데이터 동기화 검수 완료 (표준 상품명 정규화 완료)
Export_Packaging_Work_Log_202605_09.csv,1,2026-06,2026-06-04,12.0,31,광동 진한 헛개차,500,20,60,1200.0,광동 싱가폴-싱동푸드,True,2026년 하반기 신규 데이터 동기화 검수 완료 (표준 상품명 정규화 완료)
Export_Packaging_Work_Log_202605_09.csv,1,2026-06,2026-06-04,12.0,32,광동 진한 헛개차,1.5,12,40,480.0,광동 싱가폴-싱동푸드,True,2026년 하반기 신규 데이터 동기화 검수 완료 (표준 상품명 정규화 완료)
Export_Packaging_Work_Log_202605_09.csv,1,2026-06,2026-06-04,12.0,33,진한헛개차,500,24,30,720.0,광동 싱가폴-싱동푸드,True,2026년 하반기 신규 데이터 동기화 검수 완료 (표준 상품명 정규화 완료)
Export_Packaging_Work_Log_202605_09.csv,1,2026-06,2026-06-04,12.0,34,밀싹보리차,500,20,24,480.0,광동 싱가폴-싱동푸드,True,2026년 하반기 신규 데이터 동기화 검수 완료 (표준 상품명 정규화 완료)
Export_Packaging_Work_Log_202605_09.csv,1,2026-06,2026-06-04,12.0,35,돼지감자차,500,24,5,120.0,광동 싱가폴-싱동푸드,True,2026년 하반기 신규 데이터 동기화 검수 완료 (표준 상품명 정규화 완료)
Export_Packaging_Work_Log_202605_09.csv,1,2026-06,2026-06-04,12.0,36,애니타임 자두 복숭아,60,20,40,800.0,Euro_PanAsia (오스트리아),True,2026년 하반기 신규 데이터 동기화 검수 완료 (표준 상품명 정규화 완료)
Export_Packaging_Work_Log_202605_09.csv,1,2026-06,2026-06-04,12.0,37,애니타임 블루마린,60,20,40,800.0,Euro_PanAsia (오스트리아),True,2026년 하반기 신규 데이터 동기화 검수 완료 (표준 상품명 정규화 완료)
Export_Packaging_Work_Log_202605_09.csv,1,2026-06,2026-06-04,12.0,38,초코파이 바나나,336,8,50,400.0,Euro_PanAsia (오스트리아),True,2026년 하반기 신규 데이터 동기화 검수 완료 (표준 상품명 정규화 완료)
Export_Packaging_Work_Log_202605_09.csv,1,2026-06,2026-06-04,12.0,39,초코파이 카카오,336,8,100,800.0,Euro_PanAsia (오스트리아),True,2026년 하반기 신규 데이터 동기화 검수 완료 (표준 상품명 정규화 완료)
Export_Packaging_Work_Log_202605_09.csv,1,2026-06,2026-06-04,12.0,40,초코파이,336,8,200,1600.0,Euro_PanAsia (오스트리아),True,2026년 하반기 신규 데이터 동기화 검수 완료 (표준 상품명 정규화 완료)
Export_Packaging_Work_Log_202605_09.csv,1,2026-06,2026-06-04,12.0,41,몽쉘 카카오,204,16,40,640.0,Euro_PanAsia (오스트리아),True,2026년 하반기 신규 데이터 동기화 검수 완료 (표준 상품명 정규화 완료)
Export_Packaging_Work_Log_202605_09.csv,1,2026-06,2026-06-04,12.0,42,몽쉘 오리지날,204,16,40,640.0,Euro_PanAsia (오스트리아),True,2026년 하반기 신규 데이터 동기화 검수 완료 (표준 상품명 정규화 완료)
Export_Packaging_Work_Log_202605_09.csv,1,2026-06,2026-06-04,12.0,43,카스타드,138,12,110,1320.0,Euro_PanAsia (오스트리아),True,2026년 하반기 신규 데이터 동기화 검수 완료 (표준 상품명 정규화 완료)
Export_Packaging_Work_Log_202605_09.csv,1,2026-06,2026-06-04,12.0,44,야채크래커,83,30,20,600.0,Euro_PanAsia (오스트리아),True,2026년 하반기 신규 데이터 동기화 검수 완료 (표준 상품명 정규화 완료)
Export_Packaging_Work_Log_202605_09.csv,1,2026-06,2026-06-04,12.0,45,마가렛트,176,12,50,600.0,Euro_PanAsia (오스트리아),True,2026년 하반기 신규 데이터 동기화 검수 완료 (표준 상품명 정규화 완료)
Export_Packaging_Work_Log_202605_09.csv,1,2026-06,2026-06-04,12.0,46,칙촉,120,15,40,600.0,Euro_PanAsia (오스트리아),True,2026년 하반기 신규 데이터 동기화 검수 완료 (표준 상품명 정규화 완료)
Export_Packaging_Work_Log_202605_09.csv,1,2026-06,2026-06-04,12.0,47,칸초칩,95,15,9,135.0,Euro_PanAsia (오스트리아),True,2026년 하반기 신규 데이터 동기화 검수 완료 (표준 상품명 정규화 완료)
Export_Packaging_Work_Log_202605_09.csv,1,2026-06,2026-06-04,12.0,48,box (외포장 라벨링),1,1,1199,1199.0,외포장 박스 작업,True,2026년 하반기 신규 데이터 동기화 검수 완료 (표준 상품명 정규화 완료)
Export_Packaging_Work_Log_202605_09.csv,1,2026-06,2026-06-05,12.0,1,칸쵸집,95,15,71,1065.0,Euro_PanAsia (오스트리아),True,2026년 하반기 신규 데이터 동기화 검수 완료 (표준 상품명 정규화 완료)
Export_Packaging_Work_Log_202605_09.csv,1,2026-06,2026-06-05,12.0,2,청포도 캔디,153,20,180,3600.0,Euro_PanAsia (오스트리아),True,2026년 하반기 신규 데이터 동기화 검수 완료 (표준 상품명 정규화 완료)
Export_Packaging_Work_Log_202605_09.csv,1,2026-06,2026-06-05,12.0,3,칸쵸,42,32,140,4480.0,Euro_PanAsia (오스트리아),True,2026년 하반기 신규 데이터 동기화 검수 완료 (표준 상품명 정규화 완료)
Export_Packaging_Work_Log_202605_09.csv,1,2026-06,2026-06-05,12.0,4,초코빼빼로,47,40,210,8400.0,Euro_PanAsia (오스트리아),True,2026년 하반기 신규 데이터 동기화 검수 완료 (표준 상품명 정규화 완료)
Export_Packaging_Work_Log_202605_09.csv,1,2026-06,2026-06-05,12.0,5,화이트쿠키 빼빼로,32,40,540,21600.0,Euro_PanAsia (오스트리아),True,2026년 하반기 신규 데이터 동기화 검수 완료 (표준 상품명 정규화 완료)
Export_Packaging_Work_Log_202605_09.csv,1,2026-06,2026-06-05,12.0,6,크런키 빼빼로,39,40,170,6800.0,Euro_PanAsia (오스트리아),True,2026년 하반기 신규 데이터 동기화 검수 완료 (표준 상품명 정규화 완료)
Export_Packaging_Work_Log_202605_09.csv,1,2026-06,2026-06-05,12.0,7,아몬드빼빼로,32,40,240,9600.0,Euro_PanAsia (오스트리아),True,2026년 하반기 신규 데이터 동기화 검수 완료 (표준 상품명 정규화 완료)
Export_Packaging_Work_Log_202605_09.csv,1,2026-06,2026-06-05,12.0,8,롯샌파인애플,105,30,50,1500.0,Euro_PanAsia (오스트리아),True,2026년 하반기 신규 데이터 동기화 검수 완료 (표준 상품명 정규화 완료)
Export_Packaging_Work_Log_202605_09.csv,1,2026-06,2026-06-05,12.0,9,빠다코코낫,100,30,30,900.0,Euro_PanAsia (오스트리아),True,2026년 하반기 신규 데이터 동기화 검수 완료 (표준 상품명 정규화 완료)
Export_Packaging_Work_Log_202605_09.csv,1,2026-06,2026-06-05,12.0,10,말랑카우 밀크,79,20,110,2200.0,Euro_PanAsia (오스트리아),True,2026년 하반기 신규 데이터 동기화 검수 완료 (표준 상품명 정규화 완료)
Export_Packaging_Work_Log_202605_09.csv,1,2026-06,2026-06-05,12.0,11,말랑카우 딸기,79,20,23,460.0,Euro_PanAsia (오스트리아),True,2026년 하반기 신규 데이터 동기화 검수 완료 (표준 상품명 정규화 완료)
Export_Packaging_Work_Log_202605_09.csv,1,2026-06,2026-06-05,12.0,12,box (외포장 라벨링),1,1,1764,1764.0,외포장 박스 작업,True,2026년 하반기 신규 데이터 동기화 검수 완료 (표준 상품명 정규화 완료)
Export_Packaging_Work_Log_202605_09.csv,1,2026-06,2026-06-08,12.0,1,말랑카우 딸기,79,20,87,1740.0,Euro_PanAsia (오스트리아),True,2026년 하반기 신규 데이터 동기화 검수 완료 (표준 상품명 정규화 완료)
Export_Packaging_Work_Log_202605_09.csv,1,2026-06,2026-06-08,12.0,2,버터링골드,194,12,128,1536.0,905,True,2026년 하반기 신규 데이터 동기화 검수 완료 (표준 상품명 정규화 완료)
Export_Packaging_Work_Log_202605_09.csv,1,2026-06,2026-06-08,12.0,3,구운 나초,26,30,320,9600.0,905,True,2026년 하반기 신규 데이터 동기화 검수 완료 (표준 상품명 정규화 완료)
Export_Packaging_Work_Log_202605_09.csv,1,2026-06,2026-06-08,12.0,4,구운 나초,104,12,432,5184.0,905,True,2026년 하반기 신규 데이터 동기화 검수 완료 (표준 상품명 정규화 완료)
Export_Packaging_Work_Log_202605_09.csv,1,2026-06,2026-06-08,12.0,5,구운 나초,130,10,880,8800.0,905,True,2026년 하반기 신규 데이터 동기화 검수 완료 (표준 상품명 정규화 완료)
Export_Packaging_Work_Log_202605_09.csv,1,2026-06,2026-06-08,12.0,6,미림,1.8,6,325,1950.0,미국 함초롱,True,2026년 하반기 신규 데이터 동기화 검수 완료 (표준 상품명 정규화 완료)
Export_Packaging_Work_Log_202605_09.csv,1,2026-06,2026-06-08,12.0,7,미림,900,12,130,1560.0,미국 함초롱,True,2026년 하반기 신규 데이터 동기화 검수 완료 (표준 상품명 정규화 완료)
Export_Packaging_Work_Log_202605_09.csv,1,2026-06,2026-06-08,12.0,8,마이쮸 자일리톨 포도,110,24,50,1200.0,미국 함초롱,True,2026년 하반기 신규 데이터 동기화 검수 완료 (표준 상품명 정규화 완료)
Export_Packaging_Work_Log_202605_09.csv,1,2026-06,2026-06-08,12.0,9,마이쮸 자일리톨 딸기,110,24,50,1200.0,미국 함초롱,True,2026년 하반기 신규 데이터 동기화 검수 완료 (표준 상품명 정규화 완료)
Export_Packaging_Work_Log_202605_09.csv,1,2026-06,2026-06-08,12.0,10,치토스바베큐,164,12,300,3600.0,미국 함초롱,True,2026년 하반기 신규 데이터 동기화 검수 완료 (표준 상품명 정규화 완료)
Export_Packaging_Work_Log_202605_09.csv,1,2026-06,2026-06-08,12.0,11,치토스 매콤달콤,164,12,116,1392.0,미국 함초롱,True,2026년 하반기 신규 데이터 동기화 검수 완료 (표준 상품명 정규화 완료)
Export_Packaging_Work_Log_202605_09.csv,1,2026-06,2026-06-08,12.0,12,box (외포장 라벨링),1,1,87,87.0,외포장 박스 작업,True,2026년 하반기 신규 데이터 동기화 검수 완료 (표준 상품명 정규화 완료)
Export_Packaging_Work_Log_202605_09.csv,1,2026-06,2026-06-09,12.0,1,치토스 매콤달콤,,12,184,2208.0,미국 함초롱,True,2026년 하반기 신규 데이터 동기화 검수 완료 (표준 상품명 정규화 완료)
Export_Packaging_Work_Log_202605_09.csv,1,2026-06,2026-06-09,12.0,2,청포도 캔디,,6,250,1500.0,미국 함초롱,True,2026년 하반기 신규 데이터 동기화 검수 완료 (표준 상품명 정규화 완료)
Export_Packaging_Work_Log_202605_09.csv,1,2026-06,2026-06-09,12.0,3,미림,,20,132,2640.0,미국 함초롱,True,2026년 하반기 신규 데이터 동기화 검수 완료 (표준 상품명 정규화 완료)
Export_Packaging_Work_Log_202605_09.csv,1,2026-06,2026-06-09,12.0,4,쌀대롱,,16,30,480.0,Euro_PanAsia (오스트리아),True,2026년 하반기 신규 데이터 동기화 검수 완료 (표준 상품명 정규화 완료)
Export_Packaging_Work_Log_202605_09.csv,1,2026-06,2026-06-09,12.0,5,닭다리 스낵,,12,50,600.0,Euro_PanAsia (오스트리아),True,2026년 하반기 신규 데이터 동기화 검수 완료 (표준 상품명 정규화 완료)
Export_Packaging_Work_Log_202605_09.csv,1,2026-06,2026-06-09,12.0,6,바나나킥,,20,50,1000.0,Euro_PanAsia (오스트리아),True,2026년 하반기 신규 데이터 동기화 검수 완료 (표준 상품명 정규화 완료)
Export_Packaging_Work_Log_202605_09.csv,1,2026-06,2026-06-09,12.0,7,츄러스,,16,20,320.0,Euro_PanAsia (오스트리아),True,2026년 하반기 신규 데이터 동기화 검수 완료 (표준 상품명 정규화 완료)
Export_Packaging_Work_Log_202605_09.csv,1,2026-06,2026-06-09,12.0,8,카라멜콘 메이플,,16,40,640.0,Euro_PanAsia (오스트리아),True,2026년 하반기 신규 데이터 동기화 검수 완료 (표준 상품명 정규화 완료)
Export_Packaging_Work_Log_202605_09.csv,1,2026-06,2026-06-09,12.0,9,죠리퐁,,16,40,640.0,Euro_PanAsia (오스트리아),True,2026년 하반기 신규 데이터 동기화 검수 완료 (표준 상품명 정규화 완료)
Export_Packaging_Work_Log_202605_09.csv,1,2026-06,2026-06-09,12.0,10,콘치즈 크림치즈,,18,20,360.0,Euro_PanAsia (오스트리아),True,2026년 하반기 신규 데이터 동기화 검수 완료 (표준 상품명 정규화 완료)
Export_Packaging_Work_Log_202605_09.csv,1,2026-06,2026-06-09,12.0,11,콘칩,,16,50,800.0,Euro_PanAsia (오스트리아),True,2026년 하반기 신규 데이터 동기화 검수 완료 (표준 상품명 정규화 완료)
Export_Packaging_Work_Log_202605_09.csv,1,2026-06,2026-06-09,12.0,12,닭다리 스낵,,12,60,720.0,Global_Mart_Canada (캐나다),True,2026년 하반기 신규 데이터 동기화 검수 완료 (표준 상품명 정규화 완료)
Export_Packaging_Work_Log_202605_09.csv,1,2026-06,2026-06-09,12.0,13,꼬북칩초코츄러스,,14,27,378.0,Global_Mart_Canada (캐나다),True,2026년 하반기 신규 데이터 동기화 검수 완료 (표준 상품명 정규화 완료)
Export_Packaging_Work_Log_202605_09.csv,1,2026-06,2026-06-09,12.0,14,콘칩,,16,10,160.0,Global_Mart_Canada (캐나다),True,2026년 하반기 신규 데이터 동기화 검수 완료 (표준 상품명 정규화 완료)
Export_Packaging_Work_Log_202605_09.csv,1,2026-06,2026-06-09,12.0,15,죠리퐁,,16,20,320.0,Global_Mart_Canada (캐나다),True,2026년 하반기 신규 데이터 동기화 검수 완료 (표준 상품명 정규화 완료)
Export_Packaging_Work_Log_202605_09.csv,1,2026-06,2026-06-09,12.0,16,신짱,,12,20,240.0,Global_Mart_Canada (캐나다),True,2026년 하반기 신규 데이터 동기화 검수 완료 (표준 상품명 정규화 완료)
Export_Packaging_Work_Log_202605_09.csv,1,2026-06,2026-06-09,12.0,17,츄러스,,12,30,360.0,Global_Mart_Canada (캐나다),True,2026년 하반기 신규 데이터 동기화 검수 완료 (표준 상품명 정규화 완료)
Export_Packaging_Work_Log_202605_09.csv,1,2026-06,2026-06-09,12.0,18,콘칩,,12,50,600.0,Global_Mart_Canada (캐나다),True,2026년 하반기 신규 데이터 동기화 검수 완료 (표준 상품명 정규화 완료)
Export_Packaging_Work_Log_202605_09.csv,1,2026-06,2026-06-09,12.0,19,광동비타500,,100,50,5000.0,광동 싱가폴-코리아트레이딩,True,2026년 하반기 신규 데이터 동기화 검수 완료 (표준 상품명 정규화 완료)
Export_Packaging_Work_Log_202605_09.csv,1,2026-06,2026-06-09,12.0,20,쌍화 골드,,100,156,15600.0,광동 싱가폴-코리아트레이딩,True,2026년 하반기 신규 데이터 동기화 검수 완료 (표준 상품명 정규화 완료)
Export_Packaging_Work_Log_202605_09.csv,1,2026-06,2026-06-09,12.0,21,비타500ZERO,,100,15,1500.0,광동 싱가폴-코리아트레이딩,True,2026년 하반기 신규 데이터 동기화 검수 완료 (표준 상품명 정규화 완료)
Export_Packaging_Work_Log_202605_09.csv,1,2026-06,2026-06-09,12.0,22,진한헛개차,,20,50,1000.0,광동 싱가폴-코리아트레이딩,True,2026년 하반기 신규 데이터 동기화 검수 완료 (표준 상품명 정규화 완료)
Export_Packaging_Work_Log_202605_09.csv,1,2026-06,2026-06-09,12.0,23,옥수수 수염차,,20,40,800.0,광동 싱가폴-코리아트레이딩,True,2026년 하반기 신규 데이터 동기화 검수 완료 (표준 상품명 정규화 완료)
Export_Packaging_Work_Log_202605_09.csv,1,2026-06,2026-06-09,12.0,24,밀싹보리차,,20,40,800.0,광동 싱가폴-코리아트레이딩,True,2026년 하반기 신규 데이터 동기화 검수 완료 (표준 상품명 정규화 완료)
Export_Packaging_Work_Log_202605_09.csv,1,2026-06,2026-06-09,12.0,25,돼지감자차,,24,15,360.0,광동 싱가폴-코리아트레이딩,True,2026년 하반기 신규 데이터 동기화 검수 완료 (표준 상품명 정규화 완료)
Export_Packaging_Work_Log_202605_09.csv,1,2026-06,2026-06-09,12.0,26,광동 공진단(90환),,0,10,0.0,광동 뉴트리칼,True,2026년 하반기 신규 데이터 동기화 검수 완료 (표준 상품명 정규화 완료)
Export_Packaging_Work_Log_202605_09.csv,1,2026-06,2026-06-09,12.0,27,광동 공진단(10환)*8,,0,24,0.0,광동 뉴트리칼,True,2026년 하반기 신규 데이터 동기화 검수 완료 (표준 상품명 정규화 완료)
Export_Packaging_Work_Log_202605_09.csv,1,2026-06,2026-06-09,12.0,28,제주감귤,,12,88,1056.0,Global_Mart_Canada (캐나다),True,2026년 하반기 신규 데이터 동기화 검수 완료 (표준 상품명 정규화 완료)
Export_Packaging_Work_Log_202605_09.csv,1,2026-06,2026-06-09,12.0,29,옥수수 수염차,,24,54,1296.0,Global_Mart_Canada (캐나다),True,2026년 하반기 신규 데이터 동기화 검수 완료 (표준 상품명 정규화 완료)
Export_Packaging_Work_Log_202605_09.csv,1,2026-06,2026-06-09,12.0,30,미림,,6,50,300.0,Global_Mart_Canada (캐나다),True,2026년 하반기 신규 데이터 동기화 검수 완료 (표준 상품명 정규화 완료)
Export_Packaging_Work_Log_202605_09.csv,1,2026-06,2026-06-09,12.0,31,미림,,20,30,600.0,Global_Mart_Canada (캐나다),True,2026년 하반기 신규 데이터 동기화 검수 완료 (표준 상품명 정규화 완료)
Export_Packaging_Work_Log_202605_09.csv,1,2026-06,2026-06-09,12.0,32,칸타빌레 오렌지 에이드,,50,50,2500.0,Global_Mart_Canada (캐나다),True,2026년 하반기 신규 데이터 동기화 검수 완료 (표준 상품명 정규화 완료)
Export_Packaging_Work_Log_202605_09.csv,1,2026-06,2026-06-09,12.0,33,칸타빌레복숭아아이스티,,50,50,2500.0,Global_Mart_Canada (캐나다),True,2026년 하반기 신규 데이터 동기화 검수 완료 (표준 상품명 정규화 완료)
Export_Packaging_Work_Log_202605_09.csv,1,2026-06,2026-06-09,12.0,34,칸타빌레블랙아메리카노,,50,50,2500.0,Global_Mart_Canada (캐나다),True,2026년 하반기 신규 데이터 동기화 검수 완료 (표준 상품명 정규화 완료)
Export_Packaging_Work_Log_202605_09.csv,1,2026-06,2026-06-09,12.0,35,칸타빌레사과에이드,,50,29,1450.0,Global_Mart_Canada (캐나다),True,2026년 하반기 신규 데이터 동기화 검수 완료 (표준 상품명 정규화 완료)
Export_Packaging_Work_Log_202605_09.csv,1,2026-06,2026-06-09,12.0,36,box (외포장 라벨링),1,1,300,300.0,외포장 박스 작업,True,2026년 하반기 신규 데이터 동기화 검수 완료 (표준 상품명 정규화 완료)
Export_Packaging_Work_Log_202605_09.csv,1,2026-06,2026-06-10,11.0,1,칸타빌레사과에이드,,50,21,1050.0,Global_Mart_Canada (캐나다),True,2026년 하반기 신규 데이터 동기화 검수 완료 (표준 상품명 정규화 완료)
Export_Packaging_Work_Log_202605_09.csv,1,2026-06,2026-06-10,11.0,2,칸타빌레청포도에이드,,50,50,2500.0,Global_Mart_Canada (캐나다),True,2026년 하반기 신규 데이터 동기화 검수 완료 (표준 상품명 정규화 완료)
Export_Packaging_Work_Log_202605_09.csv,1,2026-06,2026-06-10,11.0,3,칸타빌레더블망고에이드,,50,50,2500.0,Global_Mart_Canada (캐나다),True,2026년 하반기 신규 데이터 동기화 검수 완료 (표준 상품명 정규화 완료)
Export_Packaging_Work_Log_202605_09.csv,1,2026-06,2026-06-10,11.0,4,칸타빌레딸기에이드,,50,50,2500.0,Global_Mart_Canada (캐나다),True,2026년 하반기 신규 데이터 동기화 검수 완료 (표준 상품명 정규화 완료)
Export_Packaging_Work_Log_202605_09.csv,1,2026-06,2026-06-10,11.0,5,칸타빌레 헤이즐넛향 아메리카노,,50,50,2500.0,Global_Mart_Canada (캐나다),True,2026년 하반기 신규 데이터 동기화 검수 완료 (표준 상품명 정규화 완료)
Export_Packaging_Work_Log_202605_09.csv,1,2026-06,2026-06-10,11.0,6,칸타빌레 스위트 아메리카노,,50,50,2500.0,Global_Mart_Canada (캐나다),True,2026년 하반기 신규 데이터 동기화 검수 완료 (표준 상품명 정규화 완료)
Export_Packaging_Work_Log_202605_09.csv,1,2026-06,2026-06-10,11.0,7,칸타빌레바닐라맛아메리카노,,50,50,2500.0,Global_Mart_Canada (캐나다),True,2026년 하반기 신규 데이터 동기화 검수 완료 (표준 상품명 정규화 완료)
Export_Packaging_Work_Log_202605_09.csv,1,2026-06,2026-06-10,11.0,8,칸타빌레블루베리에이드,,50,50,2500.0,Global_Mart_Canada (캐나다),True,2026년 하반기 신규 데이터 동기화 검수 완료 (표준 상품명 정규화 완료)
Export_Packaging_Work_Log_202605_09.csv,1,2026-06,2026-06-10,11.0,9,카라멜 땅콩,,16,50,800.0,Global_Mart_Canada (캐나다),True,2026년 하반기 신규 데이터 동기화 검수 완료 (표준 상품명 정규화 완료)
Export_Packaging_Work_Log_202605_09.csv,1,2026-06,2026-06-10,11.0,10,초코 가나슈,,18,30,540.0,Global_Mart_Canada (캐나다),True,2026년 하반기 신규 데이터 동기화 검수 완료 (표준 상품명 정규화 완료)
Export_Packaging_Work_Log_202605_09.csv,1,2026-06,2026-06-10,11.0,11,콘치즈 크림치즈,,18,30,540.0,Global_Mart_Canada (캐나다),True,2026년 하반기 신규 데이터 동기화 검수 완료 (표준 상품명 정규화 완료)
Export_Packaging_Work_Log_202605_09.csv,1,2026-06,2026-06-10,11.0,12,홈런볼 초코,,30,30,900.0,Euro_PanAsia (오스트리아),True,2026년 하반기 신규 데이터 동기화 검수 완료 (표준 상품명 정규화 완료)
Export_Packaging_Work_Log_202605_09.csv,1,2026-06,2026-06-10,11.0,13,롤리폴리,,24,20,480.0,Euro_PanAsia (오스트리아),True,2026년 하반기 신규 데이터 동기화 검수 완료 (표준 상품명 정규화 완료)
Export_Packaging_Work_Log_202605_09.csv,1,2026-06,2026-06-10,11.0,14,자두캔디,,16,60,960.0,Euro_PanAsia (오스트리아),True,2026년 하반기 신규 데이터 동기화 검수 완료 (표준 상품명 정규화 완료)
Export_Packaging_Work_Log_202605_09.csv,1,2026-06,2026-06-10,11.0,15,에이스,,30,30,900.0,Euro_PanAsia (오스트리아),True,2026년 하반기 신규 데이터 동기화 검수 완료 (표준 상품명 정규화 완료)
Export_Packaging_Work_Log_202605_09.csv,1,2026-06,2026-06-10,11.0,16,사브레,,24,20,480.0,Euro_PanAsia (오스트리아),True,2026년 하반기 신규 데이터 동기화 검수 완료 (표준 상품명 정규화 완료)
Export_Packaging_Work_Log_202605_09.csv,1,2026-06,2026-06-10,11.0,17,후렌치파이 사과,,12,30,360.0,Euro_PanAsia (오스트리아),True,2026년 하반기 신규 데이터 동기화 검수 완료 (표준 상품명 정규화 완료)
Export_Packaging_Work_Log_202605_09.csv,1,2026-06,2026-06-10,11.0,18,후렌치파이 딸기,,12,40,480.0,Euro_PanAsia (오스트리아),True,2026년 하반기 신규 데이터 동기화 검수 완료 (표준 상품명 정규화 완료)
Export_Packaging_Work_Log_202605_09.csv,1,2026-06,2026-06-10,11.0,19,버터링골드,,24,20,480.0,Euro_PanAsia (오스트리아),True,2026년 하반기 신규 데이터 동기화 검수 완료 (표준 상품명 정규화 완료)
Export_Packaging_Work_Log_202605_09.csv,1,2026-06,2026-06-10,11.0,20,허니버터칩,,16,130,2080.0,Euro_PanAsia (오스트리아),True,2026년 하반기 신규 데이터 동기화 검수 완료 (표준 상품명 정규화 완료)
Export_Packaging_Work_Log_202605_09.csv,1,2026-06,2026-06-10,11.0,21,뽀또치즈 타르트,,21,20,420.0,Euro_PanAsia (오스트리아),True,2026년 하반기 신규 데이터 동기화 검수 완료 (표준 상품명 정규화 완료)
Export_Packaging_Work_Log_202605_09.csv,1,2026-06,2026-06-10,11.0,22,쿠쿠다스 화이트,,21,40,840.0,Euro_PanAsia (오스트리아),True,2026년 하반기 신규 데이터 동기화 검수 완료 (표준 상품명 정규화 완료)
Export_Packaging_Work_Log_202605_09.csv,1,2026-06,2026-06-10,11.0,23,화이트 하임,,21,20,420.0,Euro_PanAsia (오스트리아),True,2026년 하반기 신규 데이터 동기화 검수 완료 (표준 상품명 정규화 완료)
Export_Packaging_Work_Log_202605_09.csv,1,2026-06,2026-06-10,11.0,24,내맘몰랑 청사과,,40,20,800.0,Global_Mart_Canada (캐나다),True,2026년 하반기 신규 데이터 동기화 검수 완료 (표준 상품명 정규화 완료)
Export_Packaging_Work_Log_202605_09.csv,1,2026-06,2026-06-10,11.0,25,내맘몰랑 복숭아,,40,20,800.0,Global_Mart_Canada (캐나다),True,2026년 하반기 신규 데이터 동기화 검수 완료 (표준 상품명 정규화 완료)
Export_Packaging_Work_Log_202605_09.csv,1,2026-06,2026-06-10,11.0,26,참 크래커,,24,15,360.0,Global_Mart_Canada (캐나다),True,2026년 하반기 신규 데이터 동기화 검수 완료 (표준 상품명 정규화 완료)
Export_Packaging_Work_Log_202605_09.csv,1,2026-06,2026-06-10,11.0,27,빅파이 딸기,,12,25,300.0,Global_Mart_Canada (캐나다),True,2026년 하반기 신규 데이터 동기화 검수 완료 (표준 상품명 정규화 완료)
Export_Packaging_Work_Log_202605_09.csv,1,2026-06,2026-06-10,11.0,28,초코하임,,20,30,600.0,Global_Mart_Canada (캐나다),True,2026년 하반기 신규 데이터 동기화 검수 완료 (표준 상품명 정규화 완료)
Export_Packaging_Work_Log_202605_09.csv,1,2026-06,2026-06-10,11.0,29,화이트 하임,,20,20,400.0,Global_Mart_Canada (캐나다),True,2026년 하반기 신규 데이터 동기화 검수 완료 (표준 상품명 정규화 완료)
Export_Packaging_Work_Log_202605_09.csv,1,2026-06,2026-06-10,11.0,30,애플샌드,,20,20,400.0,Global_Mart_Canada (캐나다),True,2026년 하반기 신규 데이터 동기화 검수 완료 (표준 상품명 정규화 완료)
Export_Packaging_Work_Log_202605_09.csv,1,2026-06,2026-06-10,11.0,31,고소한 땅콩샌드,,20,20,400.0,Global_Mart_Canada (캐나다),True,2026년 하반기 신규 데이터 동기화 검수 완료 (표준 상품명 정규화 완료)
Export_Packaging_Work_Log_202605_09.csv,1,2026-06,2026-06-10,11.0,32,마이쮸 자일리톨 딸기,,24,10,240.0,Global_Mart_Canada (캐나다),True,2026년 하반기 신규 데이터 동기화 검수 완료 (표준 상품명 정규화 완료)
Export_Packaging_Work_Log_202605_09.csv,1,2026-06,2026-06-10,11.0,33,쿠쿠다스 커피,,10,25,250.0,Global_Mart_Canada (캐나다),True,2026년 하반기 신규 데이터 동기화 검수 완료 (표준 상품명 정규화 완료)
Export_Packaging_Work_Log_202605_09.csv,1,2026-06,2026-06-10,11.0,34,쿠쿠다스 화이트,,10,20,200.0,Global_Mart_Canada (캐나다),True,2026년 하반기 신규 데이터 동기화 검수 완료 (표준 상품명 정규화 완료)
Export_Packaging_Work_Log_202605_09.csv,1,2026-06,2026-06-10,11.0,35,쿠쿠다스 화이트,,18,10,180.0,Global_Mart_Canada (캐나다),True,2026년 하반기 신규 데이터 동기화 검수 완료 (표준 상품명 정규화 완료)
Export_Packaging_Work_Log_202605_09.csv,1,2026-06,2026-06-10,11.0,36,쿠쿠다스 커피,,18,20,360.0,Global_Mart_Canada (캐나다),True,2026년 하반기 신규 데이터 동기화 검수 완료 (표준 상품명 정규화 완료)
Export_Packaging_Work_Log_202605_09.csv,1,2026-06,2026-06-10,11.0,37,버터와플,,12,40,480.0,Global_Mart_Canada (캐나다),True,2026년 하반기 신규 데이터 동기화 검수 완료 (표준 상품명 정규화 완료)
Export_Packaging_Work_Log_202605_09.csv,1,2026-06,2026-06-10,11.0,38,산도크림,,8,20,160.0,Global_Mart_Canada (캐나다),True,2026년 하반기 신규 데이터 동기화 검수 완료 (표준 상품명 정규화 완료)
Export_Packaging_Work_Log_202605_09.csv,1,2026-06,2026-06-10,11.0,39,산도딸기,,8,20,160.0,Global_Mart_Canada (캐나다),True,2026년 하반기 신규 데이터 동기화 검수 완료 (표준 상품명 정규화 완료)
Export_Packaging_Work_Log_202605_09.csv,1,2026-06,2026-06-10,11.0,40,버터와플,,10,10,100.0,Global_Mart_Canada (캐나다),True,2026년 하반기 신규 데이터 동기화 검수 완료 (표준 상품명 정규화 완료)
Export_Packaging_Work_Log_202605_09.csv,1,2026-06,2026-06-10,11.0,41,애플샌드,,12,20,240.0,Global_Mart_Canada (캐나다),True,2026년 하반기 신규 데이터 동기화 검수 완료 (표준 상품명 정규화 완료)
Export_Packaging_Work_Log_202605_09.csv,1,2026-06,2026-06-10,11.0,42,땅콩카라멜,,6,25,150.0,Global_Mart_Canada (캐나다),True,2026년 하반기 신규 데이터 동기화 검수 완료 (표준 상품명 정규화 완료)
Export_Packaging_Work_Log_202605_09.csv,1,2026-06,2026-06-10,11.0,43,비단박하,,20,15,300.0,Global_Mart_Canada (캐나다),True,2026년 하반기 신규 데이터 동기화 검수 완료 (표준 상품명 정규화 완료)
Export_Packaging_Work_Log_202605_09.csv,1,2026-06,2026-06-10,11.0,44,땅콩카라멜,,20,25,500.0,Global_Mart_Canada (캐나다),True,2026년 하반기 신규 데이터 동기화 검수 완료 (표준 상품명 정규화 완료)
Export_Packaging_Work_Log_202605_09.csv,1,2026-06,2026-06-10,11.0,45,고소한 땅콩샌드,,12,40,480.0,Global_Mart_Canada (캐나다),True,2026년 하반기 신규 데이터 동기화 검수 완료 (표준 상품명 정규화 완료)
Export_Packaging_Work_Log_202605_09.csv,1,2026-06,2026-06-10,11.0,46,초코하임,,12,50,600.0,Global_Mart_Canada (캐나다),True,2026년 하반기 신규 데이터 동기화 검수 완료 (표준 상품명 정규화 완료)
Export_Packaging_Work_Log_202605_09.csv,1,2026-06,2026-06-10,11.0,47,치토스바베큐(소),,12,40,480.0,Global_Mart_Canada (캐나다),True,2026년 하반기 신규 데이터 동기화 검수 완료 (표준 상품명 정규화 완료)
Export_Packaging_Work_Log_202605_09.csv,1,2026-06,2026-06-10,11.0,48,치토스매콤달콤(소),,12,30,360.0,Global_Mart_Canada (캐나다),True,2026년 하반기 신규 데이터 동기화 검수 완료 (표준 상품명 정규화 완료)
Export_Packaging_Work_Log_202605_09.csv,1,2026-06,2026-06-10,11.0,49,치토스바베큐(대),,12,20,240.0,Global_Mart_Canada (캐나다),True,2026년 하반기 신규 데이터 동기화 검수 완료 (표준 상품명 정규화 완료)
Export_Packaging_Work_Log_202605_09.csv,1,2026-06,2026-06-10,11.0,50,치토스매콤달콤(대),,12,30,360.0,Global_Mart_Canada (캐나다),True,2026년 하반기 신규 데이터 동기화 검수 완료 (표준 상품명 정규화 완료)
Export_Packaging_Work_Log_202605_09.csv,1,2026-06,2026-06-10,11.0,51,신당동 떡볶이,,24,30,720.0,Euro_PanAsia (오스트리아),True,2026년 하반기 신규 데이터 동기화 검수 완료 (표준 상품명 정규화 완료)
Export_Packaging_Work_Log_202605_09.csv,1,2026-06,2026-06-10,11.0,52,산도딸기,,12,50,600.0,Euro_PanAsia (오스트리아),True,2026년 하반기 신규 데이터 동기화 검수 완료 (표준 상품명 정규화 완료)
Export_Packaging_Work_Log_202605_09.csv,1,2026-06,2026-06-10,11.0,53,초코하임,,21,20,420.0,Euro_PanAsia (오스트리아),True,2026년 하반기 신규 데이터 동기화 검수 완료 (표준 상품명 정규화 완료)
Export_Packaging_Work_Log_202605_09.csv,1,2026-06,2026-06-10,11.0,54,새콤달콤포도,,6,60,360.0,Euro_PanAsia (오스트리아),True,2026년 하반기 신규 데이터 동기화 검수 완료 (표준 상품명 정규화 완료)
Export_Packaging_Work_Log_202605_09.csv,1,2026-06,2026-06-10,11.0,55,box (외포장 라벨링),1,1,620,620.0,외포장 박스 작업,True,2026년 하반기 신규 데이터 동기화 검수 완료 (표준 상품명 정규화 완료)
Export_Packaging_Work_Log_202605_09.csv,1,2026-06,2026-06-11,11.0,1,새콤달콤 딸기,,6,60,360.0,Euro_PanAsia (오스트리아),True,2026년 하반기 신규 데이터 동기화 검수 완료 (표준 상품명 정규화 완료)
Export_Packaging_Work_Log_202605_09.csv,1,2026-06,2026-06-11,11.0,2,마이구미 포도,,40,100,4000.0,Euro_PanAsia (오스트리아),True,2026년 하반기 신규 데이터 동기화 검수 완료 (표준 상품명 정규화 완료)
Export_Packaging_Work_Log_202605_09.csv,1,2026-06,2026-06-11,11.0,3,왕꿈틀이,,40,30,1200.0,Euro_PanAsia (오스트리아),True,2026년 하반기 신규 데이터 동기화 검수 완료 (표준 상품명 정규화 완료)
Export_Packaging_Work_Log_202605_09.csv,1,2026-06,2026-06-11,11.0,4,고소미,,20,40,800.0,Euro_PanAsia (오스트리아),True,2026년 하반기 신규 데이터 동기화 검수 완료 (표준 상품명 정규화 완료)
Export_Packaging_Work_Log_202605_09.csv,1,2026-06,2026-06-11,11.0,5,초코송이,,28,130,3640.0,Euro_PanAsia (오스트리아),True,2026년 하반기 신규 데이터 동기화 검수 완료 (표준 상품명 정규화 완료)
Export_Packaging_Work_Log_202605_09.csv,1,2026-06,2026-06-11,11.0,6,마린보이,,30,60,1800.0,Euro_PanAsia (오스트리아),True,2026년 하반기 신규 데이터 동기화 검수 완료 (표준 상품명 정규화 완료)
Export_Packaging_Work_Log_202605_09.csv,1,2026-06,2026-06-11,11.0,7,탕콩강정,,12,5,60.0,Euro_PanAsia (오스트리아),True,2026년 하반기 신규 데이터 동기화 검수 완료 (표준 상품명 정규화 완료)
Export_Packaging_Work_Log_202605_09.csv,1,2026-06,2026-06-11,11.0,8,촉촉한초코칩,,20,30,600.0,Euro_PanAsia (오스트리아),True,2026년 하반기 신규 데이터 동기화 검수 완료 (표준 상품명 정규화 완료)
Export_Packaging_Work_Log_202605_09.csv,1,2026-06,2026-06-11,11.0,9,수출 왕고래 뽁음,,24,40,960.0,Euro_PanAsia (오스트리아),True,2026년 하반기 신규 데이터 동기화 검수 완료 (표준 상품명 정규화 완료)
Export_Packaging_Work_Log_202605_09.csv,1,2026-06,2026-06-11,11.0,10,오감자,,24,30,720.0,Euro_PanAsia (오스트리아),True,2026년 하반기 신규 데이터 동기화 검수 완료 (표준 상품명 정규화 완료)
Export_Packaging_Work_Log_202605_09.csv,1,2026-06,2026-06-11,11.0,11,예감 오리지널,,20,20,400.0,Euro_PanAsia (오스트리아),True,2026년 하반기 신규 데이터 동기화 검수 완료 (표준 상품명 정규화 완료)
Export_Packaging_Work_Log_202605_09.csv,1,2026-06,2026-06-11,11.0,12,포카칩 어니언,,20,20,400.0,Euro_PanAsia (오스트리아),True,2026년 하반기 신규 데이터 동기화 검수 완료 (표준 상품명 정규화 완료)
Export_Packaging_Work_Log_202605_09.csv,1,2026-06,2026-06-11,11.0,13,포카칩 오리지널,,20,30,600.0,Euro_PanAsia (오스트리아),True,2026년 하반기 신규 데이터 동기화 검수 완료 (표준 상품명 정규화 완료)
Export_Packaging_Work_Log_202605_09.csv,1,2026-06,2026-06-11,11.0,14,오리온 샌드나,,24,30,720.0,Euro_PanAsia (오스트리아),True,2026년 하반기 신규 데이터 동기화 검수 완료 (표준 상품명 정규화 완료)
Export_Packaging_Work_Log_202605_09.csv,1,2026-06,2026-06-11,11.0,15,통아몬드,,14,30,420.0,Euro_PanAsia (오스트리아),True,2026년 하반기 신규 데이터 동기화 검수 완료 (표준 상품명 정규화 완료)
Export_Packaging_Work_Log_202605_09.csv,1,2026-06,2026-06-11,11.0,16,꼬북칩콘스프,,12,150,1800.0,Euro_PanAsia (오스트리아),True,2026년 하반기 신규 데이터 동기화 검수 완료 (표준 상품명 정규화 완료)
Export_Packaging_Work_Log_202605_09.csv,1,2026-06,2026-06-11,11.0,17,꼬북칩초코츄러스,,14,80,1120.0,Euro_PanAsia (오스트리아),True,2026년 하반기 신규 데이터 동기화 검수 완료 (표준 상품명 정규화 완료)
Export_Packaging_Work_Log_202605_09.csv,1,2026-06,2026-06-11,11.0,18,초코파이,,8,240,1920.0,Euro_PanAsia (오스트리아),True,2026년 하반기 신규 데이터 동기화 검수 완료 (표준 상품명 정규화 완료)
Export_Packaging_Work_Log_202605_09.csv,1,2026-06,2026-06-11,11.0,19,광동 복분자,,10,10,100.0,광동 코리아푸드,True,2026년 하반기 신규 데이터 동기화 검수 완료 (표준 상품명 정규화 완료)
Export_Packaging_Work_Log_202605_09.csv,1,2026-06,2026-06-11,11.0,20,광동 대추쌍화,,10,10,100.0,광동 코리아푸드,True,2026년 하반기 신규 데이터 동기화 검수 완료 (표준 상품명 정규화 완료)
Export_Packaging_Work_Log_202605_09.csv,1,2026-06,2026-06-11,11.0,21,비타500ZERO,,10,30,300.0,광동 코리아푸드,True,2026년 하반기 신규 데이터 동기화 검수 완료 (표준 상품명 정규화 완료)
Export_Packaging_Work_Log_202605_09.csv,1,2026-06,2026-06-11,11.0,22,비타500치어팩,,30,25,750.0,광동 코리아푸드,True,2026년 하반기 신규 데이터 동기화 검수 완료 (표준 상품명 정규화 완료)
Export_Packaging_Work_Log_202605_09.csv,1,2026-06,2026-06-11,11.0,23,밀싹보리차,,12,50,600.0,광동 코리아푸드,True,2026년 하반기 신규 데이터 동기화 검수 완료 (표준 상품명 정규화 완료)
Export_Packaging_Work_Log_202605_09.csv,1,2026-06,2026-06-11,11.0,24,밀싹보리차,,24,30,720.0,광동 코리아푸드,True,2026년 하반기 신규 데이터 동기화 검수 완료 (표준 상품명 정규화 완료)
Export_Packaging_Work_Log_202605_09.csv,1,2026-06,2026-06-11,11.0,25,우엉차,,24,25,600.0,광동 코리아푸드,True,2026년 하반기 신규 데이터 동기화 검수 완료 (표준 상품명 정규화 완료)
Export_Packaging_Work_Log_202605_09.csv,1,2026-06,2026-06-11,11.0,26,진한헛개차,,12,105,1260.0,광동 코리아푸드,True,2026년 하반기 신규 데이터 동기화 검수 완료 (표준 상품명 정규화 완료)
Export_Packaging_Work_Log_202605_09.csv,1,2026-06,2026-06-11,11.0,27,옥수수 수염차,,12,115,1380.0,광동 코리아푸드,True,2026년 하반기 신규 데이터 동기화 검수 완료 (표준 상품명 정규화 완료)
Export_Packaging_Work_Log_202605_09.csv,1,2026-06,2026-06-11,11.0,28,비타500 젤리,,5,10,50.0,광동 코리아푸드,True,2026년 하반기 신규 데이터 동기화 검수 완료 (표준 상품명 정규화 완료)
Export_Packaging_Work_Log_202605_09.csv,1,2026-06,2026-06-11,11.0,29,옥수수 수염차,,20,100,2000.0,광동 코리아푸드,True,2026년 하반기 신규 데이터 동기화 검수 완료 (표준 상품명 정규화 완료)
Export_Packaging_Work_Log_202605_09.csv,1,2026-06,2026-06-11,11.0,30,진한헛개차,,20,60,1200.0,광동 코리아푸드,True,2026년 하반기 신규 데이터 동기화 검수 완료 (표준 상품명 정규화 완료)
Export_Packaging_Work_Log_202605_09.csv,1,2026-06,2026-06-11,11.0,31,허니버터칩,,16,220,3520.0,K-Mart_Canada (캐나다),True,2026년 하반기 신규 데이터 동기화 검수 완료 (표준 상품명 정규화 완료)
Export_Packaging_Work_Log_202605_09.csv,1,2026-06,2026-06-11,11.0,32,box (외포장 라벨링),1,1,1125,1125.0,외포장 박스 작업,True,2026년 하반기 신규 데이터 동기화 검수 완료 (표준 상품명 정규화 완료)
Export_Packaging_Work_Log_202605_09.csv,1,2026-06,2026-06-12,11.0,1,허니버터칩,,16,1280,20480.0,K-Mart_Canada (캐나다),True,2026년 하반기 신규 데이터 동기화 검수 완료 (표준 상품명 정규화 완료)
Export_Packaging_Work_Log_202605_09.csv,1,2026-06,2026-06-12,11.0,2,딸기 미니웨하스,,15,20,300.0,Global_Mart_Canada (캐나다),True,2026년 하반기 신규 데이터 동기화 검수 완료 (표준 상품명 정규화 완료)
Export_Packaging_Work_Log_202605_09.csv,1,2026-06,2026-06-12,11.0,3,홈런볼 초코,,30,50,1500.0,Global_Mart_Canada (캐나다),True,2026년 하반기 신규 데이터 동기화 검수 완료 (표준 상품명 정규화 완료)
Export_Packaging_Work_Log_202605_09.csv,1,2026-06,2026-06-12,11.0,4,홈,,12,30,360.0,Global_Mart_Canada (캐나다),True,2026년 하반기 신규 데이터 동기화 검수 완료 (표준 상품명 정규화 완료)
Export_Packaging_Work_Log_202605_09.csv,1,2026-06,2026-06-12,11.0,5,롤리폴리,,24,20,480.0,Global_Mart_Canada (캐나다),True,2026년 하반기 신규 데이터 동기화 검수 완료 (표준 상품명 정규화 완료)
Export_Packaging_Work_Log_202605_09.csv,1,2026-06,2026-06-12,11.0,6,후렌치파이 사과,,12,20,240.0,Global_Mart_Canada (캐나다),True,2026년 하반기 신규 데이터 동기화 검수 완료 (표준 상품명 정규화 완료)
Export_Packaging_Work_Log_202605_09.csv,1,2026-06,2026-06-12,11.0,7,후렌치파이 딸기,,12,40,480.0,Global_Mart_Canada (캐나다),True,2026년 하반기 신규 데이터 동기화 검수 완료 (표준 상품명 정규화 완료)
Export_Packaging_Work_Log_202605_09.csv,1,2026-06,2026-06-12,11.0,8,오예스,,10,100,1000.0,Global_Mart_Canada (캐나다),True,2026년 하반기 신규 데이터 동기화 검수 완료 (표준 상품명 정규화 완료)
Export_Packaging_Work_Log_202605_09.csv,1,2026-06,2026-06-12,11.0,9,오예스쿠키앤크림,,10,50,500.0,Global_Mart_Canada (캐나다),True,2026년 하반기 신규 데이터 동기화 검수 완료 (표준 상품명 정규화 완료)
Export_Packaging_Work_Log_202605_09.csv,1,2026-06,2026-06-12,11.0,10,나랑드 사이다,,12,30,360.0,Global_Mart_Canada (캐나다),True,2026년 하반기 신규 데이터 동기화 검수 완료 (표준 상품명 정규화 완료)
Export_Packaging_Work_Log_202605_09.csv,1,2026-06,2026-06-12,11.0,11,나랑드사이다파인애플,,24,40,960.0,Global_Mart_Canada (캐나다),True,2026년 하반기 신규 데이터 동기화 검수 완료 (표준 상품명 정규화 완료)
Export_Packaging_Work_Log_202605_09.csv,1,2026-06,2026-06-12,11.0,12,데미소다 애플,,30,20,600.0,Global_Mart_Canada (캐나다),True,2026년 하반기 신규 데이터 동기화 검수 완료 (표준 상품명 정규화 완료)
Export_Packaging_Work_Log_202605_09.csv,1,2026-06,2026-06-12,11.0,13,데미소다 피치,,30,30,900.0,Global_Mart_Canada (캐나다),True,2026년 하반기 신규 데이터 동기화 검수 완료 (표준 상품명 정규화 완료)
Export_Packaging_Work_Log_202605_09.csv,1,2026-06,2026-06-12,11.0,14,나랑드사이다파인애플,,30,30,900.0,Global_Mart_Canada (캐나다),True,2026년 하반기 신규 데이터 동기화 검수 완료 (표준 상품명 정규화 완료)
Export_Packaging_Work_Log_202605_09.csv,1,2026-06,2026-06-12,11.0,15,나랑드사이다 그린애플,,30,30,900.0,Global_Mart_Canada (캐나다),True,2026년 하반기 신규 데이터 동기화 검수 완료 (표준 상품명 정규화 완료)
Export_Packaging_Work_Log_202605_09.csv,1,2026-06,2026-06-12,11.0,16,레츠비 모카라떼,,30,80,2400.0,Global_Mart_Canada (캐나다),True,2026년 하반기 신규 데이터 동기화 검수 완료 (표준 상품명 정규화 완료)
Export_Packaging_Work_Log_202605_09.csv,1,2026-06,2026-06-12,11.0,17,홈런볼 9팩,,8,114,912.0,H-Mart_Global (미주),True,2026년 하반기 신규 데이터 동기화 검수 완료 (표준 상품명 정규화 완료)
Export_Packaging_Work_Log_202605_09.csv,1,2026-06,2026-06-13,12.0,1,홈런볼 9팩,,8,136,1088.0,H-Mart_Global (미주),True,2026년 하반기 신규 데이터 동기화 검수 완료 (표준 상품명 정규화 완료)
Export_Packaging_Work_Log_202605_09.csv,1,2026-06,2026-06-13,12.0,2,허니버터칩 콰트로치즈,,16,50,800.0,Global_Mart_Canada (캐나다),True,2026년 하반기 신규 데이터 동기화 검수 완료 (표준 상품명 정규화 완료)
Export_Packaging_Work_Log_202605_09.csv,1,2026-06,2026-06-13,12.0,3,알사탕,,16,20,320.0,Global_Mart_Canada (캐나다),True,2026년 하반기 신규 데이터 동기화 검수 완료 (표준 상품명 정규화 완료)
Export_Packaging_Work_Log_202605_09.csv,1,2026-06,2026-06-13,12.0,4,자두캔디,,16,25,400.0,Global_Mart_Canada (캐나다),True,2026년 하반기 신규 데이터 동기화 검수 완료 (표준 상품명 정규화 완료)
Export_Packaging_Work_Log_202605_09.csv,1,2026-06,2026-06-13,12.0,5,초코 빼빼로 벌크,,9,365,3285.0,3460(롯데 캐나다),True,2026년 하반기 신규 데이터 동기화 검수 완료 (표준 상품명 정규화 완료)
Export_Packaging_Work_Log_202605_09.csv,1,2026-06,2026-06-13,12.0,6,크런키 빼빼로 벌크,,9,216,1944.0,3460(롯데 캐나다),True,2026년 하반기 신규 데이터 동기화 검수 완료 (표준 상품명 정규화 완료)
Export_Packaging_Work_Log_202605_09.csv,1,2026-06,2026-06-13,12.0,7,몽쉘 카카오,,16,90,1440.0,3460(롯데 캐나다),True,2026년 하반기 신규 데이터 동기화 검수 완료 (표준 상품명 정규화 완료)
Export_Packaging_Work_Log_202605_09.csv,1,2026-06,2026-06-13,12.0,8,몽쉘 오리지날,,16,100,1600.0,3460(롯데 캐나다),True,2026년 하반기 신규 데이터 동기화 검수 완료 (표준 상품명 정규화 완료)
Export_Packaging_Work_Log_202605_09.csv,1,2026-06,2026-06-13,12.0,9,구운 감자,,10,50,500.0,H-Mart_Global (미주),True,2026년 하반기 신규 데이터 동기화 검수 완료 (표준 상품명 정규화 완료)
Export_Packaging_Work_Log_202605_09.csv,1,2026-06,2026-06-13,12.0,10,사브레,,12,40,480.0,H-Mart_Global (미주),True,2026년 하반기 신규 데이터 동기화 검수 완료 (표준 상품명 정규화 완료)
Export_Packaging_Work_Log_202605_09.csv,1,2026-06,2026-06-13,12.0,11,오사쯔,,10,250,2500.0,A20,True,2026년 하반기 신규 데이터 동기화 검수 완료 (표준 상품명 정규화 완료)
Export_Packaging_Work_Log_202605_09.csv,1,2026-06,2026-06-13,12.0,12,The 빠새,,10,100,1000.0,A20,True,2026년 하반기 신규 데이터 동기화 검수 완료 (표준 상품명 정규화 완료)
Export_Packaging_Work_Log_202605_09.csv,1,2026-06,2026-06-13,12.0,13,허니버터 프로마쥬블랑,,16,20,320.0,940(캐나다 TB),True,2026년 하반기 신규 데이터 동기화 검수 완료 (표준 상품명 정규화 완료)
Export_Packaging_Work_Log_202605_09.csv,1,2026-06,2026-06-13,12.0,14,허니버터 메이플,,16,20,320.0,940(캐나다 TB),True,2026년 하반기 신규 데이터 동기화 검수 완료 (표준 상품명 정규화 완료)
Export_Packaging_Work_Log_202605_09.csv,1,2026-06,2026-06-13,12.0,15,허니버터칩,,16,500,8000.0,940(캐나다 TB),True,2026년 하반기 신규 데이터 동기화 검수 완료 (표준 상품명 정규화 완료)
Export_Packaging_Work_Log_202605_09.csv,1,2026-06,2026-06-13,12.0,16,에이스,,10,100,1000.0,940(캐나다 TB),True,2026년 하반기 신규 데이터 동기화 검수 완료 (표준 상품명 정규화 완료)
Export_Packaging_Work_Log_202605_09.csv,1,2026-06,2026-06-13,12.0,17,The 빠새,,10,20,200.0,940(캐나다 TB),True,2026년 하반기 신규 데이터 동기화 검수 완료 (표준 상품명 정규화 완료)
Export_Packaging_Work_Log_202605_09.csv,1,2026-06,2026-06-16,12.0,1,사브레,,24,10,240.0,940(캐나다 TB),True,2026년 하반기 신규 데이터 동기화 검수 완료 (표준 상품명 정규화 완료)
Export_Packaging_Work_Log_202605_09.csv,1,2026-06,2026-06-16,12.0,2,The 빠새,,16,20,320.0,940(캐나다 TB),True,2026년 하반기 신규 데이터 동기화 검수 완료 (표준 상품명 정규화 완료)
Export_Packaging_Work_Log_202605_09.csv,1,2026-06,2026-06-16,12.0,3,후렌치파이 딸기,,12,60,720.0,940(캐나다 TB),True,2026년 하반기 신규 데이터 동기화 검수 완료 (표준 상품명 정규화 완료)
Export_Packaging_Work_Log_202605_09.csv,1,2026-06,2026-06-16,12.0,4,후렌차파이 사과,,12,60,720.0,940(캐나다 TB),True,2026년 하반기 신규 데이터 동기화 검수 완료 (표준 상품명 정규화 완료)
Export_Packaging_Work_Log_202605_09.csv,1,2026-06,2026-06-16,12.0,5,오예스,,10,350,3500.0,940(캐나다 TB),True,2026년 하반기 신규 데이터 동기화 검수 완료 (표준 상품명 정규화 완료)
Export_Packaging_Work_Log_202605_09.csv,1,2026-06,2026-06-16,12.0,6,홈런볼 초코 벌크,,12,300,3600.0,940(캐나다 TB),True,2026년 하반기 신규 데이터 동기화 검수 완료 (표준 상품명 정규화 완료)
Export_Packaging_Work_Log_202605_09.csv,1,2026-06,2026-06-16,12.0,7,화이느 엔젤큐러슈,,36,20,720.0,940(캐나다 TB),True,2026년 하반기 신규 데이터 동기화 검수 완료 (표준 상품명 정규화 완료)
Export_Packaging_Work_Log_202605_09.csv,1,2026-06,2026-06-16,12.0,8,연얀갱,,80,40,3200.0,940(캐나다 TB),True,2026년 하반기 신규 데이터 동기화 검수 완료 (표준 상품명 정규화 완료)
Export_Packaging_Work_Log_202605_09.csv,1,2026-06,2026-06-16,12.0,9,초코 빼빼로 벌크,,9,175,1575.0,940(캐나다 TB),True,2026년 하반기 신규 데이터 동기화 검수 완료 (표준 상품명 정규화 완료)
Export_Packaging_Work_Log_202605_09.csv,1,2026-06,2026-06-16,12.0,10,몽쉘 카카오,,16,60,960.0,3460(롯데 캐나다),True,2026년 하반기 신규 데이터 동기화 검수 완료 (표준 상품명 정규화 완료)
Export_Packaging_Work_Log_202605_09.csv,1,2026-06,2026-06-16,12.0,11,신쫄이 딸기맛,,120,139,16680.0,3460(롯데 캐나다),True,2026년 하반기 신규 데이터 동기화 검수 완료 (표준 상품명 정규화 완료)
Export_Packaging_Work_Log_202605_09.csv,1,2026-06,2026-06-17,11.0,1,신쫄이 딸기맛,,120,121,14520.0,Central_Asia_Logistics (몽골),True,2026년 하반기 신규 데이터 동기화 검수 완료 (표준 상품명 정규화 완료)
Export_Packaging_Work_Log_202605_09.csv,1,2026-06,2026-06-17,11.0,2,신당동 떡볶이,,24,30,720.0,Global_Mart_Canada (캐나다),True,2026년 하반기 신규 데이터 동기화 검수 완료 (표준 상품명 정규화 완료)
Export_Packaging_Work_Log_202605_09.csv,1,2026-06,2026-06-17,11.0,3,신당동 떡볶이,,12,20,240.0,Global_Mart_Canada (캐나다),True,2026년 하반기 신규 데이터 동기화 검수 완료 (표준 상품명 정규화 완료)
Export_Packaging_Work_Log_202605_09.csv,1,2026-06,2026-06-17,11.0,4,꼬불꼬불한 매콤한 라뽁이,,20,35,700.0,Global_Mart_Canada (캐나다),True,2026년 하반기 신규 데이터 동기화 검수 완료 (표준 상품명 정규화 완료)
Export_Packaging_Work_Log_202605_09.csv,1,2026-06,2026-06-17,11.0,5,라멘 뽀식이,,20,30,600.0,Global_Mart_Canada (캐나다),True,2026년 하반기 신규 데이터 동기화 검수 완료 (표준 상품명 정규화 완료)
Export_Packaging_Work_Log_202605_09.csv,1,2026-06,2026-06-17,11.0,6,꼬깔콘 콘옥수수(대),,12,100,1200.0,Global_Mart_Canada (캐나다),True,2026년 하반기 신규 데이터 동기화 검수 완료 (표준 상품명 정규화 완료)
Export_Packaging_Work_Log_202605_09.csv,1,2026-06,2026-06-17,11.0,7,꼬칼콘 소소한맛(대),,12,120,1440.0,Global_Mart_Canada (캐나다),True,2026년 하반기 신규 데이터 동기화 검수 완료 (표준 상품명 정규화 완료)
Export_Packaging_Work_Log_202605_09.csv,1,2026-06,2026-06-17,11.0,8,빈츠,,16,40,640.0,Global_Mart_Canada (캐나다),True,2026년 하반기 신규 데이터 동기화 검수 완료 (표준 상품명 정규화 완료)
Export_Packaging_Work_Log_202605_09.csv,1,2026-06,2026-06-17,11.0,9,쌀로별,,12,15,180.0,Global_Mart_Canada (캐나다),True,2026년 하반기 신규 데이터 동기화 검수 완료 (표준 상품명 정규화 완료)
Export_Packaging_Work_Log_202605_09.csv,1,2026-06,2026-06-17,11.0,10,초코파이 흑당밀크,,8,20,160.0,Global_Mart_Canada (캐나다),True,2026년 하반기 신규 데이터 동기화 검수 완료 (표준 상품명 정규화 완료)
Export_Packaging_Work_Log_202605_09.csv,1,2026-06,2026-06-17,11.0,11,초코파이,,8,100,800.0,Global_Mart_Canada (캐나다),True,2026년 하반기 신규 데이터 동기화 검수 완료 (표준 상품명 정규화 완료)
Export_Packaging_Work_Log_202605_09.csv,1,2026-06,2026-06-17,11.0,12,자일리톨 알파 후레쉬,,24,15,360.0,Global_Mart_Canada (캐나다),True,2026년 하반기 신규 데이터 동기화 검수 완료 (표준 상품명 정규화 완료)
Export_Packaging_Work_Log_202605_09.csv,1,2026-06,2026-06-17,11.0,13,가나 마일드,,40,5,200.0,Global_Mart_Canada (캐나다),True,2026년 하반기 신규 데이터 동기화 검수 완료 (표준 상품명 정규화 완료)
Export_Packaging_Work_Log_202605_09.csv,1,2026-06,2026-06-17,11.0,14,찰떡파이 초코,,12,50,600.0,Global_Mart_Canada (캐나다),True,2026년 하반기 신규 데이터 동기화 검수 완료 (표준 상품명 정규화 완료)
Export_Packaging_Work_Log_202605_09.csv,1,2026-06,2026-06-17,11.0,15,ABC초코쿠키,,18,20,360.0,Global_Mart_Canada (캐나다),True,2026년 하반기 신규 데이터 동기화 검수 완료 (표준 상품명 정규화 완료)
Export_Packaging_Work_Log_202605_09.csv,1,2026-06,2026-06-17,11.0,16,ABC초코쿠키,,32,15,480.0,Global_Mart_Canada (캐나다),True,2026년 하반기 신규 데이터 동기화 검수 완료 (표준 상품명 정규화 완료)
Export_Packaging_Work_Log_202605_09.csv,1,2026-06,2026-06-17,11.0,17,자일리톨 애플민트,,24,20,480.0,Global_Mart_Canada (캐나다),True,2026년 하반기 신규 데이터 동기화 검수 완료 (표준 상품명 정규화 완료)
Export_Packaging_Work_Log_202605_09.csv,1,2026-06,2026-06-17,11.0,18,명가찰떡초코,,8,40,320.0,Global_Mart_Canada (캐나다),True,2026년 하반기 신규 데이터 동기화 검수 완료 (표준 상품명 정규화 완료)
Export_Packaging_Work_Log_202605_09.csv,1,2026-06,2026-06-17,11.0,19,롯,,30,20,600.0,Global_Mart_Canada (캐나다),True,2026년 하반기 신규 데이터 동기화 검수 완료 (표준 상품명 정규화 완료)
Export_Packaging_Work_Log_202605_09.csv,1,2026-06,2026-06-17,11.0,20,빠다코코낫,,30,10,300.0,Global_Mart_Canada (캐나다),True,2026년 하반기 신규 데이터 동기화 검수 완료 (표준 상품명 정규화 완료)
Export_Packaging_Work_Log_202605_09.csv,1,2026-06,2026-06-17,11.0,21,쌀로별,,16,35,560.0,Global_Mart_Canada (캐나다),True,2026년 하반기 신규 데이터 동기화 검수 완료 (표준 상품명 정규화 완료)
Export_Packaging_Work_Log_202605_09.csv,1,2026-06,2026-06-17,11.0,22,딸기 카드타드,,8,30,240.0,Global_Mart_Canada (캐나다),True,2026년 하반기 신규 데이터 동기화 검수 완료 (표준 상품명 정규화 완료)
Export_Packaging_Work_Log_202605_09.csv,1,2026-06,2026-06-17,11.0,23,말랑카우 딸기,,20,20,400.0,Global_Mart_Canada (캐나다),True,2026년 하반기 신규 데이터 동기화 검수 완료 (표준 상품명 정규화 완료)
Export_Packaging_Work_Log_202605_09.csv,1,2026-06,2026-06-17,11.0,24,말랑카우 밀크,,20,40,800.0,Global_Mart_Canada (캐나다),True,2026년 하반기 신규 데이터 동기화 검수 완료 (표준 상품명 정규화 완료)
Export_Packaging_Work_Log_202605_09.csv,1,2026-06,2026-06-17,11.0,25,카카오몽쉘,,8,20,160.0,Global_Mart_Canada (캐나다),True,2026년 하반기 신규 데이터 동기화 검수 완료 (표준 상품명 정규화 완료)
Export_Packaging_Work_Log_202605_09.csv,1,2026-06,2026-06-17,11.0,26,초코 빼빼로 벌크,,9,30,270.0,Global_Mart_Canada (캐나다),True,2026년 하반기 신규 데이터 동기화 검수 완료 (표준 상품명 정규화 완료)
Export_Packaging_Work_Log_202605_09.csv,1,2026-06,2026-06-17,11.0,27,크런키 빼빼로,,40,20,800.0,Global_Mart_Canada (캐나다),True,2026년 하반기 신규 데이터 동기화 검수 완료 (표준 상품명 정규화 완료)
Export_Packaging_Work_Log_202605_09.csv,1,2026-06,2026-06-17,11.0,28,구운 감자 케이스,,12,30,360.0,H-Mart_Global (미주),True,2026년 하반기 신규 데이터 동기화 검수 완료 (표준 상품명 정규화 완료)
Export_Packaging_Work_Log_202605_09.csv,1,2026-06,2026-06-17,11.0,29,알사탕,,16,10,160.0,H-Mart_Global (미주),True,2026년 하반기 신규 데이터 동기화 검수 완료 (표준 상품명 정규화 완료)
Export_Packaging_Work_Log_202605_09.csv,1,2026-06,2026-06-17,11.0,30,오사쯔,,10,30,300.0,H-Mart_Global (미주),True,2026년 하반기 신규 데이터 동기화 검수 완료 (표준 상품명 정규화 완료)
Export_Packaging_Work_Log_202605_09.csv,1,2026-06,2026-06-17,11.0,31,자유시간,,144,30,4320.0,H-Mart_Global (미주),True,2026년 하반기 신규 데이터 동기화 검수 완료 (표준 상품명 정규화 완료)
Export_Packaging_Work_Log_202605_09.csv,1,2026-06,2026-06-17,11.0,32,오예스미니크림소다맛,,12,250,3000.0,H-Mart_Global (미주),True,2026년 하반기 신규 데이터 동기화 검수 완료 (표준 상품명 정규화 완료)
Export_Packaging_Work_Log_202605_09.csv,1,2026-06,2026-06-18,12.0,1,오예스미니크림소다맛,,12,250,3000.0,A20,True,2026년 하반기 신규 데이터 동기화 검수 완료 (표준 상품명 정규화 완료)
Export_Packaging_Work_Log_202605_09.csv,1,2026-06,2026-06-18,12.0,2,스노위아몬드빼빼로,,40,387,15480.0,3142(롯데케나다),True,2026년 하반기 신규 데이터 동기화 검수 완료 (표준 상품명 정규화 완료)
Export_Packaging_Work_Log_202605_09.csv,1,2026-06,2026-06-18,12.0,3,자두캔디,,16,100,1600.0,3142(롯데케나다),True,2026년 하반기 신규 데이터 동기화 검수 완료 (표준 상품명 정규화 완료)
Export_Packaging_Work_Log_202605_09.csv,1,2026-06,2026-06-18,12.0,4,오사쯔,,10,50,500.0,3142(롯데케나다),True,2026년 하반기 신규 데이터 동기화 검수 완료 (표준 상품명 정규화 완료)
Export_Packaging_Work_Log_202605_09.csv,1,2026-06,2026-06-18,12.0,5,딸기 웨하스,,40,80,3200.0,3142(롯데케나다),True,2026년 하반기 신규 데이터 동기화 검수 완료 (표준 상품명 정규화 완료)
Export_Packaging_Work_Log_202605_09.csv,1,2026-06,2026-06-18,12.0,6,구운 감자,,10,100,1000.0,3142(롯데케나다),True,2026년 하반기 신규 데이터 동기화 검수 완료 (표준 상품명 정규화 완료)
Export_Packaging_Work_Log_202605_09.csv,1,2026-06,2026-06-18,12.0,7,구운 감자,,30,50,1500.0,3142(롯데케나다),True,2026년 하반기 신규 데이터 동기화 검수 완료 (표준 상품명 정규화 완료)
Export_Packaging_Work_Log_202605_09.csv,1,2026-06,2026-06-18,12.0,8,사브레,,12,100,1200.0,3142(롯데케나다),True,2026년 하반기 신규 데이터 동기화 검수 완료 (표준 상품명 정규화 완료)
Export_Packaging_Work_Log_202605_09.csv,1,2026-06,2026-06-18,12.0,9,버터링딥초코,,10,100,1000.0,3142(롯데케나다),True,2026년 하반기 신규 데이터 동기화 검수 완료 (표준 상품명 정규화 완료)
Export_Packaging_Work_Log_202605_09.csv,1,2026-06,2026-06-18,12.0,10,샌드에이스 우유크림,,12,50,600.0,3142(롯데케나다),True,2026년 하반기 신규 데이터 동기화 검수 완료 (표준 상품명 정규화 완료)
Export_Packaging_Work_Log_202605_09.csv,1,2026-06,2026-06-18,12.0,11,초코픽,,24,100,2400.0,3142(롯데케나다),True,2026년 하반기 신규 데이터 동기화 검수 완료 (표준 상품명 정규화 완료)
Export_Packaging_Work_Log_202605_09.csv,1,2026-06,2026-06-18,12.0,12,크림 웨하스,,40,40,1600.0,3142(롯데케나다),True,2026년 하반기 신규 데이터 동기화 검수 완료 (표준 상품명 정규화 완료)
Export_Packaging_Work_Log_202605_09.csv,1,2026-06,2026-06-18,12.0,13,신쫄이 딸기맛,,120,52,6240.0,3142(롯데케나다),True,2026년 하반기 신규 데이터 동기화 검수 완료 (표준 상품명 정규화 완료)
Export_Packaging_Work_Log_202605_09.csv,1,2026-06,2026-06-19,10.0,1,신쫄이 딸기맛,,120,148,17760.0,Central_Asia_Logistics (몽골),True,2026년 하반기 신규 데이터 동기화 검수 완료 (표준 상품명 정규화 완료)
Export_Packaging_Work_Log_202605_09.csv,1,2026-06,2026-06-19,10.0,2,신당동 떡볶이,,24,81,1944.0,Central_Asia_Logistics (몽골),True,2026년 하반기 신규 데이터 동기화 검수 완료 (표준 상품명 정규화 완료)
Export_Packaging_Work_Log_202605_09.csv,1,2026-06,2026-06-19,10.0,3,허니버터칩,,16,40,640.0,Central_Asia_Logistics (몽골),True,2026년 하반기 신규 데이터 동기화 검수 완료 (표준 상품명 정규화 완료)
Export_Packaging_Work_Log_202605_09.csv,1,2026-06,2026-06-19,10.0,4,홈런볼 옥수수콘 크림맛,,3,500,1500.0,A20,True,2026년 하반기 신규 데이터 동기화 검수 완료 (표준 상품명 정규화 완료)
Export_Packaging_Work_Log_202605_09.csv,1,2026-06,2026-06-19,10.0,5,캐나다용 초코필드 빼빼로,,40,104,4160.0,3142(롯데케나다),True,2026년 하반기 신규 데이터 동기화 검수 완료 (표준 상품명 정규화 완료)
Export_Packaging_Work_Log_202605_09.csv,1,2026-06,2026-06-19,10.0,6,캐나다용 화이트 빼배로,,40,360,14400.0,3142(롯데케나다),True,2026년 하반기 신규 데이터 동기화 검수 완료 (표준 상품명 정규화 완료)
Export_Packaging_Work_Log_202605_09.csv,1,2026-06,2026-06-19,10.0,7,캐나다용 아몬드 빼빼로,,40,360,14400.0,3142(롯데케나다),True,2026년 하반기 신규 데이터 동기화 검수 완료 (표준 상품명 정규화 완료)
Export_Packaging_Work_Log_202605_09.csv,1,2026-06,2026-06-19,10.0,8,초코파이 6봉,,16,1,16.0,3142(롯데케나다),True,2026년 하반기 신규 데이터 동기화 검수 완료 (표준 상품명 정규화 완료)
Export_Packaging_Work_Log_202605_09.csv,1,2026-06,2026-06-19,10.0,9,카스타드 12봉,,8,213,1704.0,3142(롯데케나다),True,2026년 하반기 신규 데이터 동기화 검수 완료 (표준 상품명 정규화 완료)
Export_Packaging_Work_Log_202605_09.csv,1,2026-06,2026-06-22,10.0,1,카스타드,,8,137,1096.0,3142(롯데 캐나다),True,2026년 하반기 신규 데이터 동기화 검수 완료 (표준 상품명 정규화 완료)
Export_Packaging_Work_Log_202605_09.csv,1,2026-06,2026-06-22,10.0,2,얼려먹는 초코 만들기,,24,100,2400.0,994,True,2026년 하반기 신규 데이터 동기화 검수 완료 (표준 상품명 정규화 완료)
Export_Packaging_Work_Log_202605_09.csv,1,2026-06,2026-06-22,10.0,3,크림 웨하스,,40,40,1600.0,994,True,2026년 하반기 신규 데이터 동기화 검수 완료 (표준 상품명 정규화 완료)
Export_Packaging_Work_Log_202605_09.csv,1,2026-06,2026-06-22,10.0,4,에이스씬에스프레소,,12,100,1200.0,H-Mart_Global (미주),True,2026년 하반기 신규 데이터 동기화 검수 완료 (표준 상품명 정규화 완료)
Export_Packaging_Work_Log_202605_09.csv,1,2026-06,2026-06-22,10.0,5,오예스미니크림소다맛,,12,50,600.0,940(캐나다 TB),True,2026년 하반기 신규 데이터 동기화 검수 완료 (표준 상품명 정규화 완료)
Export_Packaging_Work_Log_202605_09.csv,1,2026-06,2026-06-22,10.0,6,샌드에이스 우유크림,,24,30,720.0,940(캐나다 TB),True,2026년 하반기 신규 데이터 동기화 검수 완료 (표준 상품명 정규화 완료)
Export_Packaging_Work_Log_202605_09.csv,1,2026-06,2026-06-22,10.0,7,초코픽,,24,50,1200.0,940(캐나다 TB),True,2026년 하반기 신규 데이터 동기화 검수 완료 (표준 상품명 정규화 완료)
Export_Packaging_Work_Log_202605_09.csv,1,2026-06,2026-06-22,10.0,8,초코픽,,24,10,240.0,940(캐나다 TB),True,2026년 하반기 신규 데이터 동기화 검수 완료 (표준 상품명 정규화 완료)
Export_Packaging_Work_Log_202605_09.csv,1,2026-06,2026-06-22,10.0,9,에이스씬에스프레소,,16,10,160.0,940(캐나다 TB),True,2026년 하반기 신규 데이터 동기화 검수 완료 (표준 상품명 정규화 완료)
Export_Packaging_Work_Log_202605_09.csv,1,2026-06,2026-06-22,10.0,10,구운 나초,,10,80,800.0,K-Mart_Canada (캐나다),True,2026년 하반기 신규 데이터 동기화 검수 완료 (표준 상품명 정규화 완료)
Export_Packaging_Work_Log_202605_09.csv,1,2026-06,2026-06-22,10.0,11,구운나초케이스,,12,80,960.0,K-Mart_Canada (캐나다),True,2026년 하반기 신규 데이터 동기화 검수 완료 (표준 상품명 정규화 완료)
Export_Packaging_Work_Log_202605_09.csv,1,2026-06,2026-06-22,10.0,12,구운 나초,,30,100,3000.0,K-Mart_Canada (캐나다),True,2026년 하반기 신규 데이터 동기화 검수 완료 (표준 상품명 정규화 완료)
Export_Packaging_Work_Log_202605_09.csv,1,2026-06,2026-06-22,10.0,13,후렌치파이 파인애플,,12,100,1200.0,K-Mart_Canada (캐나다),True,2026년 하반기 신규 데이터 동기화 검수 완료 (표준 상품명 정규화 완료)
Export_Packaging_Work_Log_202605_09.csv,1,2026-06,2026-06-22,10.0,14,오예스미니크림소다맛,,12,100,1200.0,K-Mart_Canada (캐나다),True,2026년 하반기 신규 데이터 동기화 검수 완료 (표준 상품명 정규화 완료)
Export_Packaging_Work_Log_202605_09.csv,1,2026-06,2026-06-22,10.0,15,홈런볼 옥수수콘 소프크콘맛,,30,100,3000.0,K-Mart_Canada (캐나다),True,2026년 하반기 신규 데이터 동기화 검수 완료 (표준 상품명 정규화 완료)
Export_Packaging_Work_Log_202605_09.csv,1,2026-06,2026-06-22,10.0,16,홈런볼 옥수수콘 소프크콘맛,,12,100,1200.0,K-Mart_Canada (캐나다),True,2026년 하반기 신규 데이터 동기화 검수 완료 (표준 상품명 정규화 완료)
Export_Packaging_Work_Log_202605_09.csv,1,2026-06,2026-06-22,10.0,17,카스타드6봉,,12,100,1200.0,3142(롯데 캐나다),True,2026년 하반기 신규 데이터 동기화 검수 완료 (표준 상품명 정규화 완료)
Export_Packaging_Work_Log_202605_09.csv,1,2026-06,2026-06-22,10.0,18,신쫄이 딸기맛,,120,10,1200.0,940(캐나다 TB),True,2026년 하반기 신규 데이터 동기화 검수 완료 (표준 상품명 정규화 완료)
Export_Packaging_Work_Log_202605_09.csv,1,2026-06,2026-06-23,11.0,1,신쫄이 레몬콜라맛,,120,10,1200.0,940(캐나다 TB),True,2026년 하반기 신규 데이터 동기화 검수 완료 (표준 상품명 정규화 완료)
Export_Packaging_Work_Log_202605_09.csv,1,2026-06,2026-06-23,11.0,2,후렌치파이 파인애플,,12,80,960.0,940(캐나다 TB),True,2026년 하반기 신규 데이터 동기화 검수 완료 (표준 상품명 정규화 완료)
Export_Packaging_Work_Log_202605_09.csv,1,2026-06,2026-06-23,11.0,3,구운 나초,,10,50,500.0,940(캐나다 TB),True,2026년 하반기 신규 데이터 동기화 검수 완료 (표준 상품명 정규화 완료)
Export_Packaging_Work_Log_202605_09.csv,1,2026-06,2026-06-23,11.0,4,에이스 바스크 치즈,,10,100,1000.0,H-Mart_Global (미주),True,2026년 하반기 신규 데이터 동기화 검수 완료 (표준 상품명 정규화 완료)
Export_Packaging_Work_Log_202605_09.csv,1,2026-06,2026-06-23,11.0,5,버터링골드,,12,110,1320.0,H-Mart_Global (미주),True,2026년 하반기 신규 데이터 동기화 검수 완료 (표준 상품명 정규화 완료)
Export_Packaging_Work_Log_202605_09.csv,1,2026-06,2026-06-23,11.0,6,버터링딥초코,,10,110,1100.0,H-Mart_Global (미주),True,2026년 하반기 신규 데이터 동기화 검수 완료 (표준 상품명 정규화 완료)
Export_Packaging_Work_Log_202605_09.csv,1,2026-06,2026-06-23,11.0,7,구운 감자 케이스,,12,20,240.0,H-Mart_Global (미주),True,2026년 하반기 신규 데이터 동기화 검수 완료 (표준 상품명 정규화 완료)
Export_Packaging_Work_Log_202605_09.csv,1,2026-06,2026-06-23,11.0,8,구운 감자,,10,80,800.0,H-Mart_Global (미주),True,2026년 하반기 신규 데이터 동기화 검수 완료 (표준 상품명 정규화 완료)
Export_Packaging_Work_Log_202605_09.csv,1,2026-06,2026-06-23,11.0,9,사브레,,12,30,360.0,H-Mart_Global (미주),True,2026년 하반기 신규 데이터 동기화 검수 완료 (표준 상품명 정규화 완료)
Export_Packaging_Work_Log_202605_09.csv,1,2026-06,2026-06-23,11.0,10,자두캔디,,16,5,80.0,H-Mart_Global (미주),True,2026년 하반기 신규 데이터 동기화 검수 완료 (표준 상품명 정규화 완료)
Export_Packaging_Work_Log_202605_09.csv,1,2026-06,2026-06-23,11.0,11,초코픽,,24,30,720.0,H-Mart_Global (미주),True,2026년 하반기 신규 데이터 동기화 검수 완료 (표준 상품명 정규화 완료)
Export_Packaging_Work_Log_202605_09.csv,1,2026-06,2026-06-23,11.0,12,오사쯔,,10,60,600.0,H-Mart_Global (미주),True,2026년 하반기 신규 데이터 동기화 검수 완료 (표준 상품명 정규화 완료)
Export_Packaging_Work_Log_202605_09.csv,1,2026-06,2026-06-23,11.0,13,빵빠레 바닐라,,15,300,4500.0,KR_Trading_Corp,True,2026년 하반기 신규 데이터 동기화 검수 완료 (표준 상품명 정규화 완료)
Export_Packaging_Work_Log_202605_09.csv,1,2026-06,2026-06-23,11.0,14,빵빠레 딸기,,15,200,3000.0,KR_Trading_Corp,True,2026년 하반기 신규 데이터 동기화 검수 완료 (표준 상품명 정규화 완료)
Export_Packaging_Work_Log_202605_09.csv,1,2026-06,2026-06-23,11.0,15,빵빠레 초코,,15,40,600.0,KR_Trading_Corp,True,2026년 하반기 신규 데이터 동기화 검수 완료 (표준 상품명 정규화 완료)
Export_Packaging_Work_Log_202605_09.csv,1,2026-06,2026-06-23,11.0,16,빵빠레 초코,,15,60,900.0,KR_Trading_Corp,True,2026년 하반기 신규 데이터 동기화 검수 완료 (표준 상품명 정규화 완료)
Export_Packaging_Work_Log_202605_09.csv,1,2026-06,2026-06-23,11.0,17,빵빠레 블루베리,,15,200,3000.0,KR_Trading_Corp,True,2026년 하반기 신규 데이터 동기화 검수 완료 (표준 상품명 정규화 완료)
Export_Packaging_Work_Log_202605_09.csv,1,2026-06,2026-06-23,11.0,18,그릭 요거트바 딸기,,36,100,3600.0,KR_Trading_Corp,True,2026년 하반기 신규 데이터 동기화 검수 완료 (표준 상품명 정규화 완료)
Export_Packaging_Work_Log_202605_09.csv,1,2026-06,2026-06-23,11.0,19,그릭 요거트 블루베리,,36,100,3600.0,KR_Trading_Corp,True,2026년 하반기 신규 데이터 동기화 검수 완료 (표준 상품명 정규화 완료)
Export_Packaging_Work_Log_202605_09.csv,1,2026-06,2026-06-23,11.0,20,구구바,,40,100,4000.0,KR_Trading_Corp,True,2026년 하반기 신규 데이터 동기화 검수 완료 (표준 상품명 정규화 완료)
Export_Packaging_Work_Log_202605_09.csv,1,2026-06,2026-06-23,11.0,21,돼지바,,40,150,6000.0,KR_Trading_Corp,True,2026년 하반기 신규 데이터 동기화 검수 완료 (표준 상품명 정규화 완료)
Export_Packaging_Work_Log_202605_09.csv,1,2026-06,2026-06-23,11.0,22,구구크러스터,,6,100,600.0,KR_Trading_Corp,True,2026년 하반기 신규 데이터 동기화 검수 완료 (표준 상품명 정규화 완료)
Export_Packaging_Work_Log_202605_09.csv,1,2026-06,2026-06-23,11.0,23,돼지바 저당,,40,138,5520.0,KR_Trading_Corp,True,2026년 하반기 신규 데이터 동기화 검수 완료 (표준 상품명 정규화 완료)
Export_Packaging_Work_Log_202605_09.csv,1,2026-06,2026-06-24,11.0,1,돼지바 저당,,40,12,480.0,KR_Trading_Corp,True,2026년 하반기 신규 데이터 동기화 검수 완료 (표준 상품명 정규화 완료)
Export_Packaging_Work_Log_202605_09.csv,1,2026-06,2026-06-24,11.0,2,구구콘 초코,,24,150,3600.0,KR_Trading_Corp,True,2026년 하반기 신규 데이터 동기화 검수 완료 (표준 상품명 정규화 완료)
Export_Packaging_Work_Log_202605_09.csv,1,2026-06,2026-06-24,11.0,3,돼지콘,,24,80,1920.0,KR_Trading_Corp,True,2026년 하반기 신규 데이터 동기화 검수 완료 (표준 상품명 정규화 완료)
Export_Packaging_Work_Log_202605_09.csv,1,2026-06,2026-06-24,11.0,4,ZERO 말차크림 모나카,,24,50,1200.0,KR_Trading_Corp,True,2026년 하반기 신규 데이터 동기화 검수 완료 (표준 상품명 정규화 완료)
Export_Packaging_Work_Log_202605_09.csv,1,2026-06,2026-06-24,11.0,5,제로 아이스 트리플 초콜릿바,,24,50,1200.0,KR_Trading_Corp,True,2026년 하반기 신규 데이터 동기화 검수 완료 (표준 상품명 정규화 완료)
Export_Packaging_Work_Log_202605_09.csv,1,2026-06,2026-06-24,11.0,6,제로 아이스 쿠키&크림바,,24,50,1200.0,KR_Trading_Corp,True,2026년 하반기 신규 데이터 동기화 검수 완료 (표준 상품명 정규화 완료)
Export_Packaging_Work_Log_202605_09.csv,1,2026-06,2026-06-24,11.0,7,매일 요구르트 로어슈거,,24,120,2880.0,토론토(갑산개발),True,2026년 하반기 신규 데이터 동기화 검수 완료 (표준 상품명 정규화 완료)
Export_Packaging_Work_Log_202605_09.csv,1,2026-06,2026-06-24,11.0,8,롤링바,,28,150,4200.0,KR_Trading_Corp,True,2026년 하반기 신규 데이터 동기화 검수 완료 (표준 상품명 정규화 완료)
Export_Packaging_Work_Log_202605_09.csv,1,2026-06,2026-06-24,11.0,9,서주아이스캔디 메론,,40,250,10000.0,KR_Trading_Corp,True,2026년 하반기 신규 데이터 동기화 검수 완료 (표준 상품명 정규화 완료)
Export_Packaging_Work_Log_202605_09.csv,1,2026-06,2026-06-24,11.0,10,서주아이스캔디 바닐라,,40,50,2000.0,KR_Trading_Corp,True,2026년 하반기 신규 데이터 동기화 검수 완료 (표준 상품명 정규화 완료)
Export_Packaging_Work_Log_202605_09.csv,1,2026-06,2026-06-24,11.0,11,서주아이스캔디 딸기,,40,50,2000.0,KR_Trading_Corp,True,2026년 하반기 신규 데이터 동기화 검수 완료 (표준 상품명 정규화 완료)
Export_Packaging_Work_Log_202605_09.csv,1,2026-06,2026-06-24,11.0,12,초코바나나멜로바,,40,100,4000.0,KR_Trading_Corp,True,2026년 하반기 신규 데이터 동기화 검수 완료 (표준 상품명 정규화 완료)
Export_Packaging_Work_Log_202605_09.csv,1,2026-06,2026-06-24,11.0,13,쿠크쿠크,,40,50,2000.0,KR_Trading_Corp,True,2026년 하반기 신규 데이터 동기화 검수 완료 (표준 상품명 정규화 완료)
Export_Packaging_Work_Log_202605_09.csv,1,2026-06,2026-06-24,11.0,14,더블더블 슬러쉬,,35,150,5250.0,KR_Trading_Corp,True,2026년 하반기 신규 데이터 동기화 검수 완료 (표준 상품명 정규화 완료)
Export_Packaging_Work_Log_202605_09.csv,1,2026-06,2026-06-24,11.0,15,더블더블 딸기&사과,,35,65,2275.0,KR_Trading_Corp,True,2026년 하반기 신규 데이터 동기화 검수 완료 (표준 상품명 정규화 완료)
Export_Packaging_Work_Log_202605_09.csv,1,2026-06,2026-06-25,12.0,1,더블더블 딸기&사과,,35,85,2975.0,KR_Trading_Corp,True,2026년 하반기 신규 데이터 동기화 검수 완료 (표준 상품명 정규화 완료)
Export_Packaging_Work_Log_202605_09.csv,1,2026-06,2026-06-25,12.0,2,메론 케이크 샌드,,24,150,3600.0,KR_Trading_Corp,True,2026년 하반기 신규 데이터 동기화 검수 완료 (표준 상품명 정규화 완료)
Export_Packaging_Work_Log_202605_09.csv,1,2026-06,2026-06-25,12.0,3,서주 우유콘,,24,50,1200.0,KR_Trading_Corp,True,2026년 하반기 신규 데이터 동기화 검수 완료 (표준 상품명 정규화 완료)
Export_Packaging_Work_Log_202605_09.csv,1,2026-06,2026-06-25,12.0,4,헤이즐리,,24,100,2400.0,KR_Trading_Corp,True,2026년 하반기 신규 데이터 동기화 검수 완료 (표준 상품명 정규화 완료)
Export_Packaging_Work_Log_202605_09.csv,1,2026-06,2026-06-25,12.0,5,4색 쿨믹스,,15,100,1500.0,KR_Trading_Corp,True,2026년 하반기 신규 데이터 동기화 검수 완료 (표준 상품명 정규화 완료)
Export_Packaging_Work_Log_202605_09.csv,1,2026-06,2026-06-25,12.0,6,서주 아이스쿨 복숭아,,15,100,1500.0,KR_Trading_Corp,True,2026년 하반기 신규 데이터 동기화 검수 완료 (표준 상품명 정규화 완료)
Export_Packaging_Work_Log_202605_09.csv,1,2026-06,2026-06-25,12.0,7,왕포도알 쭈쭈바,,35,500,17500.0,KR_Trading_Corp,True,2026년 하반기 신규 데이터 동기화 검수 완료 (표준 상품명 정규화 완료)
Export_Packaging_Work_Log_202605_09.csv,1,2026-06,2026-06-25,12.0,8,왕포도알 제로슈가,,35,100,3500.0,KR_Trading_Corp,True,2026년 하반기 신규 데이터 동기화 검수 완료 (표준 상품명 정규화 완료)
Export_Packaging_Work_Log_202605_09.csv,1,2026-06,2026-06-25,12.0,9,제주 담은 녹차빙수,,12,50,600.0,KR_Trading_Corp,True,2026년 하반기 신규 데이터 동기화 검수 완료 (표준 상품명 정규화 완료)
Export_Packaging_Work_Log_202605_09.csv,1,2026-06,2026-06-25,12.0,10,서주 연유 팥빙수,,12,50,600.0,KR_Trading_Corp,True,2026년 하반기 신규 데이터 동기화 검수 완료 (표준 상품명 정규화 완료)
Export_Packaging_Work_Log_202605_09.csv,1,2026-06,2026-06-25,12.0,11,신당동신떡볶이,,24,476,11424.0,Central_Asia_Logistics (몽골),True,2026년 하반기 신규 데이터 동기화 검수 완료 (표준 상품명 정규화 완료)
Export_Packaging_Work_Log_202605_09.csv,1,2026-06,2026-06-26,11.0,1,신당동신떡볶이,,24,235,5640.0,Central_Asia_Logistics (몽골),True,2026년 하반기 신규 데이터 동기화 검수 완료 (표준 상품명 정규화 완료)
Export_Packaging_Work_Log_202605_09.csv,1,2026-06,2026-06-26,11.0,2,버터링딥초코,,14,56,784.0,Central_Asia_Logistics (몽골),True,2026년 하반기 신규 데이터 동기화 검수 완료 (표준 상품명 정규화 완료)
Export_Packaging_Work_Log_202605_09.csv,1,2026-06,2026-06-26,11.0,3,버터링딥초코,,10,90,900.0,Central_Asia_Logistics (몽골),True,2026년 하반기 신규 데이터 동기화 검수 완료 (표준 상품명 정규화 완료)
Export_Packaging_Work_Log_202605_09.csv,1,2026-06,2026-06-26,11.0,4,롤리폴리,,24,216,5184.0,Central_Asia_Logistics (몽골),True,2026년 하반기 신규 데이터 동기화 검수 완료 (표준 상품명 정규화 완료)
Export_Packaging_Work_Log_202605_09.csv,1,2026-06,2026-06-26,11.0,5,롤리폴리,,10,110,1100.0,Central_Asia_Logistics (몽골),True,2026년 하반기 신규 데이터 동기화 검수 완료 (표준 상품명 정규화 완료)
Export_Packaging_Work_Log_202605_09.csv,1,2026-06,2026-06-26,11.0,6,초코픽,,24,144,3456.0,Central_Asia_Logistics (몽골),True,2026년 하반기 신규 데이터 동기화 검수 완료 (표준 상품명 정규화 완료)
Export_Packaging_Work_Log_202605_09.csv,1,2026-06,2026-06-26,11.0,7,버터링골드,,12,84,1008.0,Central_Asia_Logistics (몽골),True,2026년 하반기 신규 데이터 동기화 검수 완료 (표준 상품명 정규화 완료)
Export_Packaging_Work_Log_202605_09.csv,1,2026-06,2026-06-26,11.0,8,버터링골드,,24,96,2304.0,Central_Asia_Logistics (몽골),True,2026년 하반기 신규 데이터 동기화 검수 완료 (표준 상품명 정규화 완료)
Export_Packaging_Work_Log_202605_09.csv,1,2026-06,2026-06-26,11.0,9,사브레,,24,120,2880.0,Central_Asia_Logistics (몽골),True,2026년 하반기 신규 데이터 동기화 검수 완료 (표준 상품명 정규화 완료)
Export_Packaging_Work_Log_202605_09.csv,1,2026-06,2026-06-26,11.0,10,사브레,,12,72,864.0,Central_Asia_Logistics (몽골),True,2026년 하반기 신규 데이터 동기화 검수 완료 (표준 상품명 정규화 완료)
Export_Packaging_Work_Log_202605_09.csv,1,2026-06,2026-06-26,11.0,11,신쫄이 샤인머스캣,,120,100,12000.0,Central_Asia_Logistics (몽골),True,2026년 하반기 신규 데이터 동기화 검수 완료 (표준 상품명 정규화 완료)
Export_Packaging_Work_Log_202605_09.csv,1,2026-06,2026-06-29,10.0,1,신쫄이 샤인머스캣,,120,100,12000.0,Central_Asia_Logistics (몽골),True,2026년 하반기 신규 데이터 동기화 검수 완료 (표준 상품명 정규화 완료)
Export_Packaging_Work_Log_202605_09.csv,1,2026-06,2026-06-29,10.0,2,초코파이 흑당밀크,,8,150,1200.0,3669(롯데 캐나다),True,2026년 하반기 신규 데이터 동기화 검수 완료 (표준 상품명 정규화 완료)
Export_Packaging_Work_Log_202605_09.csv,1,2026-06,2026-06-29,10.0,3,(냉동)가는면발 우동면,,8,300,2400.0,면사랑,True,2026년 하반기 신규 데이터 동기화 검수 완료 (표준 상품명 정규화 완료)
Export_Packaging_Work_Log_202605_09.csv,1,2026-06,2026-06-29,10.0,4,메밀면,,8,300,2400.0,면사랑,True,2026년 하반기 신규 데이터 동기화 검수 완료 (표준 상품명 정규화 완료)
Export_Packaging_Work_Log_202605_09.csv,1,2026-06,2026-06-29,10.0,5,소면,,8,200,1600.0,면사랑,True,2026년 하반기 신규 데이터 동기화 검수 완료 (표준 상품명 정규화 완료)
Export_Packaging_Work_Log_202605_09.csv,1,2026-06,2026-06-29,10.0,6,평양냉면사리,,6,200,1200.0,면사랑,True,2026년 하반기 신규 데이터 동기화 검수 완료 (표준 상품명 정규화 완료)
Export_Packaging_Work_Log_202605_09.csv,1,2026-06,2026-06-29,10.0,7,칡냉면,,6,200,1200.0,면사랑,True,2026년 하반기 신규 데이터 동기화 검수 완료 (표준 상품명 정규화 완료)
Export_Packaging_Work_Log_202605_09.csv,1,2026-06,2026-06-29,10.0,8,녹차메밀소바,,8,300,2400.0,면사랑,True,2026년 하반기 신규 데이터 동기화 검수 완료 (표준 상품명 정규화 완료)
Export_Packaging_Work_Log_202605_09.csv,1,2026-06,2026-06-29,10.0,9,아이스톡 아메리카노 블랙,,50,38,1900.0,Euro_PanAsia (독일),True,2026년 하반기 신규 데이터 동기화 검수 완료 (표준 상품명 정규화 완료)
Export_Packaging_Work_Log_202605_09.csv,1,2026-06,2026-06-29,10.0,10,box (외포장 라벨링),1,1,38,38.0,외포장 박스 작업,True,2026년 하반기 신규 데이터 동기화 검수 완료 (표준 상품명 정규화 완료)
Export_Packaging_Work_Log_202605_09.csv,1,2026-06,2026-06-30,10.0,1,아이스톡 아메리카노 블랙,,50,68,3400.0,Euro_PanAsia (독일),True,2026년 하반기 신규 데이터 동기화 검수 완료 (표준 상품명 정규화 완료)
Export_Packaging_Work_Log_202605_09.csv,1,2026-06,2026-06-30,10.0,2,아이스톡 석류 에이드,,50,56,2800.0,Euro_PanAsia (독일),True,2026년 하반기 신규 데이터 동기화 검수 완료 (표준 상품명 정규화 완료)
Export_Packaging_Work_Log_202605_09.csv,1,2026-06,2026-06-30,10.0,3,아이스톡 키위 에이드,,50,56,2800.0,Euro_PanAsia (독일),True,2026년 하반기 신규 데이터 동기화 검수 완료 (표준 상품명 정규화 완료)
Export_Packaging_Work_Log_202605_09.csv,1,2026-06,2026-06-30,10.0,4,아이스톡 제로 복숭아 아이스티,,50,56,2800.0,Euro_PanAsia (독일),True,2026년 하반기 신규 데이터 동기화 검수 완료 (표준 상품명 정규화 완료)
Export_Packaging_Work_Log_202605_09.csv,1,2026-06,2026-06-30,10.0,5,아이스톡 복숭아 아이스티,,50,112,5600.0,Euro_PanAsia (독일),True,2026년 하반기 신규 데이터 동기화 검수 완료 (표준 상품명 정규화 완료)
Export_Packaging_Work_Log_202605_09.csv,1,2026-06,2026-06-30,10.0,6,빵빠레 초코,,15,80,1200.0,Global_Mart_Canada (캐나다),True,2026년 하반기 신규 데이터 동기화 검수 완료 (표준 상품명 정규화 완료)
Export_Packaging_Work_Log_202605_09.csv,1,2026-06,2026-06-30,10.0,7,빵빠레 바닐라,,15,100,1500.0,Global_Mart_Canada (캐나다),True,2026년 하반기 신규 데이터 동기화 검수 완료 (표준 상품명 정규화 완료)
Export_Packaging_Work_Log_202605_09.csv,1,2026-06,2026-06-30,10.0,8,월드콘쿠키앤크림,,24,50,1200.0,Global_Mart_Canada (캐나다),True,2026년 하반기 신규 데이터 동기화 검수 완료 (표준 상품명 정규화 완료)
Export_Packaging_Work_Log_202605_09.csv,1,2026-06,2026-06-30,10.0,9,월드콘 바닐라,,24,80,1920.0,Global_Mart_Canada (캐나다),True,2026년 하반기 신규 데이터 동기화 검수 완료 (표준 상품명 정규화 완료)
Export_Packaging_Work_Log_202605_09.csv,1,2026-06,2026-06-30,10.0,10,빠삐코 초코 튜브,,35,100,3500.0,Global_Mart_Canada (캐나다),True,2026년 하반기 신규 데이터 동기화 검수 완료 (표준 상품명 정규화 완료)
Export_Packaging_Work_Log_202605_09.csv,1,2026-06,2026-06-30,10.0,11,죠스 아이스,,20,50,1000.0,Global_Mart_Canada (캐나다),True,2026년 하반기 신규 데이터 동기화 검수 완료 (표준 상품명 정규화 완료)
Export_Packaging_Work_Log_202605_09.csv,1,2026-06,2026-06-30,10.0,12,보석바,,40,40,1600.0,Global_Mart_Canada (캐나다),True,2026년 하반기 신규 데이터 동기화 검수 완료 (표준 상품명 정규화 완료)
Export_Packaging_Work_Log_202605_09.csv,1,2026-06,2026-06-30,10.0,13,설레임 밀크쉐이크,,24,150,3600.0,Global_Mart_Canada (캐나다),True,2026년 하반기 신규 데이터 동기화 검수 완료 (표준 상품명 정규화 완료)
Export_Packaging_Work_Log_202605_09.csv,1,2026-06,2026-06-30,10.0,14,초코퍼지,,40,30,1200.0,Global_Mart_Canada (캐나다),True,2026년 하반기 신규 데이터 동기화 검수 완료 (표준 상품명 정규화 완료)
Export_Packaging_Work_Log_202605_09.csv,1,2026-06,2026-06-30,10.0,15,제로미니바이트,,6,50,300.0,Global_Mart_Canada (캐나다),True,2026년 하반기 신규 데이터 동기화 검수 완료 (표준 상품명 정규화 완료)
Export_Packaging_Work_Log_202605_09.csv,1,2026-06,2026-06-30,10.0,16,돼지바,,40,60,2400.0,Global_Mart_Canada (캐나다),True,2026년 하반기 신규 데이터 동기화 검수 완료 (표준 상품명 정규화 완료)
Export_Packaging_Work_Log_202605_09.csv,1,2026-06,2026-06-30,10.0,17,주물러 콜라,,35,30,1050.0,Global_Mart_Canada (캐나다),True,2026년 하반기 신규 데이터 동기화 검수 완료 (표준 상품명 정규화 완료)
Export_Packaging_Work_Log_202605_09.csv,1,2026-06,2026-06-30,10.0,18,별난바,,40,40,1600.0,Global_Mart_Canada (캐나다),True,2026년 하반기 신규 데이터 동기화 검수 완료 (표준 상품명 정규화 완료)
Export_Packaging_Work_Log_202605_09.csv,1,2026-06,2026-06-30,10.0,19,일품 팥빙수,,12,30,360.0,Global_Mart_Canada (캐나다),True,2026년 하반기 신규 데이터 동기화 검수 완료 (표준 상품명 정규화 완료)
Export_Packaging_Work_Log_202605_09.csv,1,2026-06,2026-06-30,10.0,20,셀렉션,,8,70,560.0,Global_Mart_Canada (캐나다),True,2026년 하반기 신규 데이터 동기화 검수 완료 (표준 상품명 정규화 완료)
Export_Packaging_Work_Log_202605_09.csv,1,2026-06,2026-06-30,10.0,21,box (외포장 라벨링),1,1,348,348.0,외포장 박스 작업,True,2026년 하반기 신규 데이터 동기화 검수 완료 (표준 상품명 정규화 완료)
Export_Packaging_Work_Log_202605_09.csv,1,2026-07,2026-07-01,10.0,1,찰옥수수,,24,100,2400.0,Global_Mart_Canada (캐나다),True,2026년 하반기 신규 데이터 동기화 검수 완료 (표준 상품명 정규화 완료)
Export_Packaging_Work_Log_202605_09.csv,1,2026-07,2026-07-01,10.0,2,국화빵찰떡모나카,,24,80,1920.0,Global_Mart_Canada (캐나다),True,2026년 하반기 신규 데이터 동기화 검수 완료 (표준 상품명 정규화 완료)
Export_Packaging_Work_Log_202605_09.csv,1,2026-07,2026-07-01,10.0,3,아이스톡 패션망고 에이드,,50,280,14000.0,Euro_PanAsia (독일),True,2026년 하반기 신규 데이터 동기화 검수 완료 (표준 상품명 정규화 완료)
Export_Packaging_Work_Log_202605_09.csv,1,2026-07,2026-07-01,10.0,4,아이스톡 제로 레몬 에이드,,50,56,2800.0,Euro_PanAsia (독일),True,2026년 하반기 신규 데이터 동기화 검수 완료 (표준 상품명 정규화 완료)
Export_Packaging_Work_Log_202605_09.csv,1,2026-07,2026-07-01,10.0,5,아이스톡 청포도 에이드,,50,112,5600.0,Euro_PanAsia (독일),True,2026년 하반기 신규 데이터 동기화 검수 완료 (표준 상품명 정규화 완료)
Export_Packaging_Work_Log_202605_09.csv,1,2026-07,2026-07-01,10.0,6,아이스톡 블루레몬 에이드,,50,231,11550.0,Euro_PanAsia (독일),True,2026년 하반기 신규 데이터 동기화 검수 완료 (표준 상품명 정규화 완료)
Export_Packaging_Work_Log_202605_09.csv,1,2026-07,2026-07-01,10.0,7,box (외포장 라벨링),1,1,679,679.0,외포장 박스 작업,True,2026년 하반기 신규 데이터 동기화 검수 완료 (표준 상품명 정규화 완료)
Export_Packaging_Work_Log_202605_09.csv,1,2026-07,2026-07-02,10.0,1,아이스톡 블루레몬 에이드,,50,49,2450.0,Euro_PanAsia (독일),True,2026년 하반기 신규 데이터 동기화 검수 완료 (표준 상품명 정규화 완료)
Export_Packaging_Work_Log_202605_09.csv,1,2026-07,2026-07-02,10.0,2,아이스톡 블루베리 에이드,,50,336,16800.0,Euro_PanAsia (독일),True,2026년 하반기 신규 데이터 동기화 검수 완료 (표준 상품명 정규화 완료)
Export_Packaging_Work_Log_202605_09.csv,1,2026-07,2026-07-02,10.0,3,꼬북칩초코츄러스,,14,60,840.0,Euro_PanAsia (독일),True,2026년 하반기 신규 데이터 동기화 검수 완료 (표준 상품명 정규화 완료)
Export_Packaging_Work_Log_202605_09.csv,1,2026-07,2026-07-02,10.0,4,꼬북칩콘스프,,12,80,960.0,Euro_PanAsia (독일),True,2026년 하반기 신규 데이터 동기화 검수 완료 (표준 상품명 정규화 완료)
Export_Packaging_Work_Log_202605_09.csv,1,2026-07,2026-07-02,10.0,5,초코파이,,8,100,800.0,Euro_PanAsia (독일),True,2026년 하반기 신규 데이터 동기화 검수 완료 (표준 상품명 정규화 완료)
Export_Packaging_Work_Log_202605_09.csv,1,2026-07,2026-07-02,10.0,6,오감자,,24,70,1680.0,Euro_PanAsia (독일),True,2026년 하반기 신규 데이터 동기화 검수 완료 (표준 상품명 정규화 완료)
Export_Packaging_Work_Log_202605_09.csv,1,2026-07,2026-07-02,10.0,7,초코송이,,28,50,1400.0,Euro_PanAsia (독일),True,2026년 하반기 신규 데이터 동기화 검수 완료 (표준 상품명 정규화 완료)
Export_Packaging_Work_Log_202605_09.csv,1,2026-07,2026-07-02,10.0,8,스노위아몬드빼빼로,,40,90,3600.0,3596(롯데 캐나다),True,2026년 하반기 신규 데이터 동기화 검수 완료 (표준 상품명 정규화 완료)
Export_Packaging_Work_Log_202605_09.csv,1,2026-07,2026-07-02,10.0,9,box (외포장 라벨링),1,1,745,745.0,외포장 박스 작업,True,2026년 하반기 신규 데이터 동기화 검수 완료 (표준 상품명 정규화 완료)
Export_Packaging_Work_Log_202605_09.csv,1,2026-07,2026-07-03,9.0,1,마이구미 포도,,40,50,2000.0,Euro_PanAsia (독일),True,2026년 하반기 신규 데이터 동기화 검수 완료 (표준 상품명 정규화 완료)
Export_Packaging_Work_Log_202605_09.csv,1,2026-07,2026-07-03,9.0,2,캐나다용 초코 빼빼로,,40,57,228.0,3670(롯데 캐나다),True,2026년 하반기 신규 데이터 동기화 검수 완료 (표준 상품명 정규화 완료)
Export_Packaging_Work_Log_202605_09.csv,1,2026-07,2026-07-03,9.0,3,캐나다용 아몬드 빼빼로,,40,1008,4032.0,3670(롯데 캐나다),True,2026년 하반기 신규 데이터 동기화 검수 완료 (표준 상품명 정규화 완료)
Export_Packaging_Work_Log_202605_09.csv,1,2026-07,2026-07-03,9.0,4,캐나다용 크런키 빼빼로,,40,208,8320.0,3576,True,2026년 하반기 신규 데이터 동기화 검수 완료 (표준 상품명 정규화 완료)
Export_Packaging_Work_Log_202605_09.csv,1,2026-07,2026-07-03,9.0,5,캐나다용 초코쿠키 빼빼로,,40,248,9920.0,3576,True,2026년 하반기 신규 데이터 동기화 검수 완료 (표준 상품명 정규화 완료)
Export_Packaging_Work_Log_202605_09.csv,1,2026-07,2026-07-03,9.0,6,몽쉘 오리지날,,16,100,1600.0,3576,True,2026년 하반기 신규 데이터 동기화 검수 완료 (표준 상품명 정규화 완료)
Export_Packaging_Work_Log_202605_09.csv,1,2026-07,2026-07-03,9.0,7,스노위아몬드빼빼로,,40,270,10800.0,3576,True,2026년 하반기 신규 데이터 동기화 검수 완료 (표준 상품명 정규화 완료)
Export_Packaging_Work_Log_202605_09.csv,1,2026-07,2026-07-03,9.0,8,크런키 빼빼로 벌크,,9,60,240.0,3670(롯데 캐나다),True,2026년 하반기 신규 데이터 동기화 검수 완료 (표준 상품명 정규화 완료)
Export_Packaging_Work_Log_202605_09.csv,1,2026-07,2026-07-03,9.0,9,box (외포장 라벨링),1,1,50,50.0,외포장 박스 작업,True,2026년 하반기 신규 데이터 동기화 검수 완료 (표준 상품명 정규화 완료)
Export_Packaging_Work_Log_202605_09.csv,1,2026-07,2026-07-06,12.0,1,크런키 빼빼로 벌크,,9,156,1404.0,3670(롯데 캐나다),True,2026년 하반기 신규 데이터 동기화 검수 완료 (표준 상품명 정규화 완료)
Export_Packaging_Work_Log_202605_09.csv,1,2026-07,2026-07-06,12.0,2,초코 빼빼로 벌크,,9,162,2916.0,3670(롯데 캐나다),True,2026년 하반기 신규 데이터 동기화 검수 완료 (표준 상품명 정규화 완료)
Export_Packaging_Work_Log_202605_09.csv,1,2026-07,2026-07-06,12.0,3,초코빼빼로,,40,298,23840.0,3670(롯데 캐나다),True,2026년 하반기 신규 데이터 동기화 검수 완료 (표준 상품명 정규화 완료)
Export_Packaging_Work_Log_202605_09.csv,1,2026-07,2026-07-06,12.0,4,바이오필 플레인,,4,300,1200.0,Vancouver_Logistics,True,2026년 하반기 신규 데이터 동기화 검수 완료 (표준 상품명 정규화 완료)
Export_Packaging_Work_Log_202605_09.csv,1,2026-07,2026-07-06,12.0,5,바이오필 파인애플,,4,60,240.0,Vancouver_Logistics,True,2026년 하반기 신규 데이터 동기화 검수 완료 (표준 상품명 정규화 완료)
Export_Packaging_Work_Log_202605_09.csv,1,2026-07,2026-07-06,12.0,6,바이오필 스트로베리,,4,120,480.0,Vancouver_Logistics,True,2026년 하반기 신규 데이터 동기화 검수 완료 (표준 상품명 정규화 완료)
Export_Packaging_Work_Log_202605_09.csv,1,2026-07,2026-07-06,12.0,7,허니버터칩,,10,50,500.0,Global_Mart_Canada (캐나다),True,2026년 하반기 신규 데이터 동기화 검수 완료 (표준 상품명 정규화 완료)
Export_Packaging_Work_Log_202605_09.csv,1,2026-07,2026-07-06,12.0,8,허니버터칩,,16,200,3200.0,Global_Mart_Canada (캐나다),True,2026년 하반기 신규 데이터 동기화 검수 완료 (표준 상품명 정규화 완료)
Export_Packaging_Work_Log_202605_09.csv,1,2026-07,2026-07-06,12.0,9,구운 양파,,12,30,360.0,Global_Mart_Canada (캐나다),True,2026년 하반기 신규 데이터 동기화 검수 완료 (표준 상품명 정규화 완료)
Export_Packaging_Work_Log_202605_09.csv,1,2026-07,2026-07-06,12.0,10,사루비아,,24,15,360.0,Global_Mart_Canada (캐나다),True,2026년 하반기 신규 데이터 동기화 검수 완료 (표준 상품명 정규화 완료)
Export_Packaging_Work_Log_202605_09.csv,1,2026-07,2026-07-06,12.0,11,The 빠새,,16,30,480.0,Global_Mart_Canada (캐나다),True,2026년 하반기 신규 데이터 동기화 검수 완료 (표준 상품명 정규화 완료)
Export_Packaging_Work_Log_202605_09.csv,1,2026-07,2026-07-06,12.0,12,The 빠새,,10,24,240.0,Global_Mart_Canada (캐나다),True,2026년 하반기 신규 데이터 동기화 검수 완료 (표준 상품명 정규화 완료)
Export_Packaging_Work_Log_202605_09.csv,1,2026-07,2026-07-06,12.0,13,구운 감자 케이스,,12,40,480.0,Global_Mart_Canada (캐나다),True,2026년 하반기 신규 데이터 동기화 검수 완료 (표준 상품명 정규화 완료)
Export_Packaging_Work_Log_202605_09.csv,1,2026-07,2026-07-06,12.0,14,연양갱,,10,40,400.0,Global_Mart_Canada (캐나다),True,2026년 하반기 신규 데이터 동기화 검수 완료 (표준 상품명 정규화 완료)
Export_Packaging_Work_Log_202605_09.csv,1,2026-07,2026-07-06,12.0,15,연양갱,,80,25,2000.0,Global_Mart_Canada (캐나다),True,2026년 하반기 신규 데이터 동기화 검수 완료 (표준 상품명 정규화 완료)
Export_Packaging_Work_Log_202605_09.csv,1,2026-07,2026-07-06,12.0,16,에이스 바스크 치즈,,10,30,300.0,Global_Mart_Canada (캐나다),True,2026년 하반기 신규 데이터 동기화 검수 완료 (표준 상품명 정규화 완료)
Export_Packaging_Work_Log_202605_09.csv,1,2026-07,2026-07-06,12.0,17,에이스,,10,50,500.0,Global_Mart_Canada (캐나다),True,2026년 하반기 신규 데이터 동기화 검수 완료 (표준 상품명 정규화 완료)
Export_Packaging_Work_Log_202605_09.csv,1,2026-07,2026-07-06,12.0,18,맛동산,,12,50,600.0,Global_Mart_Canada (캐나다),True,2026년 하반기 신규 데이터 동기화 검수 완료 (표준 상품명 정규화 완료)
Export_Packaging_Work_Log_202605_09.csv,1,2026-07,2026-07-06,12.0,19,신쫄이 사과맛,,120,15,1800.0,Global_Mart_Canada (캐나다),True,2026년 하반기 신규 데이터 동기화 검수 완료 (표준 상품명 정규화 완료)
Export_Packaging_Work_Log_202605_09.csv,1,2026-07,2026-07-06,12.0,20,신쫄이 샤인머스캣,,120,15,1800.0,Global_Mart_Canada (캐나다),True,2026년 하반기 신규 데이터 동기화 검수 완료 (표준 상품명 정규화 완료)
Export_Packaging_Work_Log_202605_09.csv,1,2026-07,2026-07-06,12.0,21,버터링골드,,12,20,240.0,Global_Mart_Canada (캐나다),True,2026년 하반기 신규 데이터 동기화 검수 완료 (표준 상품명 정규화 완료)
Export_Packaging_Work_Log_202605_09.csv,1,2026-07,2026-07-06,12.0,22,사브레,,12,20,240.0,Global_Mart_Canada (캐나다),True,2026년 하반기 신규 데이터 동기화 검수 완료 (표준 상품명 정규화 완료)
Export_Packaging_Work_Log_202605_09.csv,1,2026-07,2026-07-06,12.0,23,땅콩강정,,18,25,450.0,Global_Mart_Canada (캐나다),True,2026년 하반기 신규 데이터 동기화 검수 완료 (표준 상품명 정규화 완료)
Export_Packaging_Work_Log_202605_09.csv,1,2026-07,2026-07-06,12.0,24,오감자 딥 양념바베큐,,12,30,360.0,Global_Mart_Canada (캐나다),True,2026년 하반기 신규 데이터 동기화 검수 완료 (표준 상품명 정규화 완료)
Export_Packaging_Work_Log_202605_09.csv,1,2026-07,2026-07-06,12.0,25,오뜨 치즈,,12,25,300.0,Global_Mart_Canada (캐나다),True,2026년 하반기 신규 데이터 동기화 검수 완료 (표준 상품명 정규화 완료)
Export_Packaging_Work_Log_202605_09.csv,1,2026-07,2026-07-06,12.0,26,오뜨 쇼콜라,,12,35,420.0,Global_Mart_Canada (캐나다),True,2026년 하반기 신규 데이터 동기화 검수 완료 (표준 상품명 정규화 완료)
Export_Packaging_Work_Log_202605_09.csv,1,2026-07,2026-07-06,12.0,27,후레쉬 베리,,9,20,180.0,Global_Mart_Canada (캐나다),True,2026년 하반기 신규 데이터 동기화 검수 완료 (표준 상품명 정규화 완료)
Export_Packaging_Work_Log_202605_09.csv,1,2026-07,2026-07-07,11.0,1,칠성 사이다(호주용),,30,150,4500.0,Global_Mart_Canada (캐나다),True,2026년 하반기 신규 데이터 동기화 검수 완료 (표준 상품명 정규화 완료)
Export_Packaging_Work_Log_202605_09.csv,1,2026-07,2026-07-07,11.0,2,예감 오리지널,,20,30,600.0,Global_Mart_Canada (캐나다),True,2026년 하반기 신규 데이터 동기화 검수 완료 (표준 상품명 정규화 완료)
Export_Packaging_Work_Log_202605_09.csv,1,2026-07,2026-07-07,11.0,3,예감 치즈,,20,40,800.0,Global_Mart_Canada (캐나다),True,2026년 하반기 신규 데이터 동기화 검수 완료 (표준 상품명 정규화 완료)
Export_Packaging_Work_Log_202605_09.csv,1,2026-07,2026-07-07,11.0,4,톰 아몬드,,14,25,350.0,Global_Mart_Canada (캐나다),True,2026년 하반기 신규 데이터 동기화 검수 완료 (표준 상품명 정규화 완료)
Export_Packaging_Work_Log_202605_09.csv,1,2026-07,2026-07-07,11.0,5,후레쉬 베리,,8,30,240.0,Global_Mart_Canada (캐나다),True,2026년 하반기 신규 데이터 동기화 검수 완료 (표준 상품명 정규화 완료)
Export_Packaging_Work_Log_202605_09.csv,1,2026-07,2026-07-07,11.0,6,배배,,20,10,200.0,Global_Mart_Canada (캐나다),True,2026년 하반기 신규 데이터 동기화 검수 완료 (표준 상품명 정규화 완료)
Export_Packaging_Work_Log_202605_09.csv,1,2026-07,2026-07-07,11.0,7,다이제(롤),,16,15,240.0,Global_Mart_Canada (캐나다),True,2026년 하반기 신규 데이터 동기화 검수 완료 (표준 상품명 정규화 완료)
Export_Packaging_Work_Log_202605_09.csv,1,2026-07,2026-07-07,11.0,8,왕고래밥볶음,,24,40,960.0,Global_Mart_Canada (캐나다),True,2026년 하반기 신규 데이터 동기화 검수 완료 (표준 상품명 정규화 완료)
Export_Packaging_Work_Log_202605_09.csv,1,2026-07,2026-07-07,11.0,9,스윙칩 볶음 고추장,,20,40,800.0,Global_Mart_Canada (캐나다),True,2026년 하반기 신규 데이터 동기화 검수 완료 (표준 상품명 정규화 완료)
Export_Packaging_Work_Log_202605_09.csv,1,2026-07,2026-07-07,11.0,10,오감자 딥 양념바베큐,,12,30,360.0,Global_Mart_Canada (캐나다),True,2026년 하반기 신규 데이터 동기화 검수 완료 (표준 상품명 정규화 완료)
Export_Packaging_Work_Log_202605_09.csv,1,2026-07,2026-07-07,11.0,11,스윙칩 볶음 고추장,,12,30,360.0,Global_Mart_Canada (캐나다),True,2026년 하반기 신규 데이터 동기화 검수 완료 (표준 상품명 정규화 완료)
Export_Packaging_Work_Log_202605_09.csv,1,2026-07,2026-07-07,11.0,12,포카칩 오리지날,,20,60,1200.0,Global_Mart_Canada (캐나다),True,2026년 하반기 신규 데이터 동기화 검수 완료 (표준 상품명 정규화 완료)
Export_Packaging_Work_Log_202605_09.csv,1,2026-07,2026-07-07,11.0,13,포카칩 어니언,,20,50,1000.0,Global_Mart_Canada (캐나다),True,2026년 하반기 신규 데이터 동기화 검수 완료 (표준 상품명 정규화 완료)
Export_Packaging_Work_Log_202605_09.csv,1,2026-07,2026-07-07,11.0,14,오감자,,24,50,1200.0,Global_Mart_Canada (캐나다),True,2026년 하반기 신규 데이터 동기화 검수 완료 (표준 상품명 정규화 완료)
Export_Packaging_Work_Log_202605_09.csv,1,2026-07,2026-07-07,11.0,15,썬 핫 스파이시,,12,80,960.0,Global_Mart_Canada (캐나다),True,2026년 하반기 신규 데이터 동기화 검수 완료 (표준 상품명 정규화 완료)
Export_Packaging_Work_Log_202605_09.csv,1,2026-07,2026-07-07,11.0,16,오감자 딥 양념바베큐,,24,70,1680.0,Global_Mart_Canada (캐나다),True,2026년 하반기 신규 데이터 동기화 검수 완료 (표준 상품명 정규화 완료)
Export_Packaging_Work_Log_202605_09.csv,1,2026-07,2026-07-07,11.0,17,후레쉬베리복숭아,,8,20,160.0,Global_Mart_Canada (캐나다),True,2026년 하반기 신규 데이터 동기화 검수 완료 (표준 상품명 정규화 완료)
Export_Packaging_Work_Log_202605_09.csv,1,2026-07,2026-07-07,11.0,18,오감자,,12,30,360.0,Global_Mart_Canada (캐나다),True,2026년 하반기 신규 데이터 동기화 검수 완료 (표준 상품명 정규화 완료)
Export_Packaging_Work_Log_202605_09.csv,1,2026-07,2026-07-07,11.0,19,수출 오땅,,16,40,640.0,Global_Mart_Canada (캐나다),True,2026년 하반기 신규 데이터 동기화 검수 완료 (표준 상품명 정규화 완료)
Export_Packaging_Work_Log_202605_09.csv,1,2026-07,2026-07-07,11.0,20,초코송이,,28,60,1680.0,Global_Mart_Canada (캐나다),True,2026년 하반기 신규 데이터 동기화 검수 완료 (표준 상품명 정규화 완료)
Export_Packaging_Work_Log_202605_09.csv,1,2026-07,2026-07-07,11.0,21,고래밥 볶음 4P,,12,130,1560.0,Global_Mart_Canada (캐나다),True,2026년 하반기 신규 데이터 동기화 검수 완료 (표준 상품명 정규화 완료)
Export_Packaging_Work_Log_202605_09.csv,1,2026-07,2026-07-07,11.0,22,왕꿈틀이,,40,20,800.0,Global_Mart_Canada (캐나다),True,2026년 하반기 신규 데이터 동기화 검수 완료 (표준 상품명 정규화 완료)
Export_Packaging_Work_Log_202605_09.csv,1,2026-07,2026-07-07,11.0,23,바이오 생우유,,14,10,140.0,Global_Mart_Canada (캐나다),True,2026년 하반기 신규 데이터 동기화 검수 완료 (표준 상품명 정규화 완료)
Export_Packaging_Work_Log_202605_09.csv,1,2026-07,2026-07-07,11.0,24,웰치스청포도맛,,24,130,3120.0,Global_Mart_Canada (캐나다),True,2026년 하반기 신규 데이터 동기화 검수 완료 (표준 상품명 정규화 완료)
Export_Packaging_Work_Log_202605_09.csv,1,2026-07,2026-07-07,11.0,25,황금보리,,24,54,1296.0,Global_Mart_Canada (캐나다),True,2026년 하반기 신규 데이터 동기화 검수 완료 (표준 상품명 정규화 완료)
Export_Packaging_Work_Log_202605_09.csv,1,2026-07,2026-07-07,11.0,26,2% 복숭아,,12,44,528.0,Global_Mart_Canada (캐나다),True,2026년 하반기 신규 데이터 동기화 검수 완료 (표준 상품명 정규화 완료)
Export_Packaging_Work_Log_202605_09.csv,1,2026-07,2026-07-07,11.0,27,웰치스 적포도,,24,300,7200.0,Global_Mart_Canada (캐나다),True,2026년 하반기 신규 데이터 동기화 검수 완료 (표준 상품명 정규화 완료)
Export_Packaging_Work_Log_202605_09.csv,1,2026-07,2026-07-07,11.0,28,캐나다용 초코쿠키 빼빼로,,40,333,1332.0,3670(롯데 캐나다),True,2026년 하반기 신규 데이터 동기화 검수 완료 (표준 상품명 정규화 완료)
Export_Packaging_Work_Log_202605_09.csv,1,2026-07,2026-07-08,11.0,1,캐나다용 초코쿠키 빼빼로,,40,67,268.0,3670(롯데 캐나다),True,2026년 하반기 신규 데이터 동기화 검수 완료 (표준 상품명 정규화 완료)
Export_Packaging_Work_Log_202605_09.csv,1,2026-07,2026-07-08,11.0,2,캐나다용 화이트 빼빼로,,40,1008,4032.0,3670(롯데 캐나다),True,2026년 하반기 신규 데이터 동기화 검수 완료 (표준 상품명 정규화 완료)
Export_Packaging_Work_Log_202605_09.csv,1,2026-07,2026-07-08,11.0,3,초코파이 6봉,,16,100,3200.0,3670(롯데 캐나다),True,2026년 하반기 신규 데이터 동기화 검수 완료 (표준 상품명 정규화 완료)
Export_Packaging_Work_Log_202605_09.csv,1,2026-07,2026-07-08,11.0,4,몽쉘 오리지날,,16,50,800.0,3669,True,2026년 하반기 신규 데이터 동기화 검수 완료 (표준 상품명 정규화 완료)
Export_Packaging_Work_Log_202605_09.csv,1,2026-07,2026-07-08,11.0,5,몽쉘 카카오,,16,100,1600.0,3669,True,2026년 하반기 신규 데이터 동기화 검수 완료 (표준 상품명 정규화 완료)
Export_Packaging_Work_Log_202605_09.csv,1,2026-07,2026-07-08,11.0,6,카스타드,,8,720,5760.0,3669,True,2026년 하반기 신규 데이터 동기화 검수 완료 (표준 상품명 정규화 완료)
Export_Packaging_Work_Log_202605_09.csv,1,2026-07,2026-07-08,11.0,7,제로 후르츠 젤리,,18,100,1800.0,3669,True,2026년 하반기 신규 데이터 동기화 검수 완료 (표준 상품명 정규화 완료)
Export_Packaging_Work_Log_202605_09.csv,1,2026-07,2026-07-08,11.0,8,제로 시트러스 유자젤리,,18,100,1800.0,3669,True,2026년 하반기 신규 데이터 동기화 검수 완료 (표준 상품명 정규화 완료)
Export_Packaging_Work_Log_202605_09.csv,1,2026-07,2026-07-08,11.0,9,바나나킥,,20,50,1000.0,Euro_PanAsia (오스트리아),True,2026년 하반기 신규 데이터 동기화 검수 완료 (표준 상품명 정규화 완료)
Export_Packaging_Work_Log_202605_09.csv,1,2026-07,2026-07-08,11.0,10,허니버터칩,,16,60,960.0,Euro_PanAsia (오스트리아),True,2026년 하반기 신규 데이터 동기화 검수 완료 (표준 상품명 정규화 완료)
Export_Packaging_Work_Log_202605_09.csv,1,2026-07,2026-07-08,11.0,11,초코픽,,24,20,480.0,Euro_PanAsia (오스트리아),True,2026년 하반기 신규 데이터 동기화 검수 완료 (표준 상품명 정규화 완료)
Export_Packaging_Work_Log_202605_09.csv,1,2026-07,2026-07-08,11.0,12,홈런볼 초코,,30,30,900.0,Euro_PanAsia (오스트리아),True,2026년 하반기 신규 데이터 동기화 검수 완료 (표준 상품명 정규화 완료)
Export_Packaging_Work_Log_202605_09.csv,1,2026-07,2026-07-08,11.0,13,자두캔디,,16,40,640.0,Euro_PanAsia (오스트리아),True,2026년 하반기 신규 데이터 동기화 검수 완료 (표준 상품명 정규화 완료)
Export_Packaging_Work_Log_202605_09.csv,1,2026-07,2026-07-08,11.0,14,알사탕,,16,30,480.0,Euro_PanAsia (오스트리아),True,2026년 하반기 신규 데이터 동기화 검수 완료 (표준 상품명 정규화 완료)
Export_Packaging_Work_Log_202605_09.csv,1,2026-07,2026-07-08,11.0,15,고소미,,20,20,400.0,Euro_PanAsia (오스트리아),True,2026년 하반기 신규 데이터 동기화 검수 완료 (표준 상품명 정규화 완료)
Export_Packaging_Work_Log_202605_09.csv,1,2026-07,2026-07-08,11.0,16,box (외포장 라벨링),1,1,250,250.0,외포장 박스 작업,True,2026년 하반기 신규 데이터 동기화 검수 완료 (표준 상품명 정규화 완료)
Export_Packaging_Work_Log_202605_09.csv,1,2026-07,2026-07-09,11.0,1,아이스톡 패션망고 에이드,,50,168,8400.0,Euro_PanAsia (오스트리아),True,2026년 하반기 신규 데이터 동기화 검수 완료 (표준 상품명 정규화 완료)
Export_Packaging_Work_Log_202605_09.csv,1,2026-07,2026-07-09,11.0,2,아이스톡 수박 에이드,,50,112,5600.0,Euro_PanAsia (오스트리아),True,2026년 하반기 신규 데이터 동기화 검수 완료 (표준 상품명 정규화 완료)
Export_Packaging_Work_Log_202605_09.csv,1,2026-07,2026-07-09,11.0,3,아이스톡 제로 복숭아 아이스티,,50,112,5600.0,Euro_PanAsia (오스트리아),True,2026년 하반기 신규 데이터 동기화 검수 완료 (표준 상품명 정규화 완료)
Export_Packaging_Work_Log_202605_09.csv,1,2026-07,2026-07-09,11.0,4,아이스톡 제로 레몬 에이드,,50,56,2800.0,Euro_PanAsia (오스트리아),True,2026년 하반기 신규 데이터 동기화 검수 완료 (표준 상품명 정규화 완료)
Export_Packaging_Work_Log_202605_09.csv,1,2026-07,2026-07-09,11.0,5,아이스톡 키위 에이드,,50,56,2800.0,Euro_PanAsia (오스트리아),True,2026년 하반기 신규 데이터 동기화 검수 완료 (표준 상품명 정규화 완료)
Export_Packaging_Work_Log_202605_09.csv,1,2026-07,2026-07-09,11.0,6,아이스톡 석류 에이드,,50,56,2800.0,Euro_PanAsia (오스트리아),True,2026년 하반기 신규 데이터 동기화 검수 완료 (표준 상품명 정규화 완료)
Export_Packaging_Work_Log_202605_09.csv,1,2026-07,2026-07-09,11.0,7,아이스톡 청포도 에이드,,50,112,5600.0,Euro_PanAsia (오스트리아),True,2026년 하반기 신규 데이터 동기화 검수 완료 (표준 상품명 정규화 완료)
Export_Packaging_Work_Log_202605_09.csv,1,2026-07,2026-07-09,11.0,8,아이스톡 블루레몬 에이드,,50,168,8400.0,Euro_PanAsia (오스트리아),True,2026년 하반기 신규 데이터 동기화 검수 완료 (표준 상품명 정규화 완료)
Export_Packaging_Work_Log_202605_09.csv,1,2026-07,2026-07-09,11.0,9,아이스톡 아메리카노 블랙,,50,10,500.0,Euro_PanAsia (오스트리아),True,2026년 하반기 신규 데이터 동기화 검수 완료 (표준 상품명 정규화 완료)
Export_Packaging_Work_Log_202605_09.csv,1,2026-07,2026-07-09,11.0,10,box (외포장 라벨링),1,1,850,850.0,외포장 박스 작업,True,2026년 하반기 신규 데이터 동기화 검수 완료 (표준 상품명 정규화 완료)
Export_Packaging_Work_Log_202605_09.csv,1,2026-07,2026-07-10,11.0,1,아이스톡 아메리카노 블랙,,50,102,5100.0,Euro_PanAsia (오스트리아),True,2026년 하반기 신규 데이터 동기화 검수 완료 (표준 상품명 정규화 완료)
Export_Packaging_Work_Log_202605_09.csv,1,2026-07,2026-07-10,11.0,2,아이스톡 아메리카노 스위트,,50,112,5600.0,Euro_PanAsia (오스트리아),True,2026년 하반기 신규 데이터 동기화 검수 완료 (표준 상품명 정규화 완료)
Export_Packaging_Work_Log_202605_09.csv,1,2026-07,2026-07-10,11.0,3,아이스톡 블루베리 에이드,,50,168,8400.0,Euro_PanAsia (오스트리아),True,2026년 하반기 신규 데이터 동기화 검수 완료 (표준 상품명 정규화 완료)
Export_Packaging_Work_Log_202605_09.csv,1,2026-07,2026-07-10,11.0,4,아이스톡 복숭아 아이스티,,50,112,5600.0,Euro_PanAsia (오스트리아),True,2026년 하반기 신규 데이터 동기화 검수 완료 (표준 상품명 정규화 완료)
Export_Packaging_Work_Log_202605_09.csv,1,2026-07,2026-07-10,11.0,5,꼬북칩콘스프,,12,30,360.0,Euro_PanAsia (오스트리아),True,2026년 하반기 신규 데이터 동기화 검수 완료 (표준 상품명 정규화 완료)
Export_Packaging_Work_Log_202605_09.csv,1,2026-07,2026-07-10,11.0,6,초코송이,,28,90,2520.0,Euro_PanAsia (오스트리아),True,2026년 하반기 신규 데이터 동기화 검수 완료 (표준 상품명 정규화 완료)
Export_Packaging_Work_Log_202605_09.csv,1,2026-07,2026-07-10,11.0,7,왕고래밥볶음,,24,20,480.0,Euro_PanAsia (오스트리아),True,2026년 하반기 신규 데이터 동기화 검수 완료 (표준 상품명 정규화 완료)
Export_Packaging_Work_Log_202605_09.csv,1,2026-07,2026-07-10,11.0,8,땅콩강정,,12,30,360.0,Euro_PanAsia (오스트리아),True,2026년 하반기 신규 데이터 동기화 검수 완료 (표준 상품명 정규화 완료)
Export_Packaging_Work_Log_202605_09.csv,1,2026-07,2026-07-10,11.0,9,초코파이,,8,130,1040.0,Euro_PanAsia (오스트리아),True,2026년 하반기 신규 데이터 동기화 검수 완료 (표준 상품명 정규화 완료)
Export_Packaging_Work_Log_202605_09.csv,1,2026-07,2026-07-10,11.0,10,밀키스 딸기,,30,100,3000.0,Global_Mart_Canada (캐나다),True,2026년 하반기 신규 데이터 동기화 검수 완료 (표준 상품명 정규화 완료)
Export_Packaging_Work_Log_202605_09.csv,1,2026-07,2026-07-10,11.0,11,밀키스(미주용),,30,141,4230.0,Global_Mart_Canada (캐나다),True,2026년 하반기 신규 데이터 동기화 검수 완료 (표준 상품명 정규화 완료)
Export_Packaging_Work_Log_202605_09.csv,1,2026-07,2026-07-10,11.0,12,레츠비 마일드(미주용),,30,118,3540.0,Global_Mart_Canada (캐나다),True,2026년 하반기 신규 데이터 동기화 검수 완료 (표준 상품명 정규화 완료)
Export_Packaging_Work_Log_202605_09.csv,1,2026-07,2026-07-10,11.0,13,box (외포장 라벨링),1,1,794,794.0,외포장 박스 작업,True,2026년 하반기 신규 데이터 동기화 검수 완료 (표준 상품명 정규화 완료)
Export_Packaging_Work_Log_202605_09.csv,1,2026-07,2026-07-13,12.0,1,레츠비 마일드(미주용),,30,25,750.0,Global_Mart_Canada (캐나다),True,2026년 하반기 신규 데이터 동기화 검수 완료 (표준 상품명 정규화 완료)
Export_Packaging_Work_Log_202605_09.csv,1,2026-07,2026-07-13,12.0,2,밀키스(호주용),,30,259,7770.0,Global_Mart_Canada (캐나다),True,2026년 하반기 신규 데이터 동기화 검수 완료 (표준 상품명 정규화 완료)
Export_Packaging_Work_Log_202605_09.csv,1,2026-07,2026-07-13,12.0,3,밀키스 멜론,,30,50,1500.0,Global_Mart_Canada (캐나다),True,2026년 하반기 신규 데이터 동기화 검수 완료 (표준 상품명 정규화 완료)
Export_Packaging_Work_Log_202605_09.csv,1,2026-07,2026-07-13,12.0,4,레츠비 마일드(호주용),,30,157,4710.0,Global_Mart_Canada (캐나다),True,2026년 하반기 신규 데이터 동기화 검수 완료 (표준 상품명 정규화 완료)
Export_Packaging_Work_Log_202605_09.csv,1,2026-07,2026-07-13,12.0,5,숟가락,,250,6,1500.0,Global_Mart_Canada (캐나다),True,2026년 하반기 신규 데이터 동기화 검수 완료 (표준 상품명 정규화 완료)
Export_Packaging_Work_Log_202605_09.csv,1,2026-07,2026-07-13,12.0,6,젓가락,,250,6,1500.0,Global_Mart_Canada (캐나다),True,2026년 하반기 신규 데이터 동기화 검수 완료 (표준 상품명 정규화 완료)
Export_Packaging_Work_Log_202605_09.csv,1,2026-07,2026-07-13,12.0,7,꿀꽈배기,,8,30,240.0,Global_Mart_Canada (캐나다),True,2026년 하반기 신규 데이터 동기화 검수 완료 (표준 상품명 정규화 완료)
Export_Packaging_Work_Log_202605_09.csv,1,2026-07,2026-07-13,12.0,8,콘치 크림치즈,,18,20,360.0,Global_Mart_Canada (캐나다),True,2026년 하반기 신규 데이터 동기화 검수 완료 (표준 상품명 정규화 완료)
Export_Packaging_Work_Log_202605_09.csv,1,2026-07,2026-07-13,12.0,9,콘초 가나슈,,18,30,540.0,Global_Mart_Canada (캐나다),True,2026년 하반기 신규 데이터 동기화 검수 완료 (표준 상품명 정규화 완료)
Export_Packaging_Work_Log_202605_09.csv,1,2026-07,2026-07-13,12.0,10,카라멜콘 메이플,,16,60,960.0,Global_Mart_Canada (캐나다),True,2026년 하반기 신규 데이터 동기화 검수 완료 (표준 상품명 정규화 완료)
Export_Packaging_Work_Log_202605_09.csv,1,2026-07,2026-07-13,12.0,11,홍삼 양갱,,20,15,300.0,Global_Mart_Canada (캐나다),True,2026년 하반기 신규 데이터 동기화 검수 완료 (표준 상품명 정규화 완료)
Export_Packaging_Work_Log_202605_09.csv,1,2026-07,2026-07-13,12.0,12,밤+팥양갱,,10,20,200.0,Global_Mart_Canada (캐나다),True,2026년 하반기 신규 데이터 동기화 검수 완료 (표준 상품명 정규화 완료)
Export_Packaging_Work_Log_202605_09.csv,1,2026-07,2026-07-13,12.0,13,새콤달콤 딸기,,90,10,900.0,Global_Mart_Canada (캐나다),True,2026년 하반기 신규 데이터 동기화 검수 완료 (표준 상품명 정규화 완료)
Export_Packaging_Work_Log_202605_09.csv,1,2026-07,2026-07-13,12.0,14,산도크림,,12,30,360.0,Global_Mart_Canada (캐나다),True,2026년 하반기 신규 데이터 동기화 검수 완료 (표준 상품명 정규화 완료)
Export_Packaging_Work_Log_202605_09.csv,1,2026-07,2026-07-13,12.0,15,산도딸기,,12,40,480.0,Global_Mart_Canada (캐나다),True,2026년 하반기 신규 데이터 동기화 검수 완료 (표준 상품명 정규화 완료)
Export_Packaging_Work_Log_202605_09.csv,1,2026-07,2026-07-13,12.0,16,버터와플,,10,30,300.0,Global_Mart_Canada (캐나다),True,2026년 하반기 신규 데이터 동기화 검수 완료 (표준 상품명 정규화 완료)
Export_Packaging_Work_Log_202605_09.csv,1,2026-07,2026-07-13,12.0,17,초코하임,,21,30,630.0,Global_Mart_Canada (캐나다),True,2026년 하반기 신규 데이터 동기화 검수 완료 (표준 상품명 정규화 완료)
Export_Packaging_Work_Log_202605_09.csv,1,2026-07,2026-07-13,12.0,18,화이트 하임,,20,20,400.0,Global_Mart_Canada (캐나다),True,2026년 하반기 신규 데이터 동기화 검수 완료 (표준 상품명 정규화 완료)
Export_Packaging_Work_Log_202605_09.csv,1,2026-07,2026-07-13,12.0,19,초코하임,,20,30,600.0,Global_Mart_Canada (캐나다),True,2026년 하반기 신규 데이터 동기화 검수 완료 (표준 상품명 정규화 완료)
Export_Packaging_Work_Log_202605_09.csv,1,2026-07,2026-07-13,12.0,20,참 크래커,,10,80,800.0,Global_Mart_Canada (캐나다),True,2026년 하반기 신규 데이터 동기화 검수 완료 (표준 상품명 정규화 완료)
Export_Packaging_Work_Log_202605_09.csv,1,2026-07,2026-07-13,12.0,21,쿠크다스 화이트,,10,20,200.0,Global_Mart_Canada (캐나다),True,2026년 하반기 신규 데이터 동기화 검수 완료 (표준 상품명 정규화 완료)
Export_Packaging_Work_Log_202605_09.csv,1,2026-07,2026-07-13,12.0,22,쿠크다스 화이트,,21,20,420.0,Global_Mart_Canada (캐나다),True,2026년 하반기 신규 데이터 동기화 검수 완료 (표준 상품명 정규화 완료)
Export_Packaging_Work_Log_202605_09.csv,1,2026-07,2026-07-13,12.0,23,참 크래커,,24,15,360.0,Global_Mart_Canada (캐나다),True,2026년 하반기 신규 데이터 동기화 검수 완료 (표준 상품명 정규화 완료)
Export_Packaging_Work_Log_202605_09.csv,1,2026-07,2026-07-13,12.0,24,죠리퐁,,12,70,840.0,Global_Mart_Canada (캐나다),True,2026년 하반기 신규 데이터 동기화 검수 완료 (표준 상품명 정규화 완료)
Export_Packaging_Work_Log_202605_09.csv,1,2026-07,2026-07-13,12.0,25,콘칩,,12,100,1200.0,Global_Mart_Canada (캐나다),True,2026년 하반기 신규 데이터 동기화 검수 완료 (표준 상품명 정규화 완료)
Export_Packaging_Work_Log_202605_09.csv,1,2026-07,2026-07-13,12.0,26,에이스,,10,20,200.0,Global_Mart_Canada (캐나다),True,2026년 하반기 신규 데이터 동기화 검수 완료 (표준 상품명 정규화 완료)
Export_Packaging_Work_Log_202605_09.csv,1,2026-07,2026-07-13,12.0,27,카스타드,,12,30,360.0,Global_Mart_Canada (캐나다),True,2026년 하반기 신규 데이터 동기화 검수 완료 (표준 상품명 정규화 완료)
Export_Packaging_Work_Log_202605_09.csv,1,2026-07,2026-07-13,12.0,28,칸쵸,,32,30,960.0,Global_Mart_Canada (캐나다),True,2026년 하반기 신규 데이터 동기화 검수 완료 (표준 상품명 정규화 완료)
Export_Packaging_Work_Log_202605_09.csv,1,2026-07,2026-07-13,12.0,29,빈츠,,20,40,800.0,Global_Mart_Canada (캐나다),True,2026년 하반기 신규 데이터 동기화 검수 완료 (표준 상품명 정규화 완료)
Export_Packaging_Work_Log_202605_09.csv,1,2026-07,2026-07-13,12.0,30,칙촉 벌크,,12,40,480.0,Global_Mart_Canada (캐나다),True,2026년 하반기 신규 데이터 동기화 검수 완료 (표준 상품명 정규화 완료)
Export_Packaging_Work_Log_202605_09.csv,1,2026-07,2026-07-13,12.0,31,ABC초코,,20,20,400.0,Global_Mart_Canada (캐나다),True,2026년 하반기 신규 데이터 동기화 검수 완료 (표준 상품명 정규화 완료)
Export_Packaging_Work_Log_202605_09.csv,1,2026-07,2026-07-13,12.0,32,마가렛트(大),,8,80,640.0,Global_Mart_Canada (캐나다),True,2026년 하반기 신규 데이터 동기화 검수 완료 (표준 상품명 정규화 완료)
Export_Packaging_Work_Log_202605_09.csv,1,2026-07,2026-07-13,12.0,33,마가렛트(小),,12,30,360.0,Global_Mart_Canada (캐나다),True,2026년 하반기 신규 데이터 동기화 검수 완료 (표준 상품명 정규화 완료)
Export_Packaging_Work_Log_202605_09.csv,1,2026-07,2026-07-13,12.0,34,엄마손파이,,16,20,320.0,Global_Mart_Canada (캐나다),True,2026년 하반기 신규 데이터 동기화 검수 완료 (표준 상품명 정규화 완료)
Export_Packaging_Work_Log_202605_09.csv,1,2026-07,2026-07-13,12.0,35,씨리얼초코 컵,,15,30,450.0,Global_Mart_Canada (캐나다),True,2026년 하반기 신규 데이터 동기화 검수 완료 (표준 상품명 정규화 완료)
Export_Packaging_Work_Log_202605_09.csv,1,2026-07,2026-07-13,12.0,36,꼬깔콘 군옥수수(대),,12,20,240.0,Global_Mart_Canada (캐나다),True,2026년 하반기 신규 데이터 동기화 검수 완료 (표준 상품명 정규화 완료)
Export_Packaging_Work_Log_202605_09.csv,1,2026-07,2026-07-13,12.0,37,죠스바 젤리,,32,10,320.0,Global_Mart_Canada (캐나다),True,2026년 하반기 신규 데이터 동기화 검수 완료 (표준 상품명 정규화 완료)
Export_Packaging_Work_Log_202605_09.csv,1,2026-07,2026-07-13,12.0,38,치토스바베큐,,12,30,360.0,Global_Mart_Canada (캐나다),True,2026년 하반기 신규 데이터 동기화 검수 완료 (표준 상품명 정규화 완료)
Export_Packaging_Work_Log_202605_09.csv,1,2026-07,2026-07-13,12.0,39,치토스바베큐,,12,20,240.0,Global_Mart_Canada (캐나다),True,2026년 하반기 신규 데이터 동기화 검수 완료 (표준 상품명 정규화 완료)
Export_Packaging_Work_Log_202605_09.csv,1,2026-07,2026-07-13,12.0,40,치토스 매콤달콤,,12,30,360.0,Global_Mart_Canada (캐나다),True,2026년 하반기 신규 데이터 동기화 검수 완료 (표준 상품명 정규화 완료)
Export_Packaging_Work_Log_202605_09.csv,1,2026-07,2026-07-13,12.0,41,애니타임 밀크,,20,10,200.0,Global_Mart_Canada (캐나다),True,2026년 하반기 신규 데이터 동기화 검수 완료 (표준 상품명 정규화 완료)
Export_Packaging_Work_Log_202605_09.csv,1,2026-07,2026-07-13,12.0,42,애니타임 레몬,,20,10,200.0,Global_Mart_Canada (캐나다),True,2026년 하반기 신규 데이터 동기화 검수 완료 (표준 상품명 정규화 완료)
Export_Packaging_Work_Log_202605_09.csv,1,2026-07,2026-07-13,12.0,43,애니타임 자두 복숭아,,20,10,200.0,Global_Mart_Canada (캐나다),True,2026년 하반기 신규 데이터 동기화 검수 완료 (표준 상품명 정규화 완료)
Export_Packaging_Work_Log_202605_09.csv,1,2026-07,2026-07-13,12.0,44,화이트쿠키 빼빼로,,40,30,1200.0,Global_Mart_Canada (캐나다),True,2026년 하반기 신규 데이터 동기화 검수 완료 (표준 상품명 정규화 완료)
Export_Packaging_Work_Log_202605_09.csv,1,2026-07,2026-07-13,12.0,45,초코필드 빼빼로,,40,80,3200.0,Global_Mart_Canada (캐나다),True,2026년 하반기 신규 데이터 동기화 검수 완료 (표준 상품명 정규화 완료)
Export_Packaging_Work_Log_202605_09.csv,1,2026-07,2026-07-13,12.0,46,에이스 바스크 치즈,,10,200,2000.0,Global_Mart_Canada (캐나다),True,2026년 하반기 신규 데이터 동기화 검수 완료 (표준 상품명 정규화 완료)
Export_Packaging_Work_Log_202605_09.csv,1,2026-07,2026-07-13,12.0,47,에이스씬에스프레소,,12,60,720.0,A57,True,2026년 하반기 신규 데이터 동기화 검수 완료 (표준 상품명 정규화 완료)
Export_Packaging_Work_Log_202605_09.csv,1,2026-07,2026-07-14,12.0,1,에이스씬에스프레소,,12,140,1680.0,A57,True,2026년 하반기 신규 데이터 동기화 검수 완료 (표준 상품명 정규화 완료)
Export_Packaging_Work_Log_202605_09.csv,1,2026-07,2026-07-14,12.0,2,버터링딥초코,,10,200,2000.0,A57,True,2026년 하반기 신규 데이터 동기화 검수 완료 (표준 상품명 정규화 완료)
Export_Packaging_Work_Log_202605_09.csv,1,2026-07,2026-07-14,12.0,3,구운 고구마,,30,100,3000.0,A57,True,2026년 하반기 신규 데이터 동기화 검수 완료 (표준 상품명 정규화 완료)
Export_Packaging_Work_Log_202605_09.csv,1,2026-07,2026-07-14,12.0,4,구운 고구마,,10,50,500.0,A57,True,2026년 하반기 신규 데이터 동기화 검수 완료 (표준 상품명 정규화 완료)
Export_Packaging_Work_Log_202605_09.csv,1,2026-07,2026-07-14,12.0,5,딸기 웨하스,,40,250,10000.0,A57,True,2026년 하반기 신규 데이터 동기화 검수 완료 (표준 상품명 정규화 완료)
Export_Packaging_Work_Log_202605_09.csv,1,2026-07,2026-07-14,12.0,6,롤리폴리,,24,50,1200.0,A57,True,2026년 하반기 신규 데이터 동기화 검수 완료 (표준 상품명 정규화 완료)
Export_Packaging_Work_Log_202605_09.csv,1,2026-07,2026-07-14,12.0,7,사루비아,,24,30,720.0,A57,True,2026년 하반기 신규 데이터 동기화 검수 완료 (표준 상품명 정규화 완료)
Export_Packaging_Work_Log_202605_09.csv,1,2026-07,2026-07-14,12.0,8,사브레,,12,250,3000.0,A59,True,2026년 하반기 신규 데이터 동기화 검수 완료 (표준 상품명 정규화 완료)
Export_Packaging_Work_Log_202605_09.csv,1,2026-07,2026-07-14,12.0,9,크림 웨하스,,40,100,4000.0,A65,True,2026년 하반기 신규 데이터 동기화 검수 완료 (표준 상품명 정규화 완료)
Export_Packaging_Work_Log_202605_09.csv,1,2026-07,2026-07-14,12.0,10,구운 감자,,30,50,1500.0,A65,True,2026년 하반기 신규 데이터 동기화 검수 완료 (표준 상품명 정규화 완료)
Export_Packaging_Work_Log_202605_09.csv,1,2026-07,2026-07-14,12.0,11,사브레,,24,50,1200.0,A65,True,2026년 하반기 신규 데이터 동기화 검수 완료 (표준 상품명 정규화 완료)
Export_Packaging_Work_Log_202605_09.csv,1,2026-07,2026-07-14,12.0,12,홈런볼 파티팩,,8,50,400.0,A65,True,2026년 하반기 신규 데이터 동기화 검수 완료 (표준 상품명 정규화 완료)
Export_Packaging_Work_Log_202605_09.csv,1,2026-07,2026-07-14,12.0,13,홈런볼 파티팩,,8,150,1200.0,A59,True,2026년 하반기 신규 데이터 동기화 검수 완료 (표준 상품명 정규화 완료)
Export_Packaging_Work_Log_202605_09.csv,1,2026-07,2026-07-14,12.0,14,칸쵸 벌크,,12,100,1200.0,Global_Mart_Canada (캐나다),True,2026년 하반기 신규 데이터 동기화 검수 완료 (표준 상품명 정규화 완료)
Export_Packaging_Work_Log_202605_09.csv,1,2026-07,2026-07-14,12.0,15,꼬깔콘 군옥수수,,12,50,600.0,Global_Mart_Canada (캐나다),True,2026년 하반기 신규 데이터 동기화 검수 완료 (표준 상품명 정규화 완료)
Export_Packaging_Work_Log_202605_09.csv,1,2026-07,2026-07-15,12.0,1,꼬깔콘 군옥수수,,12,80,960.0,Global_Mart_Canada (캐나다),True,2026년 하반기 신규 데이터 동기화 검수 완료 (표준 상품명 정규화 완료)
Export_Packaging_Work_Log_202605_09.csv,1,2026-07,2026-07-15,12.0,2,꼬깔콘 고소한맛,,12,130,1560.0,Global_Mart_Canada (캐나다),True,2026년 하반기 신규 데이터 동기화 검수 완료 (표준 상품명 정규화 완료)
Export_Packaging_Work_Log_202605_09.csv,1,2026-07,2026-07-15,12.0,3,구운 감자 케이스,,12,100,1200.0,A65,True,2026년 하반기 신규 데이터 동기화 검수 완료 (표준 상품명 정규화 완료)
Export_Packaging_Work_Log_202605_09.csv,1,2026-07,2026-07-15,12.0,4,구운감자슬림,,12,100,1200.0,A65,True,2026년 하반기 신규 데이터 동기화 검수 완료 (표준 상품명 정규화 완료)
Export_Packaging_Work_Log_202605_09.csv,1,2026-07,2026-07-15,12.0,5,사브레,,12,200,2400.0,A65,True,2026년 하반기 신규 데이터 동기화 검수 완료 (표준 상품명 정규화 완료)
Export_Packaging_Work_Log_202605_09.csv,1,2026-07,2026-07-15,12.0,6,에이스씬에스프레소,,12,300,3600.0,A65,True,2026년 하반기 신규 데이터 동기화 검수 완료 (표준 상품명 정규화 완료)
Export_Packaging_Work_Log_202605_09.csv,1,2026-07,2026-07-15,12.0,7,샌드에이스 우유크림,,12,432,5184.0,A56,True,2026년 하반기 신규 데이터 동기화 검수 완료 (표준 상품명 정규화 완료)
Export_Packaging_Work_Log_202605_09.csv,1,2026-07,2026-07-15,12.0,8,연양갱 10팩,,10,200,2000.0,A56,True,2026년 하반기 신규 데이터 동기화 검수 완료 (표준 상품명 정규화 완료)
Export_Packaging_Work_Log_202605_09.csv,1,2026-07,2026-07-15,12.0,9,캐나다용 딸기 빼빼로,,40,210,840.0,3671(롯데 캐나다),True,2026년 하반기 신규 데이터 동기화 검수 완료 (표준 상품명 정규화 완료)
Export_Packaging_Work_Log_202605_09.csv,1,2026-07,2026-07-15,12.0,10,톡쏘는 쌀막걸리,,15,150,2250.0,하와이 팔라마,True,2026년 하반기 신규 데이터 동기화 검수 완료 (표준 상품명 정규화 완료)
Export_Packaging_Work_Log_202605_09.csv,1,2026-07,2026-07-15,12.0,11,통단팥죽,,10,15,150.0,하와이 팔라마,True,2026년 하반기 신규 데이터 동기화 검수 완료 (표준 상품명 정규화 완료)
Export_Packaging_Work_Log_202605_09.csv,1,2026-07,2026-07-15,12.0,12,단호박죽,,10,15,150.0,하와이 팔라마,True,2026년 하반기 신규 데이터 동기화 검수 완료 (표준 상품명 정규화 완료)
Export_Packaging_Work_Log_202605_09.csv,1,2026-07,2026-07-15,12.0,13,특전복죽,,10,80,800.0,하와이 팔라마,True,2026년 하반기 신규 데이터 동기화 검수 완료 (표준 상품명 정규화 완료)
Export_Packaging_Work_Log_202605_09.csv,1,2026-07,2026-07-15,12.0,14,콩비지찌개,,10,30,300.0,하와이 팔라마,True,2026년 하반기 신규 데이터 동기화 검수 완료 (표준 상품명 정규화 완료)
Export_Packaging_Work_Log_202605_09.csv,1,2026-07,2026-07-15,12.0,15,진한 추어탕,,10,10,100.0,하와이 팔라마,True,2026년 하반기 신규 데이터 동기화 검수 완료 (표준 상품명 정규화 완료)
Export_Packaging_Work_Log_202605_09.csv,1,2026-07,2026-07-15,12.0,16,시원한 황태해장국,,12,30,360.0,하와이 팔라마,True,2026년 하반기 신규 데이터 동기화 검수 완료 (표준 상품명 정규화 완료)
Export_Packaging_Work_Log_202605_09.csv,1,2026-07,2026-07-15,12.0,17,얼큰한 알탕,,12,10,120.0,하와이 팔라마,True,2026년 하반기 신규 데이터 동기화 검수 완료 (표준 상품명 정규화 완료)
Export_Packaging_Work_Log_202605_09.csv,1,2026-07,2026-07-15,12.0,18,캐나다용 초코쿠키 빼빼로,,40,576,2304.0,3671(캐나다),True,2026년 하반기 신규 데이터 동기화 검수 완료 (표준 상품명 정규화 완료)
Export_Packaging_Work_Log_202605_09.csv,1,2026-07,2026-07-15,12.0,19,캐나다용 크런키 빼빼로,,40,656,2624.0,3671(캐나다),True,2026년 하반기 신규 데이터 동기화 검수 완료 (표준 상품명 정규화 완료)
Export_Packaging_Work_Log_202605_09.csv,1,2026-07,2026-07-15,12.0,20,스노위아몬드빼빼로,,40,40,160.0,3671(캐나다),True,2026년 하반기 신규 데이터 동기화 검수 완료 (표준 상품명 정규화 완료)
Export_Packaging_Work_Log_202605_09.csv,1,2026-07,2026-07-16,12.0,1,스노위아몬드빼빼로,,40,320,1280.0,3671(롯데 캐나다),True,2026년 하반기 신규 데이터 동기화 검수 완료 (표준 상품명 정규화 완료)
Export_Packaging_Work_Log_202605_09.csv,1,2026-07,2026-07-16,12.0,2,에이스 바스크 치즈,,10,148,1480.0,A66,True,2026년 하반기 신규 데이터 동기화 검수 완료 (표준 상품명 정규화 완료)
Export_Packaging_Work_Log_202605_09.csv,1,2026-07,2026-07-16,12.0,3,구운 고구마,,12,50,600.0,A66,True,2026년 하반기 신규 데이터 동기화 검수 완료 (표준 상품명 정규화 완료)
Export_Packaging_Work_Log_202605_09.csv,1,2026-07,2026-07-16,12.0,4,딸기 웨하스,,40,100,4000.0,A66,True,2026년 하반기 신규 데이터 동기화 검수 완료 (표준 상품명 정규화 완료)
Export_Packaging_Work_Log_202605_09.csv,1,2026-07,2026-07-16,12.0,5,롤리폴리,,24,50,1200.0,A66,True,2026년 하반기 신규 데이터 동기화 검수 완료 (표준 상품명 정규화 완료)
Export_Packaging_Work_Log_202605_09.csv,1,2026-07,2026-07-16,12.0,6,구운 고구마,,30,50,1500.0,A66,True,2026년 하반기 신규 데이터 동기화 검수 완료 (표준 상품명 정규화 완료)
Export_Packaging_Work_Log_202605_09.csv,1,2026-07,2026-07-16,12.0,7,스크류바,,40,100,4000.0,Global_Mart_Canada (캐나다),True,2026년 하반기 신규 데이터 동기화 검수 완료 (표준 상품명 정규화 완료)
Export_Packaging_Work_Log_202605_09.csv,1,2026-07,2026-07-16,12.0,8,죠스바 젤리,,40,40,1600.0,Global_Mart_Canada (캐나다),True,2026년 하반기 신규 데이터 동기화 검수 완료 (표준 상품명 정규화 완료)
Export_Packaging_Work_Log_202605_09.csv,1,2026-07,2026-07-16,12.0,9,찰떡아이스딸기,,24,30,720.0,Global_Mart_Canada (캐나다),True,2026년 하반기 신규 데이터 동기화 검수 완료 (표준 상품명 정규화 완료)
Export_Packaging_Work_Log_202605_09.csv,1,2026-07,2026-07-16,12.0,10,수박바,,40,50,2000.0,Global_Mart_Canada (캐나다),True,2026년 하반기 신규 데이터 동기화 검수 완료 (표준 상품명 정규화 완료)
Export_Packaging_Work_Log_202605_09.csv,1,2026-07,2026-07-16,12.0,11,옥동자 밀크,,40,50,2000.0,Global_Mart_Canada (캐나다),True,2026년 하반기 신규 데이터 동기화 검수 완료 (표준 상품명 정규화 완료)
Export_Packaging_Work_Log_202605_09.csv,1,2026-07,2026-07-16,12.0,12,찰떡 아이스 옥수수크림치즈,,24,100,2400.0,Global_Mart_Canada (캐나다),True,2026년 하반기 신규 데이터 동기화 검수 완료 (표준 상품명 정규화 완료)
Export_Packaging_Work_Log_202605_09.csv,1,2026-07,2026-07-16,12.0,13,찰떡 아이스 바닐라,,24,30,720.0,Global_Mart_Canada (캐나다),True,2026년 하반기 신규 데이터 동기화 검수 완료 (표준 상품명 정규화 완료)
Export_Packaging_Work_Log_202605_09.csv,1,2026-07,2026-07-16,12.0,14,찰떡 아이스 당통팥,,24,50,1200.0,Global_Mart_Canada (캐나다),True,2026년 하반기 신규 데이터 동기화 검수 완료 (표준 상품명 정규화 완료)
Export_Packaging_Work_Log_202605_09.csv,1,2026-07,2026-07-16,12.0,15,빙빙바,,40,40,1600.0,Global_Mart_Canada (캐나다),True,2026년 하반기 신규 데이터 동기화 검수 완료 (표준 상품명 정규화 완료)
Export_Packaging_Work_Log_202605_09.csv,1,2026-07,2026-07-16,12.0,16,찰떡아이스쿠앤크,,24,20,480.0,Global_Mart_Canada (캐나다),True,2026년 하반기 신규 데이터 동기화 검수 완료 (표준 상품명 정규화 완료)
Export_Packaging_Work_Log_202605_09.csv,1,2026-07,2026-07-16,12.0,17,찰떡 아이스 소금우유카라멜,,24,100,2400.0,Global_Mart_Canada (캐나다),True,2026년 하반기 신규 데이터 동기화 검수 완료 (표준 상품명 정규화 완료)
Export_Packaging_Work_Log_202605_09.csv,1,2026-07,2026-07-16,12.0,18,위즐바닐라모나카,,24,31,744.0,Global_Mart_Canada (캐나다),True,2026년 하반기 신규 데이터 동기화 검수 완료 (표준 상품명 정규화 완료)
Export_Packaging_Work_Log_202605_09.csv,1,2026-07,2026-07-20,12.0,1,위즐바닐라모나카,,24,19,456.0,Global_Mart_Canada (캐나다),True,2026년 하반기 신규 데이터 동기화 검수 완료 (표준 상품명 정규화 완료)
Export_Packaging_Work_Log_202605_09.csv,1,2026-07,2026-07-20,12.0,2,빵빠레 바닐라,,15,100,1500.0,Global_Mart_Canada (캐나다),True,2026년 하반기 신규 데이터 동기화 검수 완료 (표준 상품명 정규화 완료)
Export_Packaging_Work_Log_202605_09.csv,1,2026-07,2026-07-20,12.0,3,수박 아이스,,20,19,380.0,Global_Mart_Canada (캐나다),True,2026년 하반기 신규 데이터 동기화 검수 완료 (표준 상품명 정규화 완료)
Export_Packaging_Work_Log_202605_09.csv,1,2026-07,2026-07-20,12.0,4,스크류 아이스,,20,60,1200.0,Global_Mart_Canada (캐나다),True,2026년 하반기 신규 데이터 동기화 검수 완료 (표준 상품명 정규화 완료)
Export_Packaging_Work_Log_202605_09.csv,1,2026-07,2026-07-20,12.0,5,티코 밀크초코,,6,80,480.0,Global_Mart_Canada (캐나다),True,2026년 하반기 신규 데이터 동기화 검수 완료 (표준 상품명 정규화 완료)
Export_Packaging_Work_Log_202605_09.csv,1,2026-07,2026-07-20,12.0,6,비얀코 트리플 바닐라&딸기,,15,50,750.0,Global_Mart_Canada (캐나다),True,2026년 하반기 신규 데이터 동기화 검수 완료 (표준 상품명 정규화 완료)
Export_Packaging_Work_Log_202605_09.csv,1,2026-07,2026-07-20,12.0,7,조이 망고바,,40,60,2400.0,Global_Mart_Canada (캐나다),True,2026년 하반기 신규 데이터 동기화 검수 완료 (표준 상품명 정규화 완료)
Export_Packaging_Work_Log_202605_09.csv,1,2026-07,2026-07-20,12.0,8,찰옥수수,,24,100,2400.0,Global_Mart_Canada (캐나다),True,2026년 하반기 신규 데이터 동기화 검수 완료 (표준 상품명 정규화 완료)
Export_Packaging_Work_Log_202605_09.csv,1,2026-07,2026-07-20,12.0,9,찰옥수수 카라멜 팝콘맛,,24,100,2400.0,Global_Mart_Canada (캐나다),True,2026년 하반기 신규 데이터 동기화 검수 완료 (표준 상품명 정규화 완료)
Export_Packaging_Work_Log_202605_09.csv,1,2026-07,2026-07-20,12.0,10,돼지바빵,,24,100,2400.0,Global_Mart_Canada (캐나다),True,2026년 하반기 신규 데이터 동기화 검수 완료 (표준 상품명 정규화 완료)
Export_Packaging_Work_Log_202605_09.csv,1,2026-07,2026-07-20,12.0,11,죠스바영칼로리자몽허니블랙티,,40,100,4000.0,Global_Mart_Canada (캐나다),True,2026년 하반기 신규 데이터 동기화 검수 완료 (표준 상품명 정규화 완료)
Export_Packaging_Work_Log_202605_09.csv,1,2026-07,2026-07-20,12.0,12,스크류바영칼로리유자민트티,,40,100,4000.0,Global_Mart_Canada (캐나다),True,2026년 하반기 신규 데이터 동기화 검수 완료 (표준 상품명 정규화 완료)
Export_Packaging_Work_Log_202605_09.csv,1,2026-07,2026-07-20,12.0,13,맛동산,,12,40,480.0,하와이 팔라마,True,2026년 하반기 신규 데이터 동기화 검수 완료 (표준 상품명 정규화 완료)
Export_Packaging_Work_Log_202605_09.csv,1,2026-07,2026-07-20,12.0,14,연양갱 10팩,,10,100,1000.0,A18,True,2026년 하반기 신규 데이터 동기화 검수 완료 (표준 상품명 정규화 완료)
Export_Packaging_Work_Log_202605_09.csv,1,2026-07,2026-07-20,12.0,15,오사쯔,,10,150,1500.0,A56,True,2026년 하반기 신규 데이터 동기화 검수 완료 (표준 상품명 정규화 완료)
Export_Packaging_Work_Log_202605_09.csv,1,2026-07,2026-07-20,12.0,16,샌드에이스 우유크림,,12,100,1200.0,A18,True,2026년 하반기 신규 데이터 동기화 검수 완료 (표준 상품명 정규화 완료)
Export_Packaging_Work_Log_202605_09.csv,1,2026-07,2026-07-20,12.0,17,얼려먹는 초코 만들기,,24,150,3600.0,A58,True,2026년 하반기 신규 데이터 동기화 검수 완료 (표준 상품명 정규화 완료)
Export_Packaging_Work_Log_202605_09.csv,1,2026-07,2026-07-20,12.0,18,구운 감자 케이스,,12,200,2400.0,A58,True,2026년 하반기 신규 데이터 동기화 검수 완료 (표준 상품명 정규화 완료)
Export_Packaging_Work_Log_202605_09.csv,1,2026-07,2026-07-20,12.0,19,구운감자슬림,,12,300,3600.0,A58,True,2026년 하반기 신규 데이터 동기화 검수 완료 (표준 상품명 정규화 완료)
Export_Packaging_Work_Log_202605_09.csv,1,2026-07,2026-07-20,12.0,20,The 빠새,,10,150,1500.0,A58,True,2026년 하반기 신규 데이터 동기화 검수 완료 (표준 상품명 정규화 완료)
Export_Packaging_Work_Log_202605_09.csv,1,2026-07,2026-07-20,12.0,21,사브레,,24,46,1104.0,A58,True,2026년 하반기 신규 데이터 동기화 검수 완료 (표준 상품명 정규화 완료)
Export_Packaging_Work_Log_202605_09.csv,1,2026-07,2026-07-21,11.0,1,사브레,,24,54,1296.0,A58,True,2026년 하반기 신규 데이터 동기화 검수 완료 (표준 상품명 정규화 완료)
Export_Packaging_Work_Log_202605_09.csv,1,2026-07,2026-07-21,11.0,2,크림 웨하스,,40,80,3200.0,A58,True,2026년 하반기 신규 데이터 동기화 검수 완료 (표준 상품명 정규화 완료)
Export_Packaging_Work_Log_202605_09.csv,1,2026-07,2026-07-21,11.0,3,에이스씬에스프레소,,12,100,1200.0,H-Mart_Global (미주),True,2026년 하반기 신규 데이터 동기화 검수 완료 (표준 상품명 정규화 완료)
Export_Packaging_Work_Log_202605_09.csv,1,2026-07,2026-07-21,11.0,4,오사쯔,,10,100,1000.0,H-Mart_Global (미주),True,2026년 하반기 신규 데이터 동기화 검수 완료 (표준 상품명 정규화 완료)
Export_Packaging_Work_Log_202605_09.csv,1,2026-07,2026-07-21,11.0,5,구운 감자 케이스,,12,100,1200.0,H-Mart_Global (미주),True,2026년 하반기 신규 데이터 동기화 검수 완료 (표준 상품명 정규화 완료)
Export_Packaging_Work_Log_202605_09.csv,1,2026-07,2026-07-21,11.0,6,초코픽,,24,50,1200.0,H-Mart_Global (미주),True,2026년 하반기 신규 데이터 동기화 검수 완료 (표준 상품명 정규화 완료)
Export_Packaging_Work_Log_202605_09.csv,1,2026-07,2026-07-21,11.0,7,오예스 우베라떼,,10,560,5600.0,A66,True,2026년 하반기 신규 데이터 동기화 검수 완료 (표준 상품명 정규화 완료)
Export_Packaging_Work_Log_202605_09.csv,1,2026-07,2026-07-21,11.0,8,에이스 바스크 치즈,,10,252,2520.0,A66,True,2026년 하반기 신규 데이터 동기화 검수 완료 (표준 상품명 정규화 완료)
Export_Packaging_Work_Log_202605_09.csv,1,2026-07,2026-07-21,11.0,9,광동 진한 헛개차,,12,60,720.0,광동 코즈월드,True,2026년 하반기 신규 데이터 동기화 검수 완료 (표준 상품명 정규화 완료)
Export_Packaging_Work_Log_202605_09.csv,1,2026-07,2026-07-21,11.0,10,광동 진한 헛개차,,20,100,2000.0,광동 코즈월드,True,2026년 하반기 신규 데이터 동기화 검수 완료 (표준 상품명 정규화 완료)
Export_Packaging_Work_Log_202605_09.csv,1,2026-07,2026-07-21,11.0,11,옥수수 수염차,,12,90,1080.0,광동 코즈월드,True,2026년 하반기 신규 데이터 동기화 검수 완료 (표준 상품명 정규화 완료)
Export_Packaging_Work_Log_202605_09.csv,1,2026-07,2026-07-21,11.0,12,옥수수수염차라이트,,20,130,2600.0,광동 코즈월드,True,2026년 하반기 신규 데이터 동기화 검수 완료 (표준 상품명 정규화 완료)
Export_Packaging_Work_Log_202605_09.csv,1,2026-07,2026-07-21,11.0,13,헛개 파워,,50,25,1250.0,광동 코즈월드,True,2026년 하반기 신규 데이터 동기화 검수 완료 (표준 상품명 정규화 완료)
Export_Packaging_Work_Log_202605_09.csv,1,2026-07,2026-07-21,11.0,14,진홍삼 골드,,100,25,2500.0,광동 코즈월드,True,2026년 하반기 신규 데이터 동기화 검수 완료 (표준 상품명 정규화 완료)
Export_Packaging_Work_Log_202605_09.csv,1,2026-07,2026-07-21,11.0,15,쌍화 골드,,100,25,2500.0,광동 코즈월드,True,2026년 하반기 신규 데이터 동기화 검수 완료 (표준 상품명 정규화 완료)
Export_Packaging_Work_Log_202605_09.csv,1,2026-07,2026-07-21,11.0,16,생강쌍화,,100,25,2500.0,광동 코즈월드,True,2026년 하반기 신규 데이터 동기화 검수 완료 (표준 상품명 정규화 완료)
Export_Packaging_Work_Log_202605_09.csv,1,2026-07,2026-07-21,11.0,17,비타500 제로 아이스,,40,60,2400.0,광동 코즈월드,True,2026년 하반기 신규 데이터 동기화 검수 완료 (표준 상품명 정규화 완료)
Export_Packaging_Work_Log_202605_09.csv,1,2026-07,2026-07-21,11.0,18,돼지감자차,,12,40,480.0,광동 코즈월드,True,2026년 하반기 신규 데이터 동기화 검수 완료 (표준 상품명 정규화 완료)
Export_Packaging_Work_Log_202605_09.csv,1,2026-07,2026-07-21,11.0,19,대추쌍화,,40,25,1000.0,광동 코즈월드,True,2026년 하반기 신규 데이터 동기화 검수 완료 (표준 상품명 정규화 완료)
Export_Packaging_Work_Log_202605_09.csv,1,2026-07,2026-07-21,11.0,20,산삼 배양근진액,,50,10,500.0,광동 코즈월드,True,2026년 하반기 신규 데이터 동기화 검수 완료 (표준 상품명 정규화 완료)
Export_Packaging_Work_Log_202605_09.csv,1,2026-07,2026-07-21,11.0,21,발효홍삼골드,,50,20,1000.0,광동 코즈월드,True,2026년 하반기 신규 데이터 동기화 검수 완료 (표준 상품명 정규화 완료)
Export_Packaging_Work_Log_202605_09.csv,1,2026-07,2026-07-21,11.0,22,비타500이온킥,,30,60,1800.0,광동 코즈월드,True,2026년 하반기 신규 데이터 동기화 검수 완료 (표준 상품명 정규화 완료)
Export_Packaging_Work_Log_202605_09.csv,1,2026-07,2026-07-21,11.0,23,비타500치어팩,,30,60,1800.0,광동 코즈월드,True,2026년 하반기 신규 데이터 동기화 검수 완료 (표준 상품명 정규화 완료)
Export_Packaging_Work_Log_202605_09.csv,1,2026-07,2026-07-21,11.0,24,비타500 제로 스파클링,,24,60,1440.0,광동 코즈월드,True,2026년 하반기 신규 데이터 동기화 검수 완료 (표준 상품명 정규화 완료)
Export_Packaging_Work_Log_202605_09.csv,1,2026-07,2026-07-22,11.0,1,비타500 제로 스파클링 유자,,24,60,1440.0,광동 코즈월드,True,2026년 하반기 신규 데이터 동기화 검수 완료 (표준 상품명 정규화 완료)
Export_Packaging_Work_Log_202605_09.csv,1,2026-07,2026-07-22,11.0,2,비타500 젤리,,5,50,250.0,광동 코즈월드,True,2026년 하반기 신규 데이터 동기화 검수 완료 (표준 상품명 정규화 완료)
Export_Packaging_Work_Log_202605_09.csv,1,2026-07,2026-07-22,11.0,3,캐나다용 크런키 빼빼로,,40,64,256.0,3671(캐나다),True,2026년 하반기 신규 데이터 동기화 검수 완료 (표준 상품명 정규화 완료)
Export_Packaging_Work_Log_202605_09.csv,1,2026-07,2026-07-22,11.0,4,캐나다용 초코필드 빼빼로,,40,72,288.0,3671(캐나다),True,2026년 하반기 신규 데이터 동기화 검수 완료 (표준 상품명 정규화 완료)
Export_Packaging_Work_Log_202605_09.csv,1,2026-07,2026-07-22,11.0,5,에이스씬에스프레소,,12,100,1200.0,H-Mart_Global (미주),True,2026년 하반기 신규 데이터 동기화 검수 완료 (표준 상품명 정규화 완료)
Export_Packaging_Work_Log_202605_09.csv,1,2026-07,2026-07-22,11.0,6,버터링골드,,12,50,600.0,H-Mart_Global (미주),True,2026년 하반기 신규 데이터 동기화 검수 완료 (표준 상품명 정규화 완료)
Export_Packaging_Work_Log_202605_09.csv,1,2026-07,2026-07-22,11.0,7,버터링딥초코,,10,30,300.0,H-Mart_Global (미주),True,2026년 하반기 신규 데이터 동기화 검수 완료 (표준 상품명 정규화 완료)
Export_Packaging_Work_Log_202605_09.csv,1,2026-07,2026-07-22,11.0,8,구운 감자 케이스,,12,60,720.0,H-Mart_Global (미주),True,2026년 하반기 신규 데이터 동기화 검수 완료 (표준 상품명 정규화 완료)
Export_Packaging_Work_Log_202605_09.csv,1,2026-07,2026-07-22,11.0,9,구운 감자,,10,20,200.0,H-Mart_Global (미주),True,2026년 하반기 신규 데이터 동기화 검수 완료 (표준 상품명 정규화 완료)
Export_Packaging_Work_Log_202605_09.csv,1,2026-07,2026-07-22,11.0,10,알사탕,,16,20,320.0,H-Mart_Global (미주),True,2026년 하반기 신규 데이터 동기화 검수 완료 (표준 상품명 정규화 완료)
Export_Packaging_Work_Log_202605_09.csv,1,2026-07,2026-07-22,11.0,11,자두캔디,,16,20,320.0,H-Mart_Global (미주),True,2026년 하반기 신규 데이터 동기화 검수 완료 (표준 상품명 정규화 완료)
Export_Packaging_Work_Log_202605_09.csv,1,2026-07,2026-07-22,11.0,12,초코픽,,24,10,240.0,H-Mart_Global (미주),True,2026년 하반기 신규 데이터 동기화 검수 완료 (표준 상품명 정규화 완료)
Export_Packaging_Work_Log_202605_09.csv,1,2026-07,2026-07-22,11.0,13,오사쯔,,10,20,200.0,H-Mart_Global (미주),True,2026년 하반기 신규 데이터 동기화 검수 완료 (표준 상품명 정규화 완료)
Export_Packaging_Work_Log_202605_09.csv,1,2026-07,2026-07-22,11.0,14,오리지날 크래커,,18,300,5400.0,A18,True,2026년 하반기 신규 데이터 동기화 검수 완료 (표준 상품명 정규화 완료)
Export_Packaging_Work_Log_202605_09.csv,1,2026-07,2026-07-22,11.0,15,오리지날 크래커,,18,300,5400.0,A58,True,2026년 하반기 신규 데이터 동기화 검수 완료 (표준 상품명 정규화 완료)
Export_Packaging_Work_Log_202605_09.csv,1,2026-07,2026-07-22,11.0,16,크림 웨하스,,40,140,5600.0,A58,True,2026년 하반기 신규 데이터 동기화 검수 완료 (표준 상품명 정규화 완료)
Export_Packaging_Work_Log_202605_09.csv,1,2026-07,2026-07-22,11.0,17,홈런볼 9팩,,8,200,1600.0,H-Mart_Global (미주),True,2026년 하반기 신규 데이터 동기화 검수 완료 (표준 상품명 정규화 완료)
Export_Packaging_Work_Log_202605_09.csv,1,2026-07,2026-07-22,11.0,18,홈런볼 9팩,,8,20,160.0,H-Mart_Global (미주),True,2026년 하반기 신규 데이터 동기화 검수 완료 (표준 상품명 정규화 완료)
Export_Packaging_Work_Log_202605_09.csv,1,2026-07,2026-07-23,11.0,1,칸쵸,,32,130,4160.0,Euro_PanAsia (오스트리아),True,2026년 하반기 신규 데이터 동기화 검수 완료 (표준 상품명 정규화 완료)
Export_Packaging_Work_Log_202605_09.csv,1,2026-07,2026-07-23,11.0,2,허니버터칩,,16,552,8832.0,Central_Asia_Logistics (몽골),True,2026년 하반기 신규 데이터 동기화 검수 완료 (표준 상품명 정규화 완료)
Export_Packaging_Work_Log_202605_09.csv,1,2026-07,2026-07-23,11.0,3,신당동신떡볶이,,12,852,10224.0,Central_Asia_Logistics (몽골),True,2026년 하반기 신규 데이터 동기화 검수 완료 (표준 상품명 정규화 완료)
Export_Packaging_Work_Log_202605_09.csv,1,2026-07,2026-07-23,11.0,4,자유시간,,144,18,2592.0,H-Mart_Global (미주),True,2026년 하반기 신규 데이터 동기화 검수 완료 (표준 상품명 정규화 완료)
Export_Packaging_Work_Log_202605_09.csv,1,2026-07,2026-07-23,11.0,5,사루비아,,24,10,240.0,H-Mart_Global (미주),True,2026년 하반기 신규 데이터 동기화 검수 완료 (표준 상품명 정규화 완료)
Export_Packaging_Work_Log_202605_09.csv,1,2026-07,2026-07-23,11.0,6,신당동신떡볶이,,12,180,2160.0,Central_Asia_Logistics (몽골),True,2026년 하반기 신규 데이터 동기화 검수 완료 (표준 상품명 정규화 완료)
Export_Packaging_Work_Log_202605_09.csv,1,2026-07,2026-07-23,11.0,7,허니버터칩,,16,320,5120.0,Central_Asia_Logistics (몽골),True,2026년 하반기 신규 데이터 동기화 검수 완료 (표준 상품명 정규화 완료)
Export_Packaging_Work_Log_202605_09.csv,1,2026-07,2026-07-23,11.0,8,대추 쌍화진,,10,20,200.0,광동 코즈월드,True,2026년 하반기 신규 데이터 동기화 검수 완료 (표준 상품명 정규화 완료)
Export_Packaging_Work_Log_202605_09.csv,1,2026-07,2026-07-23,11.0,9,생강 쌍화진,,10,20,200.0,광동 코즈월드,True,2026년 하반기 신규 데이터 동기화 검수 완료 (표준 상품명 정규화 완료)
Export_Packaging_Work_Log_202605_09.csv,1,2026-07,2026-07-23,11.0,10,box (외포장 라벨링),1,1,130,130.0,외포장 박스 작업,True,2026년 하반기 신규 데이터 동기화 검수 완료 (표준 상품명 정규화 완료)
Export_Packaging_Work_Log_202605_09.csv,1,2026-07,2026-07-24,12.0,1,허니버터칩,,16,336,5376.0,B76,True,2026년 하반기 신규 데이터 동기화 검수 완료 (표준 상품명 정규화 완료)
Export_Packaging_Work_Log_202605_09.csv,1,2026-07,2026-07-24,12.0,2,자두캔디,,16,200,3200.0,캐나다TB(B34),True,2026년 하반기 신규 데이터 동기화 검수 완료 (표준 상품명 정규화 완료)
Export_Packaging_Work_Log_202605_09.csv,1,2026-07,2026-07-24,12.0,3,맛동산,,8,100,800.0,캐나다TB(B34),True,2026년 하반기 신규 데이터 동기화 검수 완료 (표준 상품명 정규화 완료)
Export_Packaging_Work_Log_202605_09.csv,1,2026-07,2026-07-24,12.0,4,허니버터칩,,16,200,3200.0,캐나다TB(B34),True,2026년 하반기 신규 데이터 동기화 검수 완료 (표준 상품명 정규화 완료)
Export_Packaging_Work_Log_202605_09.csv,1,2026-07,2026-07-24,12.0,5,자유시간,,144,12,1728.0,H-Mart_Global (미주),True,2026년 하반기 신규 데이터 동기화 검수 완료 (표준 상품명 정규화 완료)
Export_Packaging_Work_Log_202605_09.csv,1,2026-07,2026-07-24,12.0,6,버터링골드,,12,48,576.0,Central_Asia_Logistics (몽골),True,2026년 하반기 신규 데이터 동기화 검수 완료 (표준 상품명 정규화 완료)
Export_Packaging_Work_Log_202605_09.csv,1,2026-07,2026-07-24,12.0,7,아이비,,24,24,576.0,Central_Asia_Logistics (몽골),True,2026년 하반기 신규 데이터 동기화 검수 완료 (표준 상품명 정규화 완료)
Export_Packaging_Work_Log_202605_09.csv,1,2026-07,2026-07-24,12.0,8,사브레,252,12,36,432.0,Central_Asia_Logistics (몽골),True,2026년 하반기 신규 데이터 동기화 검수 완료 (표준 상품명 정규화 완료)
Export_Packaging_Work_Log_202605_09.csv,1,2026-07,2026-07-24,12.0,9,사브레,84,24,24,576.0,Central_Asia_Logistics (몽골),True,2026년 하반기 신규 데이터 동기화 검수 완료 (표준 상품명 정규화 완료)
Export_Packaging_Work_Log_202605_09.csv,1,2026-07,2026-07-24,12.0,10,버터링골드,,24,372,8928.0,Central_Asia_Logistics (몽골),True,2026년 하반기 신규 데이터 동기화 검수 완료 (표준 상품명 정규화 완료)
Export_Packaging_Work_Log_202605_09.csv,1,2026-07,2026-07-24,12.0,11,에이스씬에스프레소,,16,32,512.0,Central_Asia_Logistics (몽골),True,2026년 하반기 신규 데이터 동기화 검수 완료 (표준 상품명 정규화 완료)
Export_Packaging_Work_Log_202605_09.csv,1,2026-07,2026-07-24,12.0,12,버터링딥초코,103,14,84,1176.0,Central_Asia_Logistics (몽골),True,2026년 하반기 신규 데이터 동기화 검수 완료 (표준 상품명 정규화 완료)
Export_Packaging_Work_Log_202605_09.csv,1,2026-07,2026-07-24,12.0,13,버터링딥초코,155,10,80,800.0,Central_Asia_Logistics (몽골),True,2026년 하반기 신규 데이터 동기화 검수 완료 (표준 상품명 정규화 완료)
Export_Packaging_Work_Log_202605_09.csv,1,2026-07,2026-07-24,12.0,14,비타500오리지널,100,100,5,500.0,광동싱가폴-싱롱푸드,True,2026년 하반기 신규 데이터 동기화 검수 완료 (표준 상품명 정규화 완료)
Export_Packaging_Work_Log_202605_09.csv,1,2026-07,2026-07-24,12.0,15,광동 옥수수 수염차,1.5,12,100,1200.0,광동싱가폴-싱롱푸드,True,2026년 하반기 신규 데이터 동기화 검수 완료 (표준 상품명 정규화 완료)
Export_Packaging_Work_Log_202605_09.csv,1,2026-07,2026-07-24,12.0,16,진한헛개차,1.5,12,60,720.0,광동싱가폴-싱롱푸드,True,2026년 하반기 신규 데이터 동기화 검수 완료 (표준 상품명 정규화 완료)
Export_Packaging_Work_Log_202605_09.csv,1,2026-07,2026-07-24,12.0,17,진한헛개차,500,20,100,2000.0,광동싱가폴-싱롱푸드,True,2026년 하반기 신규 데이터 동기화 검수 완료 (표준 상품명 정규화 완료)
Export_Packaging_Work_Log_202605_09.csv,1,2026-07,2026-07-24,12.0,18,우엉차,,24,30,720.0,광동싱가폴-싱롱푸드,True,2026년 하반기 신규 데이터 동기화 검수 완료 (표준 상품명 정규화 완료)
Export_Packaging_Work_Log_202605_09.csv,1,2026-07,2026-07-24,12.0,19,옥수수 수염차,500,20,175,3500.0,광동싱가폴-싱롱푸드,True,2026년 하반기 신규 데이터 동기화 검수 완료 (표준 상품명 정규화 완료)
Export_Packaging_Work_Log_202605_09.csv,1,2026-07,2026-07-25,10.0,1,광동 옥수수 수염차,,20,25,500.0,광동상가폴-싱롱푸드,True,2026년 하반기 신규 데이터 동기화 검수 완료 (표준 상품명 정규화 완료)
Export_Packaging_Work_Log_202605_09.csv,1,2026-07,2026-07-25,10.0,2,신쫄이 샤인머스캣,,120,474,56880.0,Central_Asia_Logistics (몽골),True,2026년 하반기 신규 데이터 동기화 검수 완료 (표준 상품명 정규화 완료)
Export_Packaging_Work_Log_202605_09.csv,1,2026-07,2026-07-27,12.0,1,신쫄이 샤인머스캣,,120,166,19920.0,Central_Asia_Logistics (몽골),True,2026년 하반기 신규 데이터 동기화 검수 완료 (표준 상품명 정규화 완료)
Export_Packaging_Work_Log_202605_09.csv,1,2026-07,2026-07-27,12.0,2,신쫄이 딸기맛,,120,12,1440.0,Central_Asia_Logistics (몽골),True,2026년 하반기 신규 데이터 동기화 검수 완료 (표준 상품명 정규화 완료)
Export_Packaging_Work_Log_202605_09.csv,1,2026-07,2026-07-27,12.0,3,콘칩,,16,60,960.0,Global_Mart_Canada (캐나다),True,2026년 하반기 신규 데이터 동기화 검수 완료 (표준 상품명 정규화 완료)
Export_Packaging_Work_Log_202605_09.csv,1,2026-07,2026-07-27,12.0,4,죠리퐁,,16,30,480.0,Global_Mart_Canada (캐나다),True,2026년 하반기 신규 데이터 동기화 검수 완료 (표준 상품명 정규화 완료)
Export_Packaging_Work_Log_202605_09.csv,1,2026-07,2026-07-27,12.0,5,신짱,,16,30,480.0,Global_Mart_Canada (캐나다),True,2026년 하반기 신규 데이터 동기화 검수 완료 (표준 상품명 정규화 완료)
Export_Packaging_Work_Log_202605_09.csv,1,2026-07,2026-07-27,12.0,6,초코하임,,12,30,360.0,Global_Mart_Canada (캐나다),True,2026년 하반기 신규 데이터 동기화 검수 완료 (표준 상품명 정규화 완료)
Export_Packaging_Work_Log_202605_09.csv,1,2026-07,2026-07-27,12.0,7,화이트 하임,284,12,35,420.0,Global_Mart_Canada (캐나다),True,2026년 하반기 신규 데이터 동기화 검수 완료 (표준 상품명 정규화 완료)
Export_Packaging_Work_Log_202605_09.csv,1,2026-07,2026-07-27,12.0,8,화이트 하임,47,21,30,630.0,Global_Mart_Canada (캐나다),True,2026년 하반기 신규 데이터 동기화 검수 완료 (표준 상품명 정규화 완료)
Export_Packaging_Work_Log_202605_09.csv,1,2026-07,2026-07-27,12.0,9,에이스 바스크 치즈,,10,70,700.0,Global_Mart_Canada (캐나다),True,2026년 하반기 신규 데이터 동기화 검수 완료 (표준 상품명 정규화 완료)
Export_Packaging_Work_Log_202605_09.csv,1,2026-07,2026-07-27,12.0,10,에이스,,30,30,900.0,Global_Mart_Canada (캐나다),True,2026년 하반기 신규 데이터 동기화 검수 완료 (표준 상품명 정규화 완료)
Export_Packaging_Work_Log_202605_09.csv,1,2026-07,2026-07-27,12.0,11,자두캔디,,16,15,240.0,Global_Mart_Canada (캐나다),True,2026년 하반기 신규 데이터 동기화 검수 완료 (표준 상품명 정규화 완료)
Export_Packaging_Work_Log_202605_09.csv,1,2026-07,2026-07-27,12.0,12,초코픽,,24,25,600.0,Global_Mart_Canada (캐나다),True,2026년 하반기 신규 데이터 동기화 검수 완료 (표준 상품명 정규화 완료)
Export_Packaging_Work_Log_202605_09.csv,1,2026-07,2026-07-27,12.0,13,맛동산,,8,25,200.0,Global_Mart_Canada (캐나다),True,2026년 하반기 신규 데이터 동기화 검수 완료 (표준 상품명 정규화 완료)
Export_Packaging_Work_Log_202605_09.csv,1,2026-07,2026-07-27,12.0,14,버터링골드,,24,20,480.0,Global_Mart_Canada (캐나다),True,2026년 하반기 신규 데이터 동기화 검수 완료 (표준 상품명 정규화 완료)
Export_Packaging_Work_Log_202605_09.csv,1,2026-07,2026-07-27,12.0,15,구운 감자,,30,20,600.0,Global_Mart_Canada (캐나다),True,2026년 하반기 신규 데이터 동기화 검수 완료 (표준 상품명 정규화 완료)
Export_Packaging_Work_Log_202605_09.csv,1,2026-07,2026-07-27,12.0,16,NEW칸츄리콘,,16,30,480.0,Global_Mart_Canada (캐나다),True,2026년 하반기 신규 데이터 동기화 검수 완료 (표준 상품명 정규화 완료)
Export_Packaging_Work_Log_202605_09.csv,1,2026-07,2026-07-27,12.0,17,홈런볼 9팩,,12,10,120.0,Global_Mart_Canada (캐나다),True,2026년 하반기 신규 데이터 동기화 검수 완료 (표준 상품명 정규화 완료)
Export_Packaging_Work_Log_202605_09.csv,1,2026-07,2026-07-27,12.0,18,오사쯔,,16,30,480.0,Global_Mart_Canada (캐나다),True,2026년 하반기 신규 데이터 동기화 검수 완료 (표준 상품명 정규화 완료)
Export_Packaging_Work_Log_202605_09.csv,1,2026-07,2026-07-27,12.0,19,고기엔참소스,,20,96,1920.0,Global_Mart_Canada (캐나다),True,2026년 하반기 신규 데이터 동기화 검수 완료 (표준 상품명 정규화 완료)
Export_Packaging_Work_Log_202605_09.csv,1,2026-07,2026-07-27,12.0,20,카라멜 땅콩,,12,30,360.0,Global_Mart_Canada (캐나다),True,2026년 하반기 신규 데이터 동기화 검수 완료 (표준 상품명 정규화 완료)
Export_Packaging_Work_Log_202605_09.csv,1,2026-07,2026-07-27,12.0,21,나랑드사이다 그린애플,,24,50,1200.0,Global_Mart_Canada (캐나다),True,2026년 하반기 신규 데이터 동기화 검수 완료 (표준 상품명 정규화 완료)
Export_Packaging_Work_Log_202605_09.csv,1,2026-07,2026-07-27,12.0,22,나랑드 사이다,,24,50,1200.0,Global_Mart_Canada (캐나다),True,2026년 하반기 신규 데이터 동기화 검수 완료 (표준 상품명 정규화 완료)
Export_Packaging_Work_Log_202605_09.csv,1,2026-07,2026-07-27,12.0,23,포카리스웨트,500,20,61,1220.0,Global_Mart_Canada (캐나다),True,2026년 하반기 신규 데이터 동기화 검수 완료 (표준 상품명 정규화 완료)
Export_Packaging_Work_Log_202605_09.csv,1,2026-07,2026-07-27,12.0,24,포카리스웨트,240,30,80,2400.0,Global_Mart_Canada (캐나다),True,2026년 하반기 신규 데이터 동기화 검수 완료 (표준 상품명 정규화 완료)
Export_Packaging_Work_Log_202605_09.csv,1,2026-07,2026-07-27,12.0,25,나랑드 사이다,245,30,70,2100.0,Global_Mart_Canada (캐나다),True,2026년 하반기 신규 데이터 동기화 검수 완료 (표준 상품명 정규화 완료)
Export_Packaging_Work_Log_202605_09.csv,1,2026-07,2026-07-27,12.0,26,말랑카우 밀크,,20,100,2000.0,Euro_PanAsia (오스트리아),True,2026년 하반기 신규 데이터 동기화 검수 완료 (표준 상품명 정규화 완료)
Export_Packaging_Work_Log_202605_09.csv,1,2026-07,2026-07-27,12.0,27,말랑카우 딸기,,20,110,2200.0,Euro_PanAsia (오스트리아),True,2026년 하반기 신규 데이터 동기화 검수 완료 (표준 상품명 정규화 완료)
Export_Packaging_Work_Log_202605_09.csv,1,2026-07,2026-07-27,12.0,28,칙촉,,15,20,300.0,Euro_PanAsia (오스트리아),True,2026년 하반기 신규 데이터 동기화 검수 완료 (표준 상품명 정규화 완료)
Export_Packaging_Work_Log_202605_09.csv,1,2026-07,2026-07-27,12.0,29,빠다코코낫,,30,20,600.0,Euro_PanAsia (오스트리아),True,2026년 하반기 신규 데이터 동기화 검수 완료 (표준 상품명 정규화 완료)
Export_Packaging_Work_Log_202605_09.csv,1,2026-07,2026-07-27,12.0,30,롯샌파인애플,,30,30,900.0,Euro_PanAsia (오스트리아),True,2026년 하반기 신규 데이터 동기화 검수 완료 (표준 상품명 정규화 완료)
Export_Packaging_Work_Log_202605_09.csv,1,2026-07,2026-07-27,12.0,31,마가렛트,,12,60,720.0,Euro_PanAsia (오스트리아),True,2026년 하반기 신규 데이터 동기화 검수 완료 (표준 상품명 정규화 완료)
Export_Packaging_Work_Log_202605_09.csv,1,2026-07,2026-07-27,12.0,32,칸쵸컵,,15,60,900.0,Euro_PanAsia (오스트리아),True,2026년 하반기 신규 데이터 동기화 검수 완료 (표준 상품명 정규화 완료)
Export_Packaging_Work_Log_202605_09.csv,1,2026-07,2026-07-27,12.0,33,청포도 캔디,,20,150,3000.0,Euro_PanAsia (오스트리아),True,2026년 하반기 신규 데이터 동기화 검수 완료 (표준 상품명 정규화 완료)
Export_Packaging_Work_Log_202605_09.csv,1,2026-07,2026-07-27,12.0,34,애니타임 레몬,,20,20,400.0,Euro_PanAsia (오스트리아),True,2026년 하반기 신규 데이터 동기화 검수 완료 (표준 상품명 정규화 완료)
Export_Packaging_Work_Log_202605_09.csv,1,2026-07,2026-07-27,12.0,35,애니타임 자두 복숭아,,20,30,600.0,Euro_PanAsia (오스트리아),True,2026년 하반기 신규 데이터 동기화 검수 완료 (표준 상품명 정규화 완료)
Export_Packaging_Work_Log_202605_09.csv,1,2026-07,2026-07-27,12.0,36,애니타임 블루마린,,20,30,600.0,Euro_PanAsia (오스트리아),True,2026년 하반기 신규 데이터 동기화 검수 완료 (표준 상품명 정규화 완료)
Export_Packaging_Work_Log_202605_09.csv,1,2026-07,2026-07-27,12.0,37,애니타임 밀크,,20,30,600.0,Euro_PanAsia (오스트리아),True,2026년 하반기 신규 데이터 동기화 검수 완료 (표준 상품명 정규화 완료)
Export_Packaging_Work_Log_202605_09.csv,1,2026-07,2026-07-27,12.0,38,카스타드,,12,100,1200.0,Euro_PanAsia (오스트리아),True,2026년 하반기 신규 데이터 동기화 검수 완료 (표준 상품명 정규화 완료)
Export_Packaging_Work_Log_202605_09.csv,1,2026-07,2026-07-27,12.0,39,몽쉘 오리지날,,16,20,320.0,Euro_PanAsia (오스트리아),True,2026년 하반기 신규 데이터 동기화 검수 완료 (표준 상품명 정규화 완료)
Export_Packaging_Work_Log_202605_09.csv,1,2026-07,2026-07-27,12.0,40,몽쉘 카카오,,16,20,320.0,Euro_PanAsia (오스트리아),True,2026년 하반기 신규 데이터 동기화 검수 완료 (표준 상품명 정규화 완료)
Export_Packaging_Work_Log_202605_09.csv,1,2026-07,2026-07-27,12.0,41,초코파이,,16,130,2080.0,Euro_PanAsia (오스트리아),True,2026년 하반기 신규 데이터 동기화 검수 완료 (표준 상품명 정규화 완료)
Export_Packaging_Work_Log_202605_09.csv,1,2026-07,2026-07-27,12.0,42,초코파이 바나나,,8,40,320.0,Euro_PanAsia (오스트리아),True,2026년 하반기 신규 데이터 동기화 검수 완료 (표준 상품명 정규화 완료)
Export_Packaging_Work_Log_202605_09.csv,1,2026-07,2026-07-27,12.0,43,초코파이 카카오,,8,70,560.0,Euro_PanAsia (오스트리아),True,2026년 하반기 신규 데이터 동기화 검수 완료 (표준 상품명 정규화 완료)
Export_Packaging_Work_Log_202605_09.csv,1,2026-07,2026-07-27,12.0,44,초코파이흑당,,8,80,640.0,Euro_PanAsia (오스트리아),True,2026년 하반기 신규 데이터 동기화 검수 완료 (표준 상품명 정규화 완료)
Export_Packaging_Work_Log_202605_09.csv,1,2026-07,2026-07-27,12.0,45,초코쿠키 빼빼로,,40,110,4400.0,Euro_PanAsia (오스트리아),True,2026년 하반기 신규 데이터 동기화 검수 완료 (표준 상품명 정규화 완료)
Export_Packaging_Work_Log_202605_09.csv,1,2026-07,2026-07-27,12.0,46,초코필드 빼빼로,,40,130,5200.0,Euro_PanAsia (오스트리아),True,2026년 하반기 신규 데이터 동기화 검수 완료 (표준 상품명 정규화 완료)
Export_Packaging_Work_Log_202605_09.csv,1,2026-07,2026-07-27,12.0,47,스노위아몬드빼빼로,,40,110,4400.0,Euro_PanAsia (오스트리아),True,2026년 하반기 신규 데이터 동기화 검수 완료 (표준 상품명 정규화 완료)
Export_Packaging_Work_Log_202605_09.csv,1,2026-07,2026-07-27,12.0,48,크런키 빼빼로,,40,66,2640.0,Euro_PanAsia (오스트리아),True,2026년 하반기 신규 데이터 동기화 검수 완료 (표준 상품명 정규화 완료)
Export_Packaging_Work_Log_202605_09.csv,1,2026-07,2026-07-27,12.0,49,box (외포장 라벨링),1,1,1536,1536.0,외포장 박스 작업,True,2026년 하반기 신규 데이터 동기화 검수 완료 (표준 상품명 정규화 완료)
Export_Packaging_Work_Log_202605_09.csv,1,2026-07,2026-07-28,12.0,1,크런키 빼빼로,,40,134,5360.0,Euro_PanAsia (오스트리아),True,2026년 하반기 신규 데이터 동기화 검수 완료 (표준 상품명 정규화 완료)
Export_Packaging_Work_Log_202605_09.csv,1,2026-07,2026-07-28,12.0,2,초코빼빼로,,40,220,8800.0,Euro_PanAsia (오스트리아),True,2026년 하반기 신규 데이터 동기화 검수 완료 (표준 상품명 정규화 완료)
Export_Packaging_Work_Log_202605_09.csv,1,2026-07,2026-07-28,12.0,3,초코파이,,8,300,2400.0,Euro_PanAsia (오스트리아),True,2026년 하반기 신규 데이터 동기화 검수 완료 (표준 상품명 정규화 완료)
Export_Packaging_Work_Log_202605_09.csv,1,2026-07,2026-07-28,12.0,4,화이트쿠키 빼빼로,,40,320,12800.0,Euro_PanAsia (오스트리아),True,2026년 하반기 신규 데이터 동기화 검수 완료 (표준 상품명 정규화 완료)
Export_Packaging_Work_Log_202605_09.csv,1,2026-07,2026-07-28,12.0,5,아몬드빼빼로,,40,320,12800.0,Euro_PanAsia (오스트리아),True,2026년 하반기 신규 데이터 동기화 검수 완료 (표준 상품명 정규화 완료)
Export_Packaging_Work_Log_202605_09.csv,1,2026-07,2026-07-28,12.0,6,꼬북칩콘스프,,12,320,3840.0,Global_Mart_Canada (캐나다),True,2026년 하반기 신규 데이터 동기화 검수 완료 (표준 상품명 정규화 완료)
Export_Packaging_Work_Log_202605_09.csv,1,2026-07,2026-07-28,12.0,7,참붕어빵,,9,30,270.0,Global_Mart_Canada (캐나다),True,2026년 하반기 신규 데이터 동기화 검수 완료 (표준 상품명 정규화 완료)
Export_Packaging_Work_Log_202605_09.csv,1,2026-07,2026-07-28,12.0,8,배배,,20,20,400.0,Global_Mart_Canada (캐나다),True,2026년 하반기 신규 데이터 동기화 검수 완료 (표준 상품명 정규화 완료)
Export_Packaging_Work_Log_202605_09.csv,1,2026-07,2026-07-28,12.0,9,왕고래밥볶음,,24,100,2400.0,Global_Mart_Canada (캐나다),True,2026년 하반기 신규 데이터 동기화 검수 완료 (표준 상품명 정규화 완료)
Export_Packaging_Work_Log_202605_09.csv,1,2026-07,2026-07-28,12.0,10,초코송이,,28,100,2800.0,Global_Mart_Canada (캐나다),True,2026년 하반기 신규 데이터 동기화 검수 완료 (표준 상품명 정규화 완료)
Export_Packaging_Work_Log_202605_09.csv,1,2026-07,2026-07-28,12.0,11,마린보이,,30,100,3000.0,Global_Mart_Canada (캐나다),True,2026년 하반기 신규 데이터 동기화 검수 완료 (표준 상품명 정규화 완료)
Export_Packaging_Work_Log_202605_09.csv,1,2026-07,2026-07-28,12.0,12,참붕어빵,,8,30,240.0,Global_Mart_Canada (캐나다),True,2026년 하반기 신규 데이터 동기화 검수 완료 (표준 상품명 정규화 완료)
Export_Packaging_Work_Log_202605_09.csv,1,2026-07,2026-07-28,12.0,13,후레쉬 베리,,9,30,270.0,Global_Mart_Canada (캐나다),True,2026년 하반기 신규 데이터 동기화 검수 완료 (표준 상품명 정규화 완료)
Export_Packaging_Work_Log_202605_09.csv,1,2026-07,2026-07-28,12.0,14,오뜨 쇼콜라,,12,30,360.0,Global_Mart_Canada (캐나다),True,2026년 하반기 신규 데이터 동기화 검수 완료 (표준 상품명 정규화 완료)
Export_Packaging_Work_Log_202605_09.csv,1,2026-07,2026-07-28,12.0,15,수출 오땅,,16,60,960.0,Global_Mart_Canada (캐나다),True,2026년 하반기 신규 데이터 동기화 검수 완료 (표준 상품명 정규화 완료)
Export_Packaging_Work_Log_202605_09.csv,1,2026-07,2026-07-28,12.0,16,땅콩강정,,12,30,360.0,Global_Mart_Canada (캐나다),True,2026년 하반기 신규 데이터 동기화 검수 완료 (표준 상품명 정규화 완료)
Export_Packaging_Work_Log_202605_09.csv,1,2026-07,2026-07-28,12.0,17,후레쉬 베리,,8,40,320.0,Global_Mart_Canada (캐나다),True,2026년 하반기 신규 데이터 동기화 검수 완료 (표준 상품명 정규화 완료)
Export_Packaging_Work_Log_202605_09.csv,1,2026-07,2026-07-28,12.0,18,썬 핫 스파이시,,12,60,720.0,Global_Mart_Canada (캐나다),True,2026년 하반기 신규 데이터 동기화 검수 완료 (표준 상품명 정규화 완료)
Export_Packaging_Work_Log_202605_09.csv,1,2026-07,2026-07-28,12.0,19,밀싹보리차,1.5,12,120,1440.0,팔라마,True,2026년 하반기 신규 데이터 동기화 검수 완료 (표준 상품명 정규화 완료)
Export_Packaging_Work_Log_202605_09.csv,1,2026-07,2026-07-28,12.0,20,밀싹보리차,500,20,60,1200.0,팔라마,True,2026년 하반기 신규 데이터 동기화 검수 완료 (표준 상품명 정규화 완료)
Export_Packaging_Work_Log_202605_09.csv,1,2026-07,2026-07-28,12.0,21,물엿,,6,50,300.0,팔라마,True,2026년 하반기 신규 데이터 동기화 검수 완료 (표준 상품명 정규화 완료)
Export_Packaging_Work_Log_202605_09.csv,1,2026-07,2026-07-28,12.0,22,계란과자,,20,30,600.0,해태오크라,True,2026년 하반기 신규 데이터 동기화 검수 완료 (표준 상품명 정규화 완료)
Export_Packaging_Work_Log_202605_09.csv,1,2026-07,2026-07-28,12.0,23,구운 감자,,10,30,300.0,해태오크라,True,2026년 하반기 신규 데이터 동기화 검수 완료 (표준 상품명 정규화 완료)
Export_Packaging_Work_Log_202605_09.csv,1,2026-07,2026-07-28,12.0,24,롤리폴리,,24,20,480.0,해태오크라,True,2026년 하반기 신규 데이터 동기화 검수 완료 (표준 상품명 정규화 완료)
Export_Packaging_Work_Log_202605_09.csv,1,2026-07,2026-07-28,12.0,25,사브레,,24,20,480.0,해태오크라,True,2026년 하반기 신규 데이터 동기화 검수 완료 (표준 상품명 정규화 완료)
Export_Packaging_Work_Log_202605_09.csv,1,2026-07,2026-07-28,12.0,26,알사탕,,16,20,320.0,해태오크라,True,2026년 하반기 신규 데이터 동기화 검수 완료 (표준 상품명 정규화 완료)
Export_Packaging_Work_Log_202605_09.csv,1,2026-07,2026-07-28,12.0,27,에이스,,30,50,1500.0,해태오크라,True,2026년 하반기 신규 데이터 동기화 검수 완료 (표준 상품명 정규화 완료)
Export_Packaging_Work_Log_202605_09.csv,1,2026-07,2026-07-28,12.0,28,오예스쿠키앤크림,,10,20,200.0,해태오크라,True,2026년 하반기 신규 데이터 동기화 검수 완료 (표준 상품명 정규화 완료)
Export_Packaging_Work_Log_202605_09.csv,1,2026-07,2026-07-28,12.0,29,자두캔디,,16,30,480.0,해태오크라,True,2026년 하반기 신규 데이터 동기화 검수 완료 (표준 상품명 정규화 완료)
Export_Packaging_Work_Log_202605_09.csv,1,2026-07,2026-07-28,12.0,30,후렌치파이 사과,,12,30,360.0,해태오크라,True,2026년 하반기 신규 데이터 동기화 검수 완료 (표준 상품명 정규화 완료)
Export_Packaging_Work_Log_202605_09.csv,1,2026-07,2026-07-28,12.0,31,칼로리 바란스 치즈,,30,20,600.0,해태오크라,True,2026년 하반기 신규 데이터 동기화 검수 완료 (표준 상품명 정규화 완료)
Export_Packaging_Work_Log_202605_09.csv,1,2026-07,2026-07-28,12.0,32,자유시간,,144,10,1440.0,해태오크라,True,2026년 하반기 신규 데이터 동기화 검수 완료 (표준 상품명 정규화 완료)
Export_Packaging_Work_Log_202605_09.csv,1,2026-07,2026-07-28,12.0,33,버터링골드,,24,30,720.0,해태오크라,True,2026년 하반기 신규 데이터 동기화 검수 완료 (표준 상품명 정규화 완료)
Export_Packaging_Work_Log_202605_09.csv,1,2026-07,2026-07-28,12.0,34,사루비아,,24,20,480.0,해태오크라,True,2026년 하반기 신규 데이터 동기화 검수 완료 (표준 상품명 정규화 완료)
Export_Packaging_Work_Log_202605_09.csv,1,2026-07,2026-07-28,12.0,35,신쫄이 딸기맛,,120,135,16200.0,Central_Asia_Logistics (몽골),True,2026년 하반기 신규 데이터 동기화 검수 완료 (표준 상품명 정규화 완료)
Export_Packaging_Work_Log_202605_09.csv,1,2026-07,2026-07-28,12.0,36,아몬드빼빼로,,40,13,520.0,Euro_PanAsia (오스트리아),True,2026년 하반기 신규 데이터 동기화 검수 완료 (표준 상품명 정규화 완료)
Export_Packaging_Work_Log_202605_09.csv,1,2026-07,2026-07-28,12.0,37,box (외포장 라벨링),1,1,1307,1307.0,외포장 박스 작업,True,2026년 하반기 신규 데이터 동기화 검수 완료 (표준 상품명 정규화 완료)
Export_Packaging_Work_Log_202605_09.csv,1,2026-07,2026-07-29,12.0,1,신쫄이 딸기맛,24,120,50,6000.0,Central_Asia_Logistics (몽골),True,2026년 하반기 신규 데이터 동기화 검수 완료 (표준 상품명 정규화 완료)
Export_Packaging_Work_Log_202605_09.csv,1,2026-07,2026-07-29,12.0,2,아몬드빼빼로,32,40,60,2400.0,Euro_PanAsia (오스트리아),True,2026년 하반기 신규 데이터 동기화 검수 완료 (표준 상품명 정규화 완료)
Export_Packaging_Work_Log_202605_09.csv,1,2026-07,2026-07-29,12.0,3,자두캔디,130,16,20,320.0,팔라마,True,2026년 하반기 신규 데이터 동기화 검수 완료 (표준 상품명 정규화 완료)
Export_Packaging_Work_Log_202605_09.csv,1,2026-07,2026-07-29,12.0,4,오사쯔,60,16,20,320.0,팔라마,True,2026년 하반기 신규 데이터 동기화 검수 완료 (표준 상품명 정규화 완료)
Export_Packaging_Work_Log_202605_09.csv,1,2026-07,2026-07-29,12.0,5,구운 양파,60,16,20,320.0,팔라마,True,2026년 하반기 신규 데이터 동기화 검수 완료 (표준 상품명 정규화 완료)
Export_Packaging_Work_Log_202605_09.csv,1,2026-07,2026-07-29,12.0,6,후렌치파이 딸기,192,12,20,240.0,팔라마,True,2026년 하반기 신규 데이터 동기화 검수 완료 (표준 상품명 정규화 완료)
Export_Packaging_Work_Log_202605_09.csv,1,2026-07,2026-07-29,12.0,7,후렌치파이 사과,192,12,20,240.0,팔라마,True,2026년 하반기 신규 데이터 동기화 검수 완료 (표준 상품명 정규화 완료)
Export_Packaging_Work_Log_202605_09.csv,1,2026-07,2026-07-29,12.0,8,에이스,121,30,20,600.0,팔라마,True,2026년 하반기 신규 데이터 동기화 검수 완료 (표준 상품명 정규화 완료)
Export_Packaging_Work_Log_202605_09.csv,1,2026-07,2026-07-29,12.0,9,맛동산,90,20,30,600.0,팔라마,True,2026년 하반기 신규 데이터 동기화 검수 완료 (표준 상품명 정규화 완료)
Export_Packaging_Work_Log_202605_09.csv,1,2026-07,2026-07-29,12.0,10,홈런볼지컵,51,24,20,480.0,팔라마,True,2026년 하반기 신규 데이터 동기화 검수 완료 (표준 상품명 정규화 완료)
Export_Packaging_Work_Log_202605_09.csv,1,2026-07,2026-07-29,12.0,11,에이스씬에스프레소,145,16,20,320.0,팔라마,True,2026년 하반기 신규 데이터 동기화 검수 완료 (표준 상품명 정규화 완료)
Export_Packaging_Work_Log_202605_09.csv,1,2026-07,2026-07-29,12.0,12,구운 감자,27,30,440,13200.0,팔라마,True,2026년 하반기 신규 데이터 동기화 검수 완료 (표준 상품명 정규화 완료)
Export_Packaging_Work_Log_202605_09.csv,1,2026-07,2026-07-29,12.0,13,버터와플,135,12,30,360.0,팔라마,True,2026년 하반기 신규 데이터 동기화 검수 완료 (표준 상품명 정규화 완료)
Export_Packaging_Work_Log_202605_09.csv,1,2026-07,2026-07-29,12.0,14,산도딸기,161,12,20,240.0,팔라마,True,2026년 하반기 신규 데이터 동기화 검수 완료 (표준 상품명 정규화 완료)
Export_Packaging_Work_Log_202605_09.csv,1,2026-07,2026-07-29,12.0,15,쿠크다스 화이트,128,18,20,360.0,팔라마,True,2026년 하반기 신규 데이터 동기화 검수 완료 (표준 상품명 정규화 완료)
Export_Packaging_Work_Log_202605_09.csv,1,2026-07,2026-07-29,12.0,16,쿠크다스커피,128,18,20,360.0,팔라마,True,2026년 하반기 신규 데이터 동기화 검수 완료 (표준 상품명 정규화 완료)
Export_Packaging_Work_Log_202605_09.csv,1,2026-07,2026-07-29,12.0,17,산도크림,161,12,20,240.0,팔라마,True,2026년 하반기 신규 데이터 동기화 검수 완료 (표준 상품명 정규화 완료)
Export_Packaging_Work_Log_202605_09.csv,1,2026-07,2026-07-29,12.0,18,초코하임,142,20,20,400.0,팔라마,True,2026년 하반기 신규 데이터 동기화 검수 완료 (표준 상품명 정규화 완료)
Export_Packaging_Work_Log_202605_09.csv,1,2026-07,2026-07-29,12.0,19,화이트 하임,142,20,20,400.0,팔라마,True,2026년 하반기 신규 데이터 동기화 검수 완료 (표준 상품명 정규화 완료)
Export_Packaging_Work_Log_202605_09.csv,1,2026-07,2026-07-29,12.0,20,맛동산,300,8,207,1656.0,팔라마,True,2026년 하반기 신규 데이터 동기화 검수 완료 (표준 상품명 정규화 완료)
Export_Packaging_Work_Log_202605_09.csv,1,2026-07,2026-07-29,12.0,21,구운나초케이스,104,12,50,600.0,K-Mart_Canada (캐나다),True,2026년 하반기 신규 데이터 동기화 검수 완료 (표준 상품명 정규화 완료)
Export_Packaging_Work_Log_202605_09.csv,1,2026-07,2026-07-29,12.0,22,구운 나초,130,10,50,500.0,K-Mart_Canada (캐나다),True,2026년 하반기 신규 데이터 동기화 검수 완료 (표준 상품명 정규화 완료)
Export_Packaging_Work_Log_202605_09.csv,1,2026-07,2026-07-29,12.0,23,허니버터 메이플,60,16,50,800.0,K-Mart_Canada (캐나다),True,2026년 하반기 신규 데이터 동기화 검수 완료 (표준 상품명 정규화 완료)
Export_Packaging_Work_Log_202605_09.csv,1,2026-07,2026-07-29,12.0,24,허니버터 프로마쥬블랑,60,16,50,800.0,K-Mart_Canada (캐나다),True,2026년 하반기 신규 데이터 동기화 검수 완료 (표준 상품명 정규화 완료)
Export_Packaging_Work_Log_202605_09.csv,1,2026-07,2026-07-29,12.0,25,자가비케첩맛,45,12,50,600.0,K-Mart_Canada (캐나다),True,2026년 하반기 신규 데이터 동기화 검수 완료 (표준 상품명 정규화 완료)
Export_Packaging_Work_Log_202605_09.csv,1,2026-07,2026-07-29,12.0,26,자가비짭짤한맛,45,12,50,600.0,K-Mart_Canada (캐나다),True,2026년 하반기 신규 데이터 동기화 검수 완료 (표준 상품명 정규화 완료)
Export_Packaging_Work_Log_202605_09.csv,1,2026-07,2026-07-29,12.0,27,오예스미니크림소다맛,192,12,30,360.0,K-Mart_Canada (캐나다),True,2026년 하반기 신규 데이터 동기화 검수 완료 (표준 상품명 정규화 완료)
Export_Packaging_Work_Log_202605_09.csv,1,2026-07,2026-07-29,12.0,28,샌드에이스 우유크림,51,24,50,1200.0,K-Mart_Canada (캐나다),True,2026년 하반기 신규 데이터 동기화 검수 완료 (표준 상품명 정규화 완료)
Export_Packaging_Work_Log_202605_09.csv,1,2026-07,2026-07-29,12.0,29,신당동신떡볶이,230,12,120,1440.0,K-Mart_Canada (캐나다),True,2026년 하반기 신규 데이터 동기화 검수 완료 (표준 상품명 정규화 완료)
Export_Packaging_Work_Log_202605_09.csv,1,2026-07,2026-07-29,12.0,30,자가비짭짤한맛,90,12,50,600.0,K-Mart_Canada (캐나다),True,2026년 하반기 신규 데이터 동기화 검수 완료 (표준 상품명 정규화 완료)
Export_Packaging_Work_Log_202605_09.csv,1,2026-07,2026-07-29,12.0,31,신당동신떡볶이,110,16,50,800.0,K-Mart_Canada (캐나다),True,2026년 하반기 신규 데이터 동기화 검수 완료 (표준 상품명 정규화 완료)
Export_Packaging_Work_Log_202605_09.csv,1,2026-07,2026-07-29,12.0,32,NEW칸츄리콘,150,10,50,500.0,K-Mart_Canada (캐나다),True,2026년 하반기 신규 데이터 동기화 검수 완료 (표준 상품명 정규화 완료)
Export_Packaging_Work_Log_202605_09.csv,1,2026-07,2026-07-29,12.0,33,NEW칸츄리콘,90,16,50,800.0,K-Mart_Canada (캐나다),True,2026년 하반기 신규 데이터 동기화 검수 완료 (표준 상품명 정규화 완료)
Export_Packaging_Work_Log_202605_09.csv,1,2026-07,2026-07-29,12.0,34,구운 양파,110,12,50,600.0,K-Mart_Canada (캐나다),True,2026년 하반기 신규 데이터 동기화 검수 완료 (표준 상품명 정규화 완료)
Export_Packaging_Work_Log_202605_09.csv,1,2026-07,2026-07-29,12.0,35,허니버터콰트로치즈맛,96,12,50,600.0,K-Mart_Canada (캐나다),True,2026년 하반기 신규 데이터 동기화 검수 완료 (표준 상품명 정규화 완료)
Export_Packaging_Work_Log_202605_09.csv,1,2026-07,2026-07-29,12.0,36,허니버터칩,100,12,120,1440.0,K-Mart_Canada (캐나다),True,2026년 하반기 신규 데이터 동기화 검수 완료 (표준 상품명 정규화 완료)
Export_Packaging_Work_Log_202605_09.csv,1,2026-07,2026-07-29,12.0,37,오사쯔,100,10,50,500.0,K-Mart_Canada (캐나다),True,2026년 하반기 신규 데이터 동기화 검수 완료 (표준 상품명 정규화 완료)
Export_Packaging_Work_Log_202605_09.csv,1,2026-07,2026-07-29,12.0,38,초코픽,45,24,30,720.0,K-Mart_Canada (캐나다),True,2026년 하반기 신규 데이터 동기화 검수 완료 (표준 상품명 정규화 완료)
Export_Packaging_Work_Log_202605_09.csv,1,2026-07,2026-07-29,12.0,39,초코픽,45,24,50,1200.0,K-Mart_Canada (캐나다),True,2026년 하반기 신규 데이터 동기화 검수 완료 (표준 상품명 정규화 완료)
Export_Packaging_Work_Log_202605_09.csv,1,2026-07,2026-07-29,12.0,40,아이비아몬드크래커,178,10,50,500.0,K-Mart_Canada (캐나다),True,2026년 하반기 신규 데이터 동기화 검수 완료 (표준 상품명 정규화 완료)
Export_Packaging_Work_Log_202605_09.csv,1,2026-07,2026-07-29,12.0,41,아이비아몬드크래커,309,10,50,500.0,K-Mart_Canada (캐나다),True,2026년 하반기 신규 데이터 동기화 검수 완료 (표준 상품명 정규화 완료)
Export_Packaging_Work_Log_202605_09.csv,1,2026-07,2026-07-29,12.0,42,아이비아몬드크래커,155,20,50,1000.0,K-Mart_Canada (캐나다),True,2026년 하반기 신규 데이터 동기화 검수 완료 (표준 상품명 정규화 완료)
Export_Packaging_Work_Log_202605_09.csv,1,2026-07,2026-07-29,12.0,43,구운 고구마,135,10,50,500.0,K-Mart_Canada (캐나다),True,2026년 하반기 신규 데이터 동기화 검수 완료 (표준 상품명 정규화 완료)
Export_Packaging_Work_Log_202605_09.csv,1,2026-07,2026-07-29,12.0,44,구운 고구마,108,12,50,600.0,K-Mart_Canada (캐나다),True,2026년 하반기 신규 데이터 동기화 검수 완료 (표준 상품명 정규화 완료)
Export_Packaging_Work_Log_202605_09.csv,1,2026-07,2026-07-29,12.0,45,샌드에이스 우유크림,204,12,80,960.0,K-Mart_Canada (캐나다),True,2026년 하반기 신규 데이터 동기화 검수 완료 (표준 상품명 정규화 완료)
Export_Packaging_Work_Log_202605_09.csv,1,2026-07,2026-07-29,12.0,46,에이스 바스크 치즈,364,10,30,300.0,K-Mart_Canada (캐나다),True,2026년 하반기 신규 데이터 동기화 검수 완료 (표준 상품명 정규화 완료)
Export_Packaging_Work_Log_202605_09.csv,1,2026-07,2026-07-29,12.0,47,에이스,364,10,200,2000.0,K-Mart_Canada (캐나다),True,2026년 하반기 신규 데이터 동기화 검수 완료 (표준 상품명 정규화 완료)
Export_Packaging_Work_Log_202605_09.csv,1,2026-07,2026-07-29,12.0,48,에이스,121,30,50,1500.0,K-Mart_Canada (캐나다),True,2026년 하반기 신규 데이터 동기화 검수 완료 (표준 상품명 정규화 완료)
Export_Packaging_Work_Log_202605_09.csv,1,2026-07,2026-07-29,12.0,49,홈런볼옥수수소프트콘맛,44,30,50,1500.0,K-Mart_Canada (캐나다),True,2026년 하반기 신규 데이터 동기화 검수 완료 (표준 상품명 정규화 완료)
Export_Packaging_Work_Log_202605_09.csv,1,2026-07,2026-07-29,12.0,50,쌀대롱,280,12,30,360.0,팔라마,True,2026년 하반기 신규 데이터 동기화 검수 완료 (표준 상품명 정규화 완료)
Export_Packaging_Work_Log_202605_09.csv,1,2026-07,2026-07-29,12.0,51,오리지널꽈배기,285,12,30,360.0,팔라마,True,2026년 하반기 신규 데이터 동기화 검수 완료 (표준 상품명 정규화 완료)
Export_Packaging_Work_Log_202605_09.csv,1,2026-07,2026-07-29,12.0,52,홈런볼 초코,46,30,21,630.0,K-Mart_Canada (캐나다),True,2026년 하반기 신규 데이터 동기화 검수 완료 (표준 상품명 정규화 완료)
Export_Packaging_Work_Log_202605_09.csv,1,2026-07,2026-07-29,12.0,53,캐)허니버터칩,60,16,224,3584.0,K-Mart_Canada (캐나다),True,2026년 하반기 신규 데이터 동기화 검수 완료 (표준 상품명 정규화 완료)
Export_Packaging_Work_Log_202605_09.csv,1,2026-07,2026-07-29,12.0,54,box (외포장 라벨링),1,1,60,60.0,외포장 박스 작업,True,2026년 하반기 신규 데이터 동기화 검수 완료 (표준 상품명 정규화 완료)
Export_Packaging_Work_Log_202605_09.csv,1,2026-07,2026-07-30,12.0,1,홈런볼 초코,46,30,29,870.0,K-Mart_Canada (캐나다),True,2026년 하반기 신규 데이터 동기화 검수 완료 (표준 상품명 정규화 완료)
Export_Packaging_Work_Log_202605_09.csv,1,2026-07,2026-07-30,12.0,2,사브레,252,12,30,360.0,K-Mart_Canada (캐나다),True,2026년 하반기 신규 데이터 동기화 검수 완료 (표준 상품명 정규화 완료)
Export_Packaging_Work_Log_202605_09.csv,1,2026-07,2026-07-30,12.0,3,롤리폴리,196,10,30,300.0,K-Mart_Canada (캐나다),True,2026년 하반기 신규 데이터 동기화 검수 완료 (표준 상품명 정규화 완료)
Export_Packaging_Work_Log_202605_09.csv,1,2026-07,2026-07-30,12.0,4,롤리폴리,62,24,30,720.0,K-Mart_Canada (캐나다),True,2026년 하반기 신규 데이터 동기화 검수 완료 (표준 상품명 정규화 완료)
Export_Packaging_Work_Log_202605_09.csv,1,2026-07,2026-07-30,12.0,5,홈런볼 소금우유,49,30,50,1500.0,K-Mart_Canada (캐나다),True,2026년 하반기 신규 데이터 동기화 검수 완료 (표준 상품명 정규화 완료)
Export_Packaging_Work_Log_202605_09.csv,1,2026-07,2026-07-30,12.0,6,구운 감자,135,10,50,500.0,K-Mart_Canada (캐나다),True,2026년 하반기 신규 데이터 동기화 검수 완료 (표준 상품명 정규화 완료)
Export_Packaging_Work_Log_202605_09.csv,1,2026-07,2026-07-30,12.0,7,구운 감자 케이스,108,12,50,600.0,K-Mart_Canada (캐나다),True,2026년 하반기 신규 데이터 동기화 검수 완료 (표준 상품명 정규화 완료)
Export_Packaging_Work_Log_202605_09.csv,1,2026-07,2026-07-30,12.0,8,초코빼빼로,47,40,50,2000.0,Pacific_Islands (피지),True,2026년 하반기 신규 데이터 동기화 검수 완료 (표준 상품명 정규화 완료)
Export_Packaging_Work_Log_202605_09.csv,1,2026-07,2026-07-30,12.0,9,화이트빼빼로,32,40,100,4000.0,Pacific_Islands (피지),True,2026년 하반기 신규 데이터 동기화 검수 완료 (표준 상품명 정규화 완료)
Export_Packaging_Work_Log_202605_09.csv,1,2026-07,2026-07-30,12.0,10,카스타드,138,12,50,600.0,Pacific_Islands (피지),True,2026년 하반기 신규 데이터 동기화 검수 완료 (표준 상품명 정규화 완료)
Export_Packaging_Work_Log_202605_09.csv,1,2026-07,2026-07-30,12.0,11,초코파이,168,16,66,1056.0,Pacific_Islands (피지),True,2026년 하반기 신규 데이터 동기화 검수 완료 (표준 상품명 정규화 완료)
Export_Packaging_Work_Log_202605_09.csv,1,2026-07,2026-07-30,12.0,12,초코파이 카카오,168,16,120,1920.0,Pacific_Islands (피지),True,2026년 하반기 신규 데이터 동기화 검수 완료 (표준 상품명 정규화 완료)
Export_Packaging_Work_Log_202605_09.csv,1,2026-07,2026-07-30,12.0,13,허니버터칩,60,16,70,1120.0,Pacific_Islands (피지),True,2026년 하반기 신규 데이터 동기화 검수 완료 (표준 상품명 정규화 완료)
Export_Packaging_Work_Log_202605_09.csv,1,2026-07,2026-07-30,12.0,14,구워만든곡물그대로21,180,16,30,480.0,Pacific_Islands (피지),True,2026년 하반기 신규 데이터 동기화 검수 완료 (표준 상품명 정규화 완료)
Export_Packaging_Work_Log_202605_09.csv,1,2026-07,2026-07-30,12.0,15,카라멜 땅콩,72,16,40,640.0,Pacific_Islands (피지),True,2026년 하반기 신규 데이터 동기화 검수 완료 (표준 상품명 정규화 완료)
Export_Packaging_Work_Log_202605_09.csv,1,2026-07,2026-07-30,12.0,16,카라멜콘 메이플,74,16,40,640.0,Pacific_Islands (피지),True,2026년 하반기 신규 데이터 동기화 검수 완료 (표준 상품명 정규화 완료)
Export_Packaging_Work_Log_202605_09.csv,1,2026-07,2026-07-30,12.0,17,꼬북칩콘스프,80,12,100,1200.0,Pacific_Islands (피지),True,2026년 하반기 신규 데이터 동기화 검수 완료 (표준 상품명 정규화 완료)
Export_Packaging_Work_Log_202605_09.csv,1,2026-07,2026-07-30,12.0,18,꼬북칩초코츄러스,160,14,50,700.0,Pacific_Islands (피지),True,2026년 하반기 신규 데이터 동기화 검수 완료 (표준 상품명 정규화 완료)
Export_Packaging_Work_Log_202605_09.csv,1,2026-07,2026-07-30,12.0,19,허니버터칩,60,16,1273,20368.0,K-Mart_Canada (캐나다),True,2026년 하반기 신규 데이터 동기화 검수 완료 (표준 상품명 정규화 완료)
Export_Packaging_Work_Log_202605_09.csv,1,2026-07,2026-07-30,12.0,20,비쵸비,125,24,29,696.0,Pacific_Islands (피지),True,2026년 하반기 신규 데이터 동기화 검수 완료 (표준 상품명 정규화 완료)
Export_Packaging_Work_Log_202605_09.csv,1,2026-07,2026-07-30,12.0,21,닥터페퍼,355,24,71,1704.0,Pacific_Islands (피지),True,2026년 하반기 신규 데이터 동기화 검수 완료 (표준 상품명 정규화 완료)
Export_Packaging_Work_Log_202605_09.csv,1,2026-07,2026-07-31,12.0,1,닥터페퍼,355,24,79,1896.0,Pacific_Islands (피지),True,2026년 하반기 신규 데이터 동기화 검수 완료 (표준 상품명 정규화 완료)
Export_Packaging_Work_Log_202605_09.csv,1,2026-07,2026-07-31,12.0,2,닥터페퍼제로,355,24,50,1200.0,Pacific_Islands (피지),True,2026년 하반기 신규 데이터 동기화 검수 완료 (표준 상품명 정규화 완료)
Export_Packaging_Work_Log_202605_09.csv,1,2026-07,2026-07-31,12.0,3,아몬드빼빼로,32,40,130,5200.0,Euro_PanAsia (독일),True,2026년 하반기 신규 데이터 동기화 검수 완료 (표준 상품명 정규화 완료)
Export_Packaging_Work_Log_202605_09.csv,1,2026-07,2026-07-31,12.0,4,화이트쿠키 빼빼로,32,40,140,5600.0,Euro_PanAsia (독일),True,2026년 하반기 신규 데이터 동기화 검수 완료 (표준 상품명 정규화 완료)
Export_Packaging_Work_Log_202605_09.csv,1,2026-07,2026-07-31,12.0,5,애니타임 블루마린,60,20,20,400.0,Euro_PanAsia (독일),True,2026년 하반기 신규 데이터 동기화 검수 완료 (표준 상품명 정규화 완료)
Export_Packaging_Work_Log_202605_09.csv,1,2026-07,2026-07-31,12.0,6,애니타임 자두 복숭아,60,20,20,400.0,Euro_PanAsia (독일),True,2026년 하반기 신규 데이터 동기화 검수 완료 (표준 상품명 정규화 완료)
Export_Packaging_Work_Log_202605_09.csv,1,2026-07,2026-07-31,12.0,7,애니타임 밀크,60,20,30,600.0,Euro_PanAsia (독일),True,2026년 하반기 신규 데이터 동기화 검수 완료 (표준 상품명 정규화 완료)
Export_Packaging_Work_Log_202605_09.csv,1,2026-07,2026-07-31,12.0,8,애니타임 레몬,60,20,30,600.0,Euro_PanAsia (독일),True,2026년 하반기 신규 데이터 동기화 검수 완료 (표준 상품명 정규화 완료)
Export_Packaging_Work_Log_202605_09.csv,1,2026-07,2026-07-31,12.0,9,말랑카우 딸기,79,20,30,600.0,Euro_PanAsia (독일),True,2026년 하반기 신규 데이터 동기화 검수 완료 (표준 상품명 정규화 완료)
Export_Packaging_Work_Log_202605_09.csv,1,2026-07,2026-07-31,12.0,10,초코쿠키 빼빼로,128,9,20,180.0,Euro_PanAsia (독일),True,2026년 하반기 신규 데이터 동기화 검수 완료 (표준 상품명 정규화 완료)
Export_Packaging_Work_Log_202605_09.csv,1,2026-07,2026-07-31,12.0,11,자일리톨알파오리지널,516,4,20,80.0,Euro_PanAsia (독일),True,2026년 하반기 신규 데이터 동기화 검수 완료 (표준 상품명 정규화 완료)
Export_Packaging_Work_Log_202605_09.csv,1,2026-07,2026-07-31,12.0,12,초코빼빼로,180,9,20,180.0,Euro_PanAsia (독일),True,2026년 하반기 신규 데이터 동기화 검수 완료 (표준 상품명 정규화 완료)
Export_Packaging_Work_Log_202605_09.csv,1,2026-07,2026-07-31,12.0,13,화이트빼빼로,128,9,60,540.0,Euro_PanAsia (독일),True,2026년 하반기 신규 데이터 동기화 검수 완료 (표준 상품명 정규화 완료)
Export_Packaging_Work_Log_202605_09.csv,1,2026-07,2026-07-31,12.0,14,몽쉘 카카오,204,16,50,800.0,Euro_PanAsia (독일),True,2026년 하반기 신규 데이터 동기화 검수 완료 (표준 상품명 정규화 완료)
Export_Packaging_Work_Log_202605_09.csv,1,2026-07,2026-07-31,12.0,15,몽쉘 오리지날,204,16,120,1920.0,Euro_PanAsia (독일),True,2026년 하반기 신규 데이터 동기화 검수 완료 (표준 상품명 정규화 완료)
Export_Packaging_Work_Log_202605_09.csv,1,2026-07,2026-07-31,12.0,16,마가렛트,176,12,30,360.0,Euro_PanAsia (독일),True,2026년 하반기 신규 데이터 동기화 검수 완료 (표준 상품명 정규화 완료)
Export_Packaging_Work_Log_202605_09.csv,1,2026-07,2026-07-31,12.0,17,칙촉,120,15,70,1050.0,Euro_PanAsia (독일),True,2026년 하반기 신규 데이터 동기화 검수 완료 (표준 상품명 정규화 완료)
Export_Packaging_Work_Log_202605_09.csv,1,2026-07,2026-07-31,12.0,18,카스타드,138,12,170,2040.0,Euro_PanAsia (독일),True,2026년 하반기 신규 데이터 동기화 검수 완료 (표준 상품명 정규화 완료)
Export_Packaging_Work_Log_202605_09.csv,1,2026-07,2026-07-31,12.0,19,초코파이,336,8,100,800.0,Pacific_Islands (피지),True,2026년 하반기 신규 데이터 동기화 검수 완료 (표준 상품명 정규화 완료)
Export_Packaging_Work_Log_202605_09.csv,1,2026-07,2026-07-31,12.0,20,칸쵸,42,32,70,2240.0,Euro_PanAsia (독일),True,2026년 하반기 신규 데이터 동기화 검수 완료 (표준 상품명 정규화 완료)
Export_Packaging_Work_Log_202605_09.csv,1,2026-07,2026-07-31,12.0,21,야채크래커,83,30,50,1500.0,Euro_PanAsia (독일),True,2026년 하반기 신규 데이터 동기화 검수 완료 (표준 상품명 정규화 완료)
Export_Packaging_Work_Log_202605_09.csv,1,2026-07,2026-07-31,12.0,22,칸쵸컵,95,15,160,2400.0,Euro_PanAsia (독일),True,2026년 하반기 신규 데이터 동기화 검수 완료 (표준 상품명 정규화 완료)
Export_Packaging_Work_Log_202605_09.csv,1,2026-07,2026-07-31,12.0,23,수박바젤리,448,4,50,200.0,Euro_PanAsia (독일),True,2026년 하반기 신규 데이터 동기화 검수 완료 (표준 상품명 정규화 완료)
Export_Packaging_Work_Log_202605_09.csv,1,2026-07,2026-07-31,12.0,24,찰떡파이인절미,1080,12,70,840.0,Euro_PanAsia (독일),True,2026년 하반기 신규 데이터 동기화 검수 완료 (표준 상품명 정규화 완료)
Export_Packaging_Work_Log_202605_09.csv,1,2026-07,2026-07-31,12.0,25,초코파이,168,16,300,4800.0,Euro_PanAsia (독일),True,2026년 하반기 신규 데이터 동기화 검수 완료 (표준 상품명 정규화 완료)
Export_Packaging_Work_Log_202605_09.csv,1,2026-07,2026-07-31,12.0,26,초코파이흑당,336,8,80,640.0,Euro_PanAsia (독일),True,2026년 하반기 신규 데이터 동기화 검수 완료 (표준 상품명 정규화 완료)
Export_Packaging_Work_Log_202605_09.csv,1,2026-07,2026-07-31,12.0,27,초코파이 바나나,336,8,120,960.0,Euro_PanAsia (독일),True,2026년 하반기 신규 데이터 동기화 검수 완료 (표준 상품명 정규화 완료)
Export_Packaging_Work_Log_202605_09.csv,1,2026-07,2026-07-31,12.0,28,초코파이 카카오,336,8,70,560.0,Euro_PanAsia (독일),True,2026년 하반기 신규 데이터 동기화 검수 완료 (표준 상품명 정규화 완료)
Export_Packaging_Work_Log_202605_09.csv,1,2026-07,2026-07-31,12.0,29,초코파이 녹차,336,8,140,1120.0,Euro_PanAsia (독일),True,2026년 하반기 신규 데이터 동기화 검수 완료 (표준 상품명 정규화 완료)
Export_Packaging_Work_Log_202605_09.csv,1,2026-07,2026-07-31,12.0,30,box (외포장 라벨링),1,1,2070,2070.0,외포장 박스 작업,True,2026년 하반기 신규 데이터 동기화 검수 완료 (표준 상품명 정규화 완료)
Export_Packaging_Work_Log_202605_09.csv,1,2026-08,2026-08-06,12.0,1,초코파이 녹차,336,8,140,1120.0,Euro_PanAsia (독일),True,2026년 하반기 신규 데이터 동기화 검수 완료 (표준 상품명 정규화 완료)
Export_Packaging_Work_Log_202605_09.csv,1,2026-08,2026-08-06,12.0,2,초코파이,336,8,300,2400.0,Euro_PanAsia (독일),True,2026년 하반기 신규 데이터 동기화 검수 완료 (표준 상품명 정규화 완료)
Export_Packaging_Work_Log_202605_09.csv,1,2026-08,2026-08-06,12.0,3,얼려먹는 초코 만들기,38,24,100,2400.0,C03,True,2026년 하반기 신규 데이터 동기화 검수 완료 (표준 상품명 정규화 완료)
Export_Packaging_Work_Log_202605_09.csv,1,2026-08,2026-08-06,12.0,4,에이스 바스크 치즈,364,10,150,1500.0,C03,True,2026년 하반기 신규 데이터 동기화 검수 완료 (표준 상품명 정규화 완료)
Export_Packaging_Work_Log_202605_09.csv,1,2026-08,2026-08-06,12.0,5,사브레,84,24,80,1920.0,C03,True,2026년 하반기 신규 데이터 동기화 검수 완료 (표준 상품명 정규화 완료)
Export_Packaging_Work_Log_202605_09.csv,1,2026-08,2026-08-06,12.0,6,크림 웨하스,50,40,50,2000.0,C03,True,2026년 하반기 신규 데이터 동기화 검수 완료 (표준 상품명 정규화 완료)
Export_Packaging_Work_Log_202605_09.csv,1,2026-08,2026-08-06,12.0,7,딸기 웨하스,50,40,50,2000.0,C03,True,2026년 하반기 신규 데이터 동기화 검수 완료 (표준 상품명 정규화 완료)
Export_Packaging_Work_Log_202605_09.csv,1,2026-08,2026-08-06,12.0,8,연양갱,500,10,50,500.0,C03,True,2026년 하반기 신규 데이터 동기화 검수 완료 (표준 상품명 정규화 완료)
Export_Packaging_Work_Log_202605_09.csv,1,2026-08,2026-08-06,12.0,9,광동비타500ZERO,100,100,50,5000.0,Global_Mart_Canada (캐나다),True,2026년 하반기 신규 데이터 동기화 검수 완료 (표준 상품명 정규화 완료)
Export_Packaging_Work_Log_202605_09.csv,1,2026-08,2026-08-06,12.0,10,광동비타500젤리,480,5,20,100.0,Global_Mart_Canada (캐나다),True,2026년 하반기 신규 데이터 동기화 검수 완료 (표준 상품명 정규화 완료)
Export_Packaging_Work_Log_202605_09.csv,1,2026-08,2026-08-06,12.0,11,비타500이온킥,250,30,40,1200.0,Global_Mart_Canada (캐나다),True,2026년 하반기 신규 데이터 동기화 검수 완료 (표준 상품명 정규화 완료)
Export_Packaging_Work_Log_202605_09.csv,1,2026-08,2026-08-06,12.0,12,비타500이온킥제로,500,20,50,1000.0,Global_Mart_Canada (캐나다),True,2026년 하반기 신규 데이터 동기화 검수 완료 (표준 상품명 정규화 완료)
Export_Packaging_Work_Log_202605_09.csv,1,2026-08,2026-08-06,12.0,13,비타500치어팩,250,30,50,1500.0,Global_Mart_Canada (캐나다),True,2026년 하반기 신규 데이터 동기화 검수 완료 (표준 상품명 정규화 완료)
Export_Packaging_Work_Log_202605_09.csv,1,2026-08,2026-08-06,12.0,14,옥수수 수염차,1.5,12,100,1200.0,Global_Mart_Canada (캐나다),True,2026년 하반기 신규 데이터 동기화 검수 완료 (표준 상품명 정규화 완료)
Export_Packaging_Work_Log_202605_09.csv,1,2026-08,2026-08-06,12.0,15,옥수수수염차라이트,500,20,50,1000.0,Global_Mart_Canada (캐나다),True,2026년 하반기 신규 데이터 동기화 검수 완료 (표준 상품명 정규화 완료)
Export_Packaging_Work_Log_202605_09.csv,1,2026-08,2026-08-06,12.0,16,진한헛개차,500,20,70,1400.0,Global_Mart_Canada (캐나다),True,2026년 하반기 신규 데이터 동기화 검수 완료 (표준 상품명 정규화 완료)
Export_Packaging_Work_Log_202605_09.csv,1,2026-08,2026-08-06,12.0,17,진한헛개차,1.5,12,60,720.0,Global_Mart_Canada (캐나다),True,2026년 하반기 신규 데이터 동기화 검수 완료 (표준 상품명 정규화 완료)
Export_Packaging_Work_Log_202605_09.csv,1,2026-08,2026-08-06,12.0,18,밀싹보리차,500,20,40,800.0,Global_Mart_Canada (캐나다),True,2026년 하반기 신규 데이터 동기화 검수 완료 (표준 상품명 정규화 완료)
Export_Packaging_Work_Log_202605_09.csv,1,2026-08,2026-08-06,12.0,19,밀싹보리차,1.5,12,40,480.0,Global_Mart_Canada (캐나다),True,2026년 하반기 신규 데이터 동기화 검수 완료 (표준 상품명 정규화 완료)
Export_Packaging_Work_Log_202605_09.csv,1,2026-08,2026-08-06,12.0,20,쌍화 골드,100,100,90,9000.0,Global_Mart_Canada (캐나다),True,2026년 하반기 신규 데이터 동기화 검수 완료 (표준 상품명 정규화 완료)
Export_Packaging_Work_Log_202605_09.csv,1,2026-08,2026-08-06,12.0,21,쌀강정,80,20,80,1600.0,Euro_PanAsia (독일),True,2026년 하반기 신규 데이터 동기화 검수 완료 (표준 상품명 정규화 완료)
Export_Packaging_Work_Log_202605_09.csv,1,2026-08,2026-08-06,12.0,22,밀강정,80,20,220,4400.0,Euro_PanAsia (독일),True,2026년 하반기 신규 데이터 동기화 검수 완료 (표준 상품명 정규화 완료)
Export_Packaging_Work_Log_202605_09.csv,1,2026-08,2026-08-06,12.0,23,쌀대롱,220,16,40,640.0,Euro_PanAsia (독일),True,2026년 하반기 신규 데이터 동기화 검수 완료 (표준 상품명 정규화 완료)
Export_Packaging_Work_Log_202605_09.csv,1,2026-08,2026-08-06,12.0,24,김부각맛칩,120,16,10,160.0,Euro_PanAsia (독일),True,2026년 하반기 신규 데이터 동기화 검수 완료 (표준 상품명 정규화 완료)
Export_Packaging_Work_Log_202605_09.csv,1,2026-08,2026-08-06,12.0,25,새콤달콤 딸기,435,6,80,480.0,Euro_PanAsia (독일),True,2026년 하반기 신규 데이터 동기화 검수 완료 (표준 상품명 정규화 완료)
Export_Packaging_Work_Log_202605_09.csv,1,2026-08,2026-08-06,12.0,26,새콤달콤포도,435,6,60,360.0,Euro_PanAsia (독일),True,2026년 하반기 신규 데이터 동기화 검수 완료 (표준 상품명 정규화 완료)
Export_Packaging_Work_Log_202605_09.csv,1,2026-08,2026-08-06,12.0,27,마이쮸 사과,660,8,60,480.0,Euro_PanAsia (독일),True,2026년 하반기 신규 데이터 동기화 검수 완료 (표준 상품명 정규화 완료)
Export_Packaging_Work_Log_202605_09.csv,1,2026-08,2026-08-06,12.0,28,마이쮸 딸기,660,8,20,160.0,Euro_PanAsia (독일),True,2026년 하반기 신규 데이터 동기화 검수 완료 (표준 상품명 정규화 완료)
Export_Packaging_Work_Log_202605_09.csv,1,2026-08,2026-08-06,12.0,29,마이쮸 포도,660,8,30,240.0,Euro_PanAsia (독일),True,2026년 하반기 신규 데이터 동기화 검수 완료 (표준 상품명 정규화 완료)
Export_Packaging_Work_Log_202605_09.csv,1,2026-08,2026-08-06,12.0,30,참쌀선과,115,20,50,1000.0,Euro_PanAsia (독일),True,2026년 하반기 신규 데이터 동기화 검수 완료 (표준 상품명 정규화 완료)
Export_Packaging_Work_Log_202605_09.csv,1,2026-08,2026-08-06,12.0,31,참쌀설병,128,20,50,1000.0,Euro_PanAsia (독일),True,2026년 하반기 신규 데이터 동기화 검수 완료 (표준 상품명 정규화 완료)
Export_Packaging_Work_Log_202605_09.csv,1,2026-08,2026-08-06,12.0,32,화이트 하임,47,21,50,1050.0,Euro_PanAsia (독일),True,2026년 하반기 신규 데이터 동기화 검수 완료 (표준 상품명 정규화 완료)
Export_Packaging_Work_Log_202605_09.csv,1,2026-08,2026-08-06,12.0,33,box (외포장 라벨링),1,1,1190,1190.0,외포장 박스 작업,True,2026년 하반기 신규 데이터 동기화 검수 완료 (표준 상품명 정규화 완료)
Export_Packaging_Work_Log_202605_09.csv,1,2026-08,2026-08-07,12.0,1,초코하임,47,21,80,1680.0,Euro_PanAsia (독일),True,2026년 하반기 신규 데이터 동기화 검수 완료 (표준 상품명 정규화 완료)
Export_Packaging_Work_Log_202605_09.csv,1,2026-08,2026-08-07,12.0,2,땅콩카라멜,120,20,30,600.0,Euro_PanAsia (독일),True,2026년 하반기 신규 데이터 동기화 검수 완료 (표준 상품명 정규화 완료)
Export_Packaging_Work_Log_202605_09.csv,1,2026-08,2026-08-07,12.0,3,쿠크다스 화이트,77,21,60,1260.0,Euro_PanAsia (독일),True,2026년 하반기 신규 데이터 동기화 검수 완료 (표준 상품명 정규화 완료)
Export_Packaging_Work_Log_202605_09.csv,1,2026-08,2026-08-07,12.0,4,산도딸기,161,12,100,1200.0,Euro_PanAsia (독일),True,2026년 하반기 신규 데이터 동기화 검수 완료 (표준 상품명 정규화 완료)
Export_Packaging_Work_Log_202605_09.csv,1,2026-08,2026-08-07,12.0,5,죠리퐁,74,16,20,320.0,Euro_PanAsia (독일),True,2026년 하반기 신규 데이터 동기화 검수 완료 (표준 상품명 정규화 완료)
Export_Packaging_Work_Log_202605_09.csv,1,2026-08,2026-08-07,12.0,6,콘칩,70,16,80,1280.0,Euro_PanAsia (독일),True,2026년 하반기 신규 데이터 동기화 검수 완료 (표준 상품명 정규화 완료)
Export_Packaging_Work_Log_202605_09.csv,1,2026-08,2026-08-07,12.0,7,카라멜콘 메이플,74,16,80,1280.0,Euro_PanAsia (독일),True,2026년 하반기 신규 데이터 동기화 검수 완료 (표준 상품명 정규화 완료)
Export_Packaging_Work_Log_202605_09.csv,1,2026-08,2026-08-07,12.0,8,신짱,120,16,60,960.0,Euro_PanAsia (독일),True,2026년 하반기 신규 데이터 동기화 검수 완료 (표준 상품명 정규화 완료)
Export_Packaging_Work_Log_202605_09.csv,1,2026-08,2026-08-07,12.0,9,콘치 크림치즈,66,18,50,900.0,Euro_PanAsia (독일),True,2026년 하반기 신규 데이터 동기화 검수 완료 (표준 상품명 정규화 완료)
Export_Packaging_Work_Log_202605_09.csv,1,2026-08,2026-08-07,12.0,10,오예스쿠키앤크림,360,10,20,200.0,Euro_PanAsia (독일),True,2026년 하반기 신규 데이터 동기화 검수 완료 (표준 상품명 정규화 완료)
Export_Packaging_Work_Log_202605_09.csv,1,2026-08,2026-08-07,12.0,11,오예스,360,10,30,300.0,Euro_PanAsia (독일),True,2026년 하반기 신규 데이터 동기화 검수 완료 (표준 상품명 정규화 완료)
Export_Packaging_Work_Log_202605_09.csv,1,2026-08,2026-08-07,12.0,12,사브레,84,24,30,720.0,Euro_PanAsia (독일),True,2026년 하반기 신규 데이터 동기화 검수 완료 (표준 상품명 정규화 완료)
Export_Packaging_Work_Log_202605_09.csv,1,2026-08,2026-08-07,12.0,13,허니버터칩,60,16,60,960.0,Euro_PanAsia (독일),True,2026년 하반기 신규 데이터 동기화 검수 완료 (표준 상품명 정규화 완료)
Export_Packaging_Work_Log_202605_09.csv,1,2026-08,2026-08-07,12.0,14,얼려먹는 초코 만들기,36,24,40,960.0,Euro_PanAsia (독일),True,2026년 하반기 신규 데이터 동기화 검수 완료 (표준 상품명 정규화 완료)
Export_Packaging_Work_Log_202605_09.csv,1,2026-08,2026-08-07,12.0,15,초코픽,45,24,50,1200.0,Euro_PanAsia (독일),True,2026년 하반기 신규 데이터 동기화 검수 완료 (표준 상품명 정규화 완료)
Export_Packaging_Work_Log_202605_09.csv,1,2026-08,2026-08-07,12.0,16,후렌치파이 사과,192,12,40,480.0,Euro_PanAsia (독일),True,2026년 하반기 신규 데이터 동기화 검수 완료 (표준 상품명 정규화 완료)
Export_Packaging_Work_Log_202605_09.csv,1,2026-08,2026-08-07,12.0,17,알사탕,126,16,10,160.0,Euro_PanAsia (독일),True,2026년 하반기 신규 데이터 동기화 검수 완료 (표준 상품명 정규화 완료)
Export_Packaging_Work_Log_202605_09.csv,1,2026-08,2026-08-07,12.0,18,자두캔디,130,16,10,160.0,Euro_PanAsia (독일),True,2026년 하반기 신규 데이터 동기화 검수 완료 (표준 상품명 정규화 완료)
Export_Packaging_Work_Log_202605_09.csv,1,2026-08,2026-08-07,12.0,19,후렌치파이 딸기,192,12,50,600.0,Euro_PanAsia (독일),True,2026년 하반기 신규 데이터 동기화 검수 완료 (표준 상품명 정규화 완료)
Export_Packaging_Work_Log_202605_09.csv,1,2026-08,2026-08-07,12.0,20,버터링골드,65,24,40,960.0,Euro_PanAsia (독일),True,2026년 하반기 신규 데이터 동기화 검수 완료 (표준 상품명 정규화 완료)
Export_Packaging_Work_Log_202605_09.csv,1,2026-08,2026-08-07,12.0,21,롤리폴리,62,24,50,1200.0,Euro_PanAsia (독일),True,2026년 하반기 신규 데이터 동기화 검수 완료 (표준 상품명 정규화 완료)
Export_Packaging_Work_Log_202605_09.csv,1,2026-08,2026-08-07,12.0,22,홈런볼초코(지컵),51,24,40,960.0,Euro_PanAsia (독일),True,2026년 하반기 신규 데이터 동기화 검수 완료 (표준 상품명 정규화 완료)
Export_Packaging_Work_Log_202605_09.csv,1,2026-08,2026-08-07,12.0,23,홈런볼 초코,46,30,70,2100.0,Euro_PanAsia (독일),True,2026년 하반기 신규 데이터 동기화 검수 완료 (표준 상품명 정규화 완료)
Export_Packaging_Work_Log_202605_09.csv,1,2026-08,2026-08-07,12.0,24,에이스,121,30,20,600.0,Euro_PanAsia (독일),True,2026년 하반기 신규 데이터 동기화 검수 완료 (표준 상품명 정규화 완료)
Export_Packaging_Work_Log_202605_09.csv,1,2026-08,2026-08-07,12.0,25,연양갱,1100,4,20,80.0,Euro_PanAsia (독일),True,2026년 하반기 신규 데이터 동기화 검수 완료 (표준 상품명 정규화 완료)
Export_Packaging_Work_Log_202605_09.csv,1,2026-08,2026-08-07,12.0,26,구운 감자 케이스,108,12,100,1200.0,C03,True,2026년 하반기 신규 데이터 동기화 검수 완료 (표준 상품명 정규화 완료)
Export_Packaging_Work_Log_202605_09.csv,1,2026-08,2026-08-07,12.0,27,구운 감자,27,30,120,3600.0,Euro_PanAsia (독일),True,2026년 하반기 신규 데이터 동기화 검수 완료 (표준 상품명 정규화 완료)
Export_Packaging_Work_Log_202605_09.csv,1,2026-08,2026-08-07,12.0,28,자두캔디,130,16,100,1600.0,C03,True,2026년 하반기 신규 데이터 동기화 검수 완료 (표준 상품명 정규화 완료)
Export_Packaging_Work_Log_202605_09.csv,1,2026-08,2026-08-07,12.0,29,The 빠새,100,10,100,1000.0,C03,True,2026년 하반기 신규 데이터 동기화 검수 완료 (표준 상품명 정규화 완료)
Export_Packaging_Work_Log_202605_09.csv,1,2026-08,2026-08-07,12.0,30,오사쯔,100,10,100,1000.0,C03,True,2026년 하반기 신규 데이터 동기화 검수 완료 (표준 상품명 정규화 완료)
Export_Packaging_Work_Log_202605_09.csv,1,2026-08,2026-08-07,12.0,31,캐나다용 초코필드 빼빼로,40,40,144,576.0,4110(캐나다),True,2026년 하반기 신규 데이터 동기화 검수 완료 (표준 상품명 정규화 완료)
Export_Packaging_Work_Log_202605_09.csv,1,2026-08,2026-08-07,12.0,32,캐나다용화이트뻬빼로,40,40,144,576.0,4110(캐나다),True,2026년 하반기 신규 데이터 동기화 검수 완료 (표준 상품명 정규화 완료)
Export_Packaging_Work_Log_202605_09.csv,1,2026-08,2026-08-07,12.0,33,캐나다용아몬드뺴빼로,40,40,164,656.0,4110(캐나다),True,2026년 하반기 신규 데이터 동기화 검수 완료 (표준 상품명 정규화 완료)
Export_Packaging_Work_Log_202605_09.csv,1,2026-08,2026-08-07,12.0,34,box (외포장 라벨링),1,1,1712,1712.0,외포장 박스 작업,True,2026년 하반기 신규 데이터 동기화 검수 완료 (표준 상품명 정규화 완료)
Export_Packaging_Work_Log_202605_09.csv,1,2026-08,2026-08-10,12.0,1,캐나다용 아몬드 빼빼로,32,40,844,3376.0,4110(캐나다),True,2026년 하반기 신규 데이터 동기화 검수 완료 (표준 상품명 정규화 완료)
Export_Packaging_Work_Log_202605_09.csv,1,2026-08,2026-08-10,12.0,2,초코빼빼로,47,40,353,28240.0,4110(캐나다),True,2026년 하반기 신규 데이터 동기화 검수 완료 (표준 상품명 정규화 완료)
Export_Packaging_Work_Log_202605_09.csv,1,2026-08,2026-08-10,12.0,3,몽쉘 오리지날,204,16,100,1600.0,4110(캐나다),True,2026년 하반기 신규 데이터 동기화 검수 완료 (표준 상품명 정규화 완료)
Export_Packaging_Work_Log_202605_09.csv,1,2026-08,2026-08-10,12.0,4,스노위아몬드빼빼로,32,40,144,11520.0,3850(캐나다),True,2026년 하반기 신규 데이터 동기화 검수 완료 (표준 상품명 정규화 완료)
Export_Packaging_Work_Log_202605_09.csv,1,2026-08,2026-08-10,12.0,5,캐나다용 딸기 빼빼로,32,40,288,1152.0,3850(캐나다),True,2026년 하반기 신규 데이터 동기화 검수 완료 (표준 상품명 정규화 완료)
Export_Packaging_Work_Log_202605_09.csv,1,2026-08,2026-08-10,12.0,6,캐나다용 초코필드 빼빼로,45,40,72,288.0,3850(캐나다),True,2026년 하반기 신규 데이터 동기화 검수 완료 (표준 상품명 정규화 완료)
Export_Packaging_Work_Log_202605_09.csv,1,2026-08,2026-08-10,12.0,7,캐나다용 화이트 빼빼로,32,40,288,1152.0,3850(캐나다),True,2026년 하반기 신규 데이터 동기화 검수 완료 (표준 상품명 정규화 완료)
Export_Packaging_Work_Log_202605_09.csv,1,2026-08,2026-08-10,12.0,8,초코파이 흑당밀크,336,8,150,1200.0,3850(캐나다),True,2026년 하반기 신규 데이터 동기화 검수 완료 (표준 상품명 정규화 완료)
Export_Packaging_Work_Log_202605_09.csv,1,2026-08,2026-08-10,12.0,9,초코파이 카카오,336,8,50,400.0,3850(캐나다),True,2026년 하반기 신규 데이터 동기화 검수 완료 (표준 상품명 정규화 완료)
Export_Packaging_Work_Log_202605_09.csv,1,2026-08,2026-08-10,12.0,10,box (외포장 라벨링),1,1,2289,2289.0,외포장 박스 작업,True,2026년 하반기 신규 데이터 동기화 검수 완료 (표준 상품명 정규화 완료)
Export_Packaging_Work_Log_202605_09.csv,1,2026-08,2026-08-11,12.0,1,초코빼빼로,47,40,367,29360.0,4110(캐나다),True,2026년 하반기 신규 데이터 동기화 검수 완료 (표준 상품명 정규화 완료)
Export_Packaging_Work_Log_202605_09.csv,1,2026-08,2026-08-11,12.0,2,초코빼빼로,47,40,72,5760.0,3850(캐나다),True,2026년 하반기 신규 데이터 동기화 검수 완료 (표준 상품명 정규화 완료)
Export_Packaging_Work_Log_202605_09.csv,1,2026-08,2026-08-11,12.0,3,신당동신떡볶이,110,24,50,1200.0,Euro_PanAsia (독일),True,2026년 하반기 신규 데이터 동기화 검수 완료 (표준 상품명 정규화 완료)
Export_Packaging_Work_Log_202605_09.csv,1,2026-08,2026-08-11,12.0,4,화이트빼빼로빅팩,256,6,400,4800.0,3850(캐나다),True,2026년 하반기 신규 데이터 동기화 검수 완료 (표준 상품명 정규화 완료)
Export_Packaging_Work_Log_202605_09.csv,1,2026-08,2026-08-11,12.0,5,카스타드,276,8,400,3200.0,4367(캐나다),True,2026년 하반기 신규 데이터 동기화 검수 완료 (표준 상품명 정규화 완료)
Export_Packaging_Work_Log_202605_09.csv,1,2026-08,2026-08-11,12.0,6,몽쉘 카카오,204,16,40,640.0,4367(캐나다),True,2026년 하반기 신규 데이터 동기화 검수 완료 (표준 상품명 정규화 완료)
Export_Packaging_Work_Log_202605_09.csv,1,2026-08,2026-08-11,12.0,7,몽쉘 오리지날,204,16,30,480.0,4367(캐나다),True,2026년 하반기 신규 데이터 동기화 검수 완료 (표준 상품명 정규화 완료)
Export_Packaging_Work_Log_202605_09.csv,1,2026-08,2026-08-11,12.0,8,칸쵸,42,32,10,320.0,4367(캐나다),True,2026년 하반기 신규 데이터 동기화 검수 완료 (표준 상품명 정규화 완료)
Export_Packaging_Work_Log_202605_09.csv,1,2026-08,2026-08-11,12.0,9,초코파이 흑당밀크,336,8,50,400.0,4367(캐나다),True,2026년 하반기 신규 데이터 동기화 검수 완료 (표준 상품명 정규화 완료)
Export_Packaging_Work_Log_202605_09.csv,1,2026-08,2026-08-11,12.0,10,초코파이 카카오,336,8,50,400.0,4367(캐나다),True,2026년 하반기 신규 데이터 동기화 검수 완료 (표준 상품명 정규화 완료)
Export_Packaging_Work_Log_202605_09.csv,1,2026-08,2026-08-11,12.0,11,닭다리 스낵,280,12,80,960.0,Euro_PanAsia (독일),True,2026년 하반기 신규 데이터 동기화 검수 완료 (표준 상품명 정규화 완료)
Export_Packaging_Work_Log_202605_09.csv,1,2026-08,2026-08-11,12.0,12,box (외포장 라벨링),1,1,1549,1549.0,외포장 박스 작업,True,2026년 하반기 신규 데이터 동기화 검수 완료 (표준 상품명 정규화 완료)
Export_Packaging_Work_Log_202605_09.csv,1,2026-08,2026-08-12,12.0,1,초코픽,45,24,433,10392.0,Central_Asia_Logistics (몽골),True,2026년 하반기 신규 데이터 동기화 검수 완료 (표준 상품명 정규화 완료)
Export_Packaging_Work_Log_202605_09.csv,1,2026-08,2026-08-12,12.0,2,신당동신떡볶이,110,24,888,21312.0,Central_Asia_Logistics (몽골),True,2026년 하반기 신규 데이터 동기화 검수 완료 (표준 상품명 정규화 완료)
Export_Packaging_Work_Log_202605_09.csv,1,2026-08,2026-08-12,12.0,3,버터링골드,65,24,143,3432.0,Central_Asia_Logistics (몽골),True,2026년 하반기 신규 데이터 동기화 검수 완료 (표준 상품명 정규화 완료)
Export_Packaging_Work_Log_202605_09.csv,1,2026-08,2026-08-12,12.0,4,아몬드빼빼로빅팩,256,6,444,5328.0,3850(캐나다),True,2026년 하반기 신규 데이터 동기화 검수 완료 (표준 상품명 정규화 완료)
Export_Packaging_Work_Log_202605_09.csv,1,2026-08,2026-08-12,12.0,5,box (외포장 라벨링),1,1,444,444.0,외포장 박스 작업,True,2026년 하반기 신규 데이터 동기화 검수 완료 (표준 상품명 정규화 완료)
Export_Packaging_Work_Log_202605_09.csv,1,2026-08,2026-08-13,12.0,1,버터링골드,65,24,157,3768.0,Central_Asia_Logistics (몽골),True,2026년 하반기 신규 데이터 동기화 검수 완료 (표준 상품명 정규화 완료)
Export_Packaging_Work_Log_202605_09.csv,1,2026-08,2026-08-13,12.0,2,롤리폴리,196,10,60,600.0,Central_Asia_Logistics (몽골),True,2026년 하반기 신규 데이터 동기화 검수 완료 (표준 상품명 정규화 완료)
Export_Packaging_Work_Log_202605_09.csv,1,2026-08,2026-08-13,12.0,3,롤리폴리,62,24,72,1728.0,Central_Asia_Logistics (몽골),True,2026년 하반기 신규 데이터 동기화 검수 완료 (표준 상품명 정규화 완료)
Export_Packaging_Work_Log_202605_09.csv,1,2026-08,2026-08-13,12.0,4,초코픽,45,24,335,8040.0,Central_Asia_Logistics (몽골),True,2026년 하반기 신규 데이터 동기화 검수 완료 (표준 상품명 정규화 완료)
Export_Packaging_Work_Log_202605_09.csv,1,2026-08,2026-08-13,12.0,5,고향만두야채,567,10,100,1000.0,Global_Trading_H,True,2026년 하반기 신규 데이터 동기화 검수 완료 (표준 상품명 정규화 완료)
Export_Packaging_Work_Log_202605_09.csv,1,2026-08,2026-08-13,12.0,6,고향만두 김치,450,12,100,1200.0,Global_Trading_H,True,2026년 하반기 신규 데이터 동기화 검수 완료 (표준 상품명 정규화 완료)
Export_Packaging_Work_Log_202605_09.csv,1,2026-08,2026-08-13,12.0,7,2% 복숭아,1.5,12,44,528.0,Global_Mart_Canada (캐나다),True,2026년 하반기 신규 데이터 동기화 검수 완료 (표준 상품명 정규화 완료)
Export_Packaging_Work_Log_202605_09.csv,1,2026-08,2026-08-13,12.0,8,롯데트레이레몬,500,6,240,1440.0,Global_Mart_Canada (캐나다),True,2026년 하반기 신규 데이터 동기화 검수 완료 (표준 상품명 정규화 완료)
Export_Packaging_Work_Log_202605_09.csv,1,2026-08,2026-08-13,12.0,9,레츠비카페타임라떼,240,30,50,1500.0,Global_Mart_Canada (캐나다),True,2026년 하반기 신규 데이터 동기화 검수 완료 (표준 상품명 정규화 완료)
Export_Packaging_Work_Log_202605_09.csv,1,2026-08,2026-08-13,12.0,10,레츠비 모카라떼,175,30,61,1830.0,Global_Mart_Canada (캐나다),True,2026년 하반기 신규 데이터 동기화 검수 완료 (표준 상품명 정규화 완료)
Export_Packaging_Work_Log_202605_09.csv,1,2026-08,2026-08-13,12.0,11,2% 복숭아,240,30,163,4890.0,Global_Mart_Canada (캐나다),True,2026년 하반기 신규 데이터 동기화 검수 완료 (표준 상품명 정규화 완료)
Export_Packaging_Work_Log_202605_09.csv,1,2026-08,2026-08-13,12.0,12,바베큐맛스낵,100,20,40,800.0,Global_Mart_Canada (캐나다),True,2026년 하반기 신규 데이터 동기화 검수 완료 (표준 상품명 정규화 완료)
Export_Packaging_Work_Log_202605_09.csv,1,2026-08,2026-08-13,12.0,13,고소한한입인절미쌀과자,190,12,50,600.0,Global_Mart_Canada (캐나다),True,2026년 하반기 신규 데이터 동기화 검수 완료 (표준 상품명 정규화 완료)
Export_Packaging_Work_Log_202605_09.csv,1,2026-08,2026-08-13,12.0,14,추억의라멘땅,100,20,80,1600.0,Global_Mart_Canada (캐나다),True,2026년 하반기 신규 데이터 동기화 검수 완료 (표준 상품명 정규화 완료)
Export_Packaging_Work_Log_202605_09.csv,1,2026-08,2026-08-13,12.0,15,오감자,115,12,90,1080.0,Global_Mart_Canada (캐나다),True,2026년 하반기 신규 데이터 동기화 검수 완료 (표준 상품명 정규화 완료)
Export_Packaging_Work_Log_202605_09.csv,1,2026-08,2026-08-13,12.0,16,오감자,50,24,50,1200.0,Global_Mart_Canada (캐나다),True,2026년 하반기 신규 데이터 동기화 검수 완료 (표준 상품명 정규화 완료)
Export_Packaging_Work_Log_202605_09.csv,1,2026-08,2026-08-13,12.0,17,오감자 딥 양념바베큐,115,12,50,600.0,Global_Mart_Canada (캐나다),True,2026년 하반기 신규 데이터 동기화 검수 완료 (표준 상품명 정규화 완료)
Export_Packaging_Work_Log_202605_09.csv,1,2026-08,2026-08-14,12.0,1,포카칩 어니언,66,20,50,1000.0,Global_Mart_Canada (캐나다),True,2026년 하반기 신규 데이터 동기화 검수 완료 (표준 상품명 정규화 완료)
Export_Packaging_Work_Log_202605_09.csv,1,2026-08,2026-08-14,12.0,2,스윙칩 볶음 고추장,60,20,40,800.0,Global_Mart_Canada (캐나다),True,2026년 하반기 신규 데이터 동기화 검수 완료 (표준 상품명 정규화 완료)
Export_Packaging_Work_Log_202605_09.csv,1,2026-08,2026-08-14,12.0,3,포카칩 오리지널,137,12,80,960.0,Global_Mart_Canada (캐나다),True,2026년 하반기 신규 데이터 동기화 검수 완료 (표준 상품명 정규화 완료)
Export_Packaging_Work_Log_202605_09.csv,1,2026-08,2026-08-14,12.0,4,포카칩 어니언,137,12,80,960.0,Global_Mart_Canada (캐나다),True,2026년 하반기 신규 데이터 동기화 검수 완료 (표준 상품명 정규화 완료)
Export_Packaging_Work_Log_202605_09.csv,1,2026-08,2026-08-14,12.0,5,스윙칩 볶음 고추장,124,12,50,600.0,Global_Mart_Canada (캐나다),True,2026년 하반기 신규 데이터 동기화 검수 완료 (표준 상품명 정규화 완료)
Export_Packaging_Work_Log_202605_09.csv,1,2026-08,2026-08-14,12.0,6,꼬북칩초코츄러스,160,14,182,2548.0,Global_Mart_Canada (캐나다),True,2026년 하반기 신규 데이터 동기화 검수 완료 (표준 상품명 정규화 완료)
Export_Packaging_Work_Log_202605_09.csv,1,2026-08,2026-08-14,12.0,7,땅콩강정,147,18,40,720.0,Global_Mart_Canada (캐나다),True,2026년 하반기 신규 데이터 동기화 검수 완료 (표준 상품명 정규화 완료)
Export_Packaging_Work_Log_202605_09.csv,1,2026-08,2026-08-14,12.0,8,포카칩 오리지널,66,20,40,800.0,Global_Mart_Canada (캐나다),True,2026년 하반기 신규 데이터 동기화 검수 완료 (표준 상품명 정규화 완료)
Export_Packaging_Work_Log_202605_09.csv,1,2026-08,2026-08-14,12.0,9,땅콩강정,80,12,70,840.0,Global_Mart_Canada (캐나다),True,2026년 하반기 신규 데이터 동기화 검수 완료 (표준 상품명 정규화 완료)
Export_Packaging_Work_Log_202605_09.csv,1,2026-08,2026-08-14,12.0,10,후레쉬베리12P,336,8,80,640.0,Global_Mart_Canada (캐나다),True,2026년 하반기 신규 데이터 동기화 검수 완료 (표준 상품명 정규화 완료)
Export_Packaging_Work_Log_202605_09.csv,1,2026-08,2026-08-14,12.0,11,후레쉬베리복숭아,336,8,50,400.0,Global_Mart_Canada (캐나다),True,2026년 하반기 신규 데이터 동기화 검수 완료 (표준 상품명 정규화 완료)
Export_Packaging_Work_Log_202605_09.csv,1,2026-08,2026-08-14,12.0,12,촉촉한초코칩,160,20,40,800.0,Global_Mart_Canada (캐나다),True,2026년 하반기 신규 데이터 동기화 검수 완료 (표준 상품명 정규화 완료)
Export_Packaging_Work_Log_202605_09.csv,1,2026-08,2026-08-14,12.0,13,초코칩쿠키,192,14,40,560.0,Global_Mart_Canada (캐나다),True,2026년 하반기 신규 데이터 동기화 검수 완료 (표준 상품명 정규화 완료)
Export_Packaging_Work_Log_202605_09.csv,1,2026-08,2026-08-14,12.0,14,바이오생과즙,99,14,20,280.0,Global_Mart_Canada (캐나다),True,2026년 하반기 신규 데이터 동기화 검수 완료 (표준 상품명 정규화 완료)
Export_Packaging_Work_Log_202605_09.csv,1,2026-08,2026-08-14,12.0,15,바이오 생우유,99,14,20,280.0,Global_Mart_Canada (캐나다),True,2026년 하반기 신규 데이터 동기화 검수 완료 (표준 상품명 정규화 완료)
Export_Packaging_Work_Log_202605_09.csv,1,2026-08,2026-08-14,12.0,16,예감 오리지널,64,20,50,1000.0,Global_Mart_Canada (캐나다),True,2026년 하반기 신규 데이터 동기화 검수 완료 (표준 상품명 정규화 완료)
Export_Packaging_Work_Log_202605_09.csv,1,2026-08,2026-08-14,12.0,17,참붕어빵6P,174,9,26,234.0,Global_Mart_Canada (캐나다),True,2026년 하반기 신규 데이터 동기화 검수 완료 (표준 상품명 정규화 완료)
Export_Packaging_Work_Log_202605_09.csv,1,2026-08,2026-08-14,12.0,18,참붕어빵8P,232,8,30,240.0,Global_Mart_Canada (캐나다),True,2026년 하반기 신규 데이터 동기화 검수 완료 (표준 상품명 정규화 완료)
Export_Packaging_Work_Log_202605_09.csv,1,2026-08,2026-08-14,12.0,19,예감 치즈,64,20,50,1000.0,Global_Mart_Canada (캐나다),True,2026년 하반기 신규 데이터 동기화 검수 완료 (표준 상품명 정규화 완료)
Export_Packaging_Work_Log_202605_09.csv,1,2026-08,2026-08-14,12.0,20,다이제(롤),194,16,25,400.0,Global_Mart_Canada (캐나다),True,2026년 하반기 신규 데이터 동기화 검수 완료 (표준 상품명 정규화 완료)
Export_Packaging_Work_Log_202605_09.csv,1,2026-08,2026-08-14,12.0,21,왕꿈틀이,67,40,20,800.0,Global_Mart_Canada (캐나다),True,2026년 하반기 신규 데이터 동기화 검수 완료 (표준 상품명 정규화 완료)
Export_Packaging_Work_Log_202605_09.csv,1,2026-08,2026-08-14,12.0,22,초코칩미니2P,90,16,20,320.0,Global_Mart_Canada (캐나다),True,2026년 하반기 신규 데이터 동기화 검수 완료 (표준 상품명 정규화 완료)
Export_Packaging_Work_Log_202605_09.csv,1,2026-08,2026-08-14,12.0,23,다이제초코(롤),225,16,20,320.0,Global_Mart_Canada (캐나다),True,2026년 하반기 신규 데이터 동기화 검수 완료 (표준 상품명 정규화 완료)
Export_Packaging_Work_Log_202605_09.csv,1,2026-08,2026-08-14,12.0,24,통크초코,45,20,20,400.0,Global_Mart_Canada (캐나다),True,2026년 하반기 신규 데이터 동기화 검수 완료 (표준 상품명 정규화 완료)
Export_Packaging_Work_Log_202605_09.csv,1,2026-08,2026-08-14,12.0,25,신쫄이 사과맛,24,120,80,9600.0,Central_Asia_Logistics (몽골),True,2026년 하반기 신규 데이터 동기화 검수 완료 (표준 상품명 정규화 완료)
Export_Packaging_Work_Log_202605_09.csv,1,2026-08,2026-08-14,12.0,26,크런키 빼빼로 벌크,140,9,380,3420.0,3850(캐나다),True,2026년 하반기 신규 데이터 동기화 검수 완료 (표준 상품명 정규화 완료)
Export_Packaging_Work_Log_202605_09.csv,1,2026-08,2026-08-14,12.0,27,초코파이 녹차,336,8,50,400.0,3850(캐나다),True,2026년 하반기 신규 데이터 동기화 검수 완료 (표준 상품명 정규화 완료)
Export_Packaging_Work_Log_202605_09.csv,1,2026-08,2026-08-14,12.0,28,신쫄이 레몬콜라맛,24,120,100,12000.0,Central_Asia_Logistics (몽골),True,2026년 하반기 신규 데이터 동기화 검수 완료 (표준 상품명 정규화 완료)
Export_Packaging_Work_Log_202605_09.csv,1,2026-08,2026-08-14,12.0,29,box (외포장 라벨링),1,1,430,430.0,외포장 박스 작업,True,2026년 하반기 신규 데이터 동기화 검수 완료 (표준 상품명 정규화 완료)
Export_Packaging_Work_Log_202605_09.csv,1,2026-08,2026-08-18,12.0,1,신쫄이 딸기맛,24,120,80,9600.0,Central_Asia_Logistics (몽골),True,2026년 하반기 신규 데이터 동기화 검수 완료 (표준 상품명 정규화 완료)
Export_Packaging_Work_Log_202605_09.csv,1,2026-08,2026-08-18,12.0,2,초코파이 녹차,336,8,550,4400.0,4367(캐나다),True,2026년 하반기 신규 데이터 동기화 검수 완료 (표준 상품명 정규화 완료)
Export_Packaging_Work_Log_202605_09.csv,1,2026-08,2026-08-18,12.0,3,고향찹쌀왕만두피,360,18,40,720.0,Global_Mart_Canada (캐나다),True,2026년 하반기 신규 데이터 동기화 검수 완료 (표준 상품명 정규화 완료)
Export_Packaging_Work_Log_202605_09.csv,1,2026-08,2026-08-18,12.0,4,고향만두 김치,450,12,40,480.0,Global_Mart_Canada (캐나다),True,2026년 하반기 신규 데이터 동기화 검수 완료 (표준 상품명 정규화 완료)
Export_Packaging_Work_Log_202605_09.csv,1,2026-08,2026-08-18,12.0,5,고향만두 잡채,450,12,40,480.0,Global_Mart_Canada (캐나다),True,2026년 하반기 신규 데이터 동기화 검수 완료 (표준 상품명 정규화 완료)
Export_Packaging_Work_Log_202605_09.csv,1,2026-08,2026-08-18,12.0,6,버터링딥초코,155,10,200,2000.0,D01,True,2026년 하반기 신규 데이터 동기화 검수 완료 (표준 상품명 정규화 완료)
Export_Packaging_Work_Log_202605_09.csv,1,2026-08,2026-08-18,12.0,7,에이스씬에스프레소,291,12,450,5400.0,D01,True,2026년 하반기 신규 데이터 동기화 검수 완료 (표준 상품명 정규화 완료)
Export_Packaging_Work_Log_202605_09.csv,1,2026-08,2026-08-18,12.0,8,신쫄이 레몬콜라맛,24,120,20,2400.0,Central_Asia_Logistics (몽골),True,2026년 하반기 신규 데이터 동기화 검수 완료 (표준 상품명 정규화 완료)
Export_Packaging_Work_Log_202605_09.csv,1,2026-08,2026-08-18,12.0,9,사브레,84,24,50,1200.0,D01,True,2026년 하반기 신규 데이터 동기화 검수 완료 (표준 상품명 정규화 완료)
Export_Packaging_Work_Log_202605_09.csv,1,2026-08,2026-08-18,12.0,10,사브레,252,12,150,1800.0,D03,True,2026년 하반기 신규 데이터 동기화 검수 완료 (표준 상품명 정규화 완료)
Export_Packaging_Work_Log_202605_09.csv,1,2026-08,2026-08-18,12.0,11,자두,130,16,350,5600.0,C98,True,2026년 하반기 신규 데이터 동기화 검수 완료 (표준 상품명 정규화 완료)
Export_Packaging_Work_Log_202605_09.csv,1,2026-08,2026-08-18,12.0,12,구운 감자 케이스,108,12,100,1200.0,D01,True,2026년 하반기 신규 데이터 동기화 검수 완료 (표준 상품명 정규화 완료)
Export_Packaging_Work_Log_202605_09.csv,1,2026-08,2026-08-18,12.0,13,구운 감자,27,30,50,1500.0,C98,True,2026년 하반기 신규 데이터 동기화 검수 완료 (표준 상품명 정규화 완료)
Export_Packaging_Work_Log_202605_09.csv,1,2026-08,2026-08-18,12.0,14,box (외포장 라벨링),1,1,550,550.0,외포장 박스 작업,True,2026년 하반기 신규 데이터 동기화 검수 완료 (표준 상품명 정규화 완료)
Export_Packaging_Work_Log_202605_09.csv,1,2026-08,2026-08-19,11.0,1,연양갱 10팩,500,10,250,2500.0,C98,True,2026년 하반기 신규 데이터 동기화 검수 완료 (표준 상품명 정규화 완료)
Export_Packaging_Work_Log_202605_09.csv,1,2026-08,2026-08-19,11.0,2,홈런볼 소금우유,49,30,250,7500.0,D03,True,2026년 하반기 신규 데이터 동기화 검수 완료 (표준 상품명 정규화 완료)
Export_Packaging_Work_Log_202605_09.csv,1,2026-08,2026-08-19,11.0,3,롤리폴리,62,24,50,1200.0,D03,True,2026년 하반기 신규 데이터 동기화 검수 완료 (표준 상품명 정규화 완료)
Export_Packaging_Work_Log_202605_09.csv,1,2026-08,2026-08-19,11.0,4,샌드에이스 우유크림,204,12,300,3600.0,D03,True,2026년 하반기 신규 데이터 동기화 검수 완료 (표준 상품명 정규화 완료)
Export_Packaging_Work_Log_202605_09.csv,1,2026-08,2026-08-19,11.0,5,에이스 바스크 치즈,364,10,400,4000.0,D03,True,2026년 하반기 신규 데이터 동기화 검수 완료 (표준 상품명 정규화 완료)
Export_Packaging_Work_Log_202605_09.csv,1,2026-08,2026-08-19,11.0,6,오사쯔,100,10,210,2100.0,D03,True,2026년 하반기 신규 데이터 동기화 검수 완료 (표준 상품명 정규화 완료)
Export_Packaging_Work_Log_202605_09.csv,1,2026-08,2026-08-19,11.0,7,광동 진한 헛개차,1.5,12,52,624.0,Oceania_Health (호주),True,2026년 하반기 신규 데이터 동기화 검수 완료 (표준 상품명 정규화 완료)
Export_Packaging_Work_Log_202605_09.csv,1,2026-08,2026-08-19,11.0,8,광동 진한 헛개차,500,20,216,4320.0,Oceania_Health (호주),True,2026년 하반기 신규 데이터 동기화 검수 완료 (표준 상품명 정규화 완료)
Export_Packaging_Work_Log_202605_09.csv,1,2026-08,2026-08-19,11.0,9,광동 진한 헛개차,340,20,104,2080.0,Oceania_Health (호주),True,2026년 하반기 신규 데이터 동기화 검수 완료 (표준 상품명 정규화 완료)
Export_Packaging_Work_Log_202605_09.csv,1,2026-08,2026-08-19,11.0,10,초코픽,45,24,150,3600.0,D40,True,2026년 하반기 신규 데이터 동기화 검수 완료 (표준 상품명 정규화 완료)
Export_Packaging_Work_Log_202605_09.csv,1,2026-08,2026-08-19,11.0,11,에이스씬에스프레소,291,12,100,1200.0,D40,True,2026년 하반기 신규 데이터 동기화 검수 완료 (표준 상품명 정규화 완료)
Export_Packaging_Work_Log_202605_09.csv,1,2026-08,2026-08-19,11.0,12,샌드에이스 우유크림,204,12,50,600.0,D40,True,2026년 하반기 신규 데이터 동기화 검수 완료 (표준 상품명 정규화 완료)
Export_Packaging_Work_Log_202605_09.csv,1,2026-08,2026-08-19,11.0,13,자두,130,16,200,3200.0,D40,True,2026년 하반기 신규 데이터 동기화 검수 완료 (표준 상품명 정규화 완료)
Export_Packaging_Work_Log_202605_09.csv,1,2026-08,2026-08-19,11.0,14,고향만두 야채(대),1350,6,100,600.0,해태만두캐나다 TB,True,2026년 하반기 신규 데이터 동기화 검수 완료 (표준 상품명 정규화 완료)
Export_Packaging_Work_Log_202605_09.csv,1,2026-08,2026-08-19,11.0,15,고향만두 야채(중),567,10,43,430.0,해태만두캐나다 TB,True,2026년 하반기 신규 데이터 동기화 검수 완료 (표준 상품명 정규화 완료)
Export_Packaging_Work_Log_202605_09.csv,1,2026-08,2026-08-19,11.0,16,box (외포장 라벨링),1,1,143,143.0,외포장 박스 작업,True,2026년 하반기 신규 데이터 동기화 검수 완료 (표준 상품명 정규화 완료)
Export_Packaging_Work_Log_202605_09.csv,1,2026-08,2026-08-20,11.0,1,고향만두 야채(중),567,10,157,1570.0,해태만두캐나다 TB,True,2026년 하반기 신규 데이터 동기화 검수 완료 (표준 상품명 정규화 완료)
Export_Packaging_Work_Log_202605_09.csv,1,2026-08,2026-08-20,11.0,2,고향만두 김치,450,12,150,1800.0,해태만두캐나다 TB,True,2026년 하반기 신규 데이터 동기화 검수 완료 (표준 상품명 정규화 완료)
Export_Packaging_Work_Log_202605_09.csv,1,2026-08,2026-08-20,11.0,3,클린아이스얼음컵,240,12,1080,12960.0,Global_Mart_Canada (캐나다),True,2026년 하반기 신규 데이터 동기화 검수 완료 (표준 상품명 정규화 완료)
Export_Packaging_Work_Log_202605_09.csv,1,2026-08,2026-08-20,11.0,4,맛동산,155,12,100,1200.0,캐나다21센츄리,True,2026년 하반기 신규 데이터 동기화 검수 완료 (표준 상품명 정규화 완료)
Export_Packaging_Work_Log_202605_09.csv,1,2026-08,2026-08-20,11.0,5,허니버터칩,100,12,100,1200.0,캐나다21센츄리,True,2026년 하반기 신규 데이터 동기화 검수 완료 (표준 상품명 정규화 완료)
Export_Packaging_Work_Log_202605_09.csv,1,2026-08,2026-08-20,11.0,6,홈런볼 초코,46,30,100,3000.0,캐나다21센츄리,True,2026년 하반기 신규 데이터 동기화 검수 완료 (표준 상품명 정규화 완료)
Export_Packaging_Work_Log_202605_09.csv,1,2026-08,2026-08-20,11.0,7,바이오필 플레인,63*25,4,975,3900.0,Vancouver_Logistics,True,2026년 하반기 신규 데이터 동기화 검수 완료 (표준 상품명 정규화 완료)
Export_Packaging_Work_Log_202605_09.csv,1,2026-08,2026-08-20,11.0,8,box (외포장 라벨링),1,1,607,607.0,외포장 박스 작업,True,2026년 하반기 신규 데이터 동기화 검수 완료 (표준 상품명 정규화 완료)
Export_Packaging_Work_Log_202605_09.csv,1,2026-08,2026-08-21,12.0,1,오사쯔,100,10,30,300.0,캐나다21센츄리,True,2026년 하반기 신규 데이터 동기화 검수 완료 (표준 상품명 정규화 완료)
Export_Packaging_Work_Log_202605_09.csv,1,2026-08,2026-08-21,12.0,2,초코픽,45,24,30,720.0,캐나다21센츄리,True,2026년 하반기 신규 데이터 동기화 검수 완료 (표준 상품명 정규화 완료)
Export_Packaging_Work_Log_202605_09.csv,1,2026-08,2026-08-21,12.0,3,버터링딥초코,155,10,30,300.0,캐나다21센츄리,True,2026년 하반기 신규 데이터 동기화 검수 완료 (표준 상품명 정규화 완료)
Export_Packaging_Work_Log_202605_09.csv,1,2026-08,2026-08-21,12.0,4,버터링골드,194,12,100,1200.0,캐나다21센츄리,True,2026년 하반기 신규 데이터 동기화 검수 완료 (표준 상품명 정규화 완료)
Export_Packaging_Work_Log_202605_09.csv,1,2026-08,2026-08-21,12.0,5,버터링골드,65,24,30,720.0,캐나다21센츄리,True,2026년 하반기 신규 데이터 동기화 검수 완료 (표준 상품명 정규화 완료)
Export_Packaging_Work_Log_202605_09.csv,1,2026-08,2026-08-21,12.0,6,후렌치파이 사과,192,12,50,600.0,캐나다21센츄리,True,2026년 하반기 신규 데이터 동기화 검수 완료 (표준 상품명 정규화 완료)
Export_Packaging_Work_Log_202605_09.csv,1,2026-08,2026-08-21,12.0,7,후렌치파이 딸기,192,12,50,600.0,캐나다21센츄리,True,2026년 하반기 신규 데이터 동기화 검수 완료 (표준 상품명 정규화 완료)
Export_Packaging_Work_Log_202605_09.csv,1,2026-08,2026-08-21,12.0,8,샌드에이스 우유크림,204,12,20,240.0,캐나다21센츄리,True,2026년 하반기 신규 데이터 동기화 검수 완료 (표준 상품명 정규화 완료)
Export_Packaging_Work_Log_202605_09.csv,1,2026-08,2026-08-21,12.0,9,에이스 바스크 치즈,364,10,20,200.0,캐나다21센츄리,True,2026년 하반기 신규 데이터 동기화 검수 완료 (표준 상품명 정규화 완료)
Export_Packaging_Work_Log_202605_09.csv,1,2026-08,2026-08-21,12.0,10,에이스,121,30,50,1500.0,캐나다21센츄리,True,2026년 하반기 신규 데이터 동기화 검수 완료 (표준 상품명 정규화 완료)
Export_Packaging_Work_Log_202605_09.csv,1,2026-08,2026-08-21,12.0,11,연양갱 10팩,500,10,10,100.0,캐나다21센츄리,True,2026년 하반기 신규 데이터 동기화 검수 완료 (표준 상품명 정규화 완료)
Export_Packaging_Work_Log_202605_09.csv,1,2026-08,2026-08-21,12.0,12,자두,130,16,20,320.0,캐나다21센츄리,True,2026년 하반기 신규 데이터 동기화 검수 완료 (표준 상품명 정규화 완료)
Export_Packaging_Work_Log_202605_09.csv,1,2026-08,2026-08-21,12.0,13,신쫄이 레몬콜라맛,24,120,10,1200.0,캐나다21센츄리,True,2026년 하반기 신규 데이터 동기화 검수 완료 (표준 상품명 정규화 완료)
Export_Packaging_Work_Log_202605_09.csv,1,2026-08,2026-08-21,12.0,14,구운 감자 케이스,108,12,30,360.0,캐나다21센츄리,True,2026년 하반기 신규 데이터 동기화 검수 완료 (표준 상품명 정규화 완료)
Export_Packaging_Work_Log_202605_09.csv,1,2026-08,2026-08-21,12.0,15,구운 감자,27,30,30,900.0,캐나다21센츄리,True,2026년 하반기 신규 데이터 동기화 검수 완료 (표준 상품명 정규화 완료)
Export_Packaging_Work_Log_202605_09.csv,1,2026-08,2026-08-21,12.0,16,얼려먹는 초코 만들기,36,24,30,720.0,캐나다21센츄리,True,2026년 하반기 신규 데이터 동기화 검수 완료 (표준 상품명 정규화 완료)
Export_Packaging_Work_Log_202605_09.csv,1,2026-08,2026-08-21,12.0,17,롤리폴리,62,24,30,720.0,캐나다21센츄리,True,2026년 하반기 신규 데이터 동기화 검수 완료 (표준 상품명 정규화 완료)
Export_Packaging_Work_Log_202605_09.csv,1,2026-08,2026-08-21,12.0,18,바이오필 플레인,63*25,4,1275,5100.0,Vancouver_Logistics,True,2026년 하반기 신규 데이터 동기화 검수 완료 (표준 상품명 정규화 완료)
Export_Packaging_Work_Log_202605_09.csv,1,2026-08,2026-08-21,12.0,19,바이오필 스트로베리,63*25,4,450,1800.0,Vancouver_Logistics,True,2026년 하반기 신규 데이터 동기화 검수 완료 (표준 상품명 정규화 완료)
Export_Packaging_Work_Log_202605_09.csv,1,2026-08,2026-08-21,12.0,20,구운 고구마,108,12,50,600.0,D40,True,2026년 하반기 신규 데이터 동기화 검수 완료 (표준 상품명 정규화 완료)
Export_Packaging_Work_Log_202605_09.csv,1,2026-08,2026-08-21,12.0,21,구운 양파,110,12,30,360.0,캐나다센츄리,True,2026년 하반기 신규 데이터 동기화 검수 완료 (표준 상품명 정규화 완료)
Export_Packaging_Work_Log_202605_09.csv,1,2026-08,2026-08-21,12.0,22,에이스,364,10,30,300.0,캐나다센츄리,True,2026년 하반기 신규 데이터 동기화 검수 완료 (표준 상품명 정규화 완료)
Export_Packaging_Work_Log_202605_09.csv,1,2026-08,2026-08-21,12.0,23,오예스,360,10,350,3500.0,캐나다센츄리,True,2026년 하반기 신규 데이터 동기화 검수 완료 (표준 상품명 정규화 완료)
Export_Packaging_Work_Log_202605_09.csv,1,2026-08,2026-08-21,12.0,24,box (외포장 라벨링),1,1,2705,2705.0,외포장 박스 작업,True,2026년 하반기 신규 데이터 동기화 검수 완료 (표준 상품명 정규화 완료)
Export_Packaging_Work_Log_202605_09.csv,1,2026-08,2026-08-24,12.0,1,아몬드빼빼로벌크,128,9,50,450.0,Euro_PanAsia (독일),True,2026년 하반기 신규 데이터 동기화 검수 완료 (표준 상품명 정규화 완료)
Export_Packaging_Work_Log_202605_09.csv,1,2026-08,2026-08-24,12.0,2,롤리폴리,62,24,50,1200.0,D76,True,2026년 하반기 신규 데이터 동기화 검수 완료 (표준 상품명 정규화 완료)
Export_Packaging_Work_Log_202605_09.csv,1,2026-08,2026-08-24,12.0,3,사브레,84,24,50,1200.0,D76,True,2026년 하반기 신규 데이터 동기화 검수 완료 (표준 상품명 정규화 완료)
Export_Packaging_Work_Log_202605_09.csv,1,2026-08,2026-08-24,12.0,4,홈런볼 소금우유,49,30,50,1500.0,D76,True,2026년 하반기 신규 데이터 동기화 검수 완료 (표준 상품명 정규화 완료)
Export_Packaging_Work_Log_202605_09.csv,1,2026-08,2026-08-24,12.0,5,버터링딥초코,103,14,250,3500.0,해태 대만,True,2026년 하반기 신규 데이터 동기화 검수 완료 (표준 상품명 정규화 완료)
Export_Packaging_Work_Log_202605_09.csv,1,2026-08,2026-08-24,12.0,6,캐)오예스,360,10,30,300.0,센츄리,True,2026년 하반기 신규 데이터 동기화 검수 완료 (표준 상품명 정규화 완료)
Export_Packaging_Work_Log_202605_09.csv,1,2026-08,2026-08-24,12.0,7,구운 감자,135,10,250,2500.0,대만,True,2026년 하반기 신규 데이터 동기화 검수 완료 (표준 상품명 정규화 완료)
Export_Packaging_Work_Log_202605_09.csv,1,2026-08,2026-08-24,12.0,8,버터링딥초코,155,10,150,1500.0,대만,True,2026년 하반기 신규 데이터 동기화 검수 완료 (표준 상품명 정규화 완료)
Export_Packaging_Work_Log_202605_09.csv,1,2026-08,2026-08-24,12.0,9,샌드에이스 우유크림,204,12,200,2400.0,대만,True,2026년 하반기 신규 데이터 동기화 검수 완료 (표준 상품명 정규화 완료)
Export_Packaging_Work_Log_202605_09.csv,1,2026-08,2026-08-24,12.0,10,에이스씬에스프레소,291,12,50,600.0,H-Mart_Global (미주),True,2026년 하반기 신규 데이터 동기화 검수 완료 (표준 상품명 정규화 완료)
Export_Packaging_Work_Log_202605_09.csv,1,2026-08,2026-08-24,12.0,11,에이스 바스크 치즈,364,10,100,1000.0,H-Mart_Global (미주),True,2026년 하반기 신규 데이터 동기화 검수 완료 (표준 상품명 정규화 완료)
Export_Packaging_Work_Log_202605_09.csv,1,2026-08,2026-08-24,12.0,12,구운 고구마,135,10,150,1500.0,H-Mart_Global (미주),True,2026년 하반기 신규 데이터 동기화 검수 완료 (표준 상품명 정규화 완료)
Export_Packaging_Work_Log_202605_09.csv,1,2026-08,2026-08-24,12.0,13,구운 감자,135,10,1650,16500.0,H-Mart_Global (미주),True,2026년 하반기 신규 데이터 동기화 검수 완료 (표준 상품명 정규화 완료)
Export_Packaging_Work_Log_202605_09.csv,1,2026-08,2026-08-24,12.0,14,사브레,252,12,50,600.0,H-Mart_Global (미주),True,2026년 하반기 신규 데이터 동기화 검수 완료 (표준 상품명 정규화 완료)
Export_Packaging_Work_Log_202605_09.csv,1,2026-08,2026-08-24,12.0,15,자두,130,16,30,480.0,H-Mart_Global (미주),True,2026년 하반기 신규 데이터 동기화 검수 완료 (표준 상품명 정규화 완료)
Export_Packaging_Work_Log_202605_09.csv,1,2026-08,2026-08-24,12.0,16,알사탕,126,16,20,320.0,H-Mart_Global (미주),True,2026년 하반기 신규 데이터 동기화 검수 완료 (표준 상품명 정규화 완료)
Export_Packaging_Work_Log_202605_09.csv,1,2026-08,2026-08-24,12.0,17,자유시간,36,144,10,1440.0,H-Mart_Global (미주),True,2026년 하반기 신규 데이터 동기화 검수 완료 (표준 상품명 정규화 완료)
Export_Packaging_Work_Log_202605_09.csv,1,2026-08,2026-08-24,12.0,18,얼려먹는 초코 만들기,36,24,30,720.0,H-Mart_Global (미주),True,2026년 하반기 신규 데이터 동기화 검수 완료 (표준 상품명 정규화 완료)
Export_Packaging_Work_Log_202605_09.csv,1,2026-08,2026-08-24,12.0,19,홈런볼 초코 벌크,128,12,350,4200.0,캐나다센츄리,True,2026년 하반기 신규 데이터 동기화 검수 완료 (표준 상품명 정규화 완료)
Export_Packaging_Work_Log_202605_09.csv,1,2026-08,2026-08-24,12.0,20,홈런볼 소금우유,49,30,20,600.0,H-Mart_Global (미주),True,2026년 하반기 신규 데이터 동기화 검수 완료 (표준 상품명 정규화 완료)
Export_Packaging_Work_Log_202605_09.csv,1,2026-08,2026-08-24,12.0,21,버터링골드,194,12,20,240.0,H-Mart_Global (미주),True,2026년 하반기 신규 데이터 동기화 검수 완료 (표준 상품명 정규화 완료)
Export_Packaging_Work_Log_202605_09.csv,1,2026-08,2026-08-24,12.0,22,버터링딥초코,155,10,20,200.0,H-Mart_Global (미주),True,2026년 하반기 신규 데이터 동기화 검수 완료 (표준 상품명 정규화 완료)
Export_Packaging_Work_Log_202605_09.csv,1,2026-08,2026-08-24,12.0,23,구운 감자,27,30,30,900.0,H-Mart_Global (미주),True,2026년 하반기 신규 데이터 동기화 검수 완료 (표준 상품명 정규화 완료)
Export_Packaging_Work_Log_202605_09.csv,1,2026-08,2026-08-24,12.0,24,구운 감자,135,10,40,400.0,H-Mart_Global (미주),True,2026년 하반기 신규 데이터 동기화 검수 완료 (표준 상품명 정규화 완료)
Export_Packaging_Work_Log_202605_09.csv,1,2026-08,2026-08-24,12.0,25,알사탕,126,16,50,800.0,H-Mart_Global (미주),True,2026년 하반기 신규 데이터 동기화 검수 완료 (표준 상품명 정규화 완료)
Export_Packaging_Work_Log_202605_09.csv,1,2026-08,2026-08-24,12.0,26,오사쯔,100,10,50,500.0,H-Mart_Global (미주),True,2026년 하반기 신규 데이터 동기화 검수 완료 (표준 상품명 정규화 완료)
Export_Packaging_Work_Log_202605_09.csv,1,2026-08,2026-08-24,12.0,27,롤리폴리,196,10,10,100.0,H-Mart_Global (미주),True,2026년 하반기 신규 데이터 동기화 검수 완료 (표준 상품명 정규화 완료)
Export_Packaging_Work_Log_202605_09.csv,1,2026-08,2026-08-24,12.0,28,초코픽,45,24,20,480.0,H-Mart_Global (미주),True,2026년 하반기 신규 데이터 동기화 검수 완료 (표준 상품명 정규화 완료)
Export_Packaging_Work_Log_202605_09.csv,1,2026-08,2026-08-24,12.0,29,자두,130,16,20,320.0,H-Mart_Global (미주),True,2026년 하반기 신규 데이터 동기화 검수 완료 (표준 상품명 정규화 완료)
Export_Packaging_Work_Log_202605_09.csv,1,2026-08,2026-08-24,12.0,30,쌍화탕,100,10,121,1210.0,Oceania_Health (호주),True,2026년 하반기 신규 데이터 동기화 검수 완료 (표준 상품명 정규화 완료)
Export_Packaging_Work_Log_202605_09.csv,1,2026-08,2026-08-24,12.0,31,쌍감탕,750,10,42,420.0,Oceania_Health (호주),True,2026년 하반기 신규 데이터 동기화 검수 완료 (표준 상품명 정규화 완료)
Export_Packaging_Work_Log_202605_09.csv,1,2026-08,2026-08-24,12.0,32,고소한미숫가루두유,190*15,3,80,240.0,경북통상,True,2026년 하반기 신규 데이터 동기화 검수 완료 (표준 상품명 정규화 완료)
Export_Packaging_Work_Log_202605_09.csv,1,2026-08,2026-08-24,12.0,33,box (외포장 라벨링),1,1,400,400.0,외포장 박스 작업,True,2026년 하반기 신규 데이터 동기화 검수 완료 (표준 상품명 정규화 완료)
Export_Packaging_Work_Log_202605_09.csv,1,2026-08,2026-08-25,11.0,1,사루비아,60,24,20,480.0,H-Mart_Global (미주),True,2026년 하반기 신규 데이터 동기화 검수 완료 (표준 상품명 정규화 완료)
Export_Packaging_Work_Log_202605_09.csv,1,2026-08,2026-08-25,11.0,2,에이스 바스크 치즈,364,10,30,300.0,D08,True,2026년 하반기 신규 데이터 동기화 검수 완료 (표준 상품명 정규화 완료)
Export_Packaging_Work_Log_202605_09.csv,1,2026-08,2026-08-25,11.0,3,에이스씬에스프레소,291,12,30,360.0,D08,True,2026년 하반기 신규 데이터 동기화 검수 완료 (표준 상품명 정규화 완료)
Export_Packaging_Work_Log_202605_09.csv,1,2026-08,2026-08-25,11.0,4,버터링골드,194,12,30,360.0,D08,True,2026년 하반기 신규 데이터 동기화 검수 완료 (표준 상품명 정규화 완료)
Export_Packaging_Work_Log_202605_09.csv,1,2026-08,2026-08-25,11.0,5,버터링딥초코,155,10,30,300.0,D08,True,2026년 하반기 신규 데이터 동기화 검수 완료 (표준 상품명 정규화 완료)
Export_Packaging_Work_Log_202605_09.csv,1,2026-08,2026-08-25,11.0,6,구운 감자,135,10,10,100.0,D08,True,2026년 하반기 신규 데이터 동기화 검수 완료 (표준 상품명 정규화 완료)
Export_Packaging_Work_Log_202605_09.csv,1,2026-08,2026-08-25,11.0,7,연양갱,55,80,10,800.0,D08,True,2026년 하반기 신규 데이터 동기화 검수 완료 (표준 상품명 정규화 완료)
Export_Packaging_Work_Log_202605_09.csv,1,2026-08,2026-08-25,11.0,8,알사탕,126,16,10,160.0,D08,True,2026년 하반기 신규 데이터 동기화 검수 완료 (표준 상품명 정규화 완료)
Export_Packaging_Work_Log_202605_09.csv,1,2026-08,2026-08-25,11.0,9,오사쯔,100,10,20,200.0,D08,True,2026년 하반기 신규 데이터 동기화 검수 완료 (표준 상품명 정규화 완료)
Export_Packaging_Work_Log_202605_09.csv,1,2026-08,2026-08-25,11.0,10,오사쯔,100,10,20,200.0,D09,True,2026년 하반기 신규 데이터 동기화 검수 완료 (표준 상품명 정규화 완료)
Export_Packaging_Work_Log_202605_09.csv,1,2026-08,2026-08-25,11.0,11,버터링딥초코,155,10,20,200.0,D09,True,2026년 하반기 신규 데이터 동기화 검수 완료 (표준 상품명 정규화 완료)
Export_Packaging_Work_Log_202605_09.csv,1,2026-08,2026-08-25,11.0,12,에이스 바스크 치즈,364,10,20,200.0,D09,True,2026년 하반기 신규 데이터 동기화 검수 완료 (표준 상품명 정규화 완료)
Export_Packaging_Work_Log_202605_09.csv,1,2026-08,2026-08-25,11.0,13,버터링골드,194,12,20,240.0,D09,True,2026년 하반기 신규 데이터 동기화 검수 완료 (표준 상품명 정규화 완료)
Export_Packaging_Work_Log_202605_09.csv,1,2026-08,2026-08-25,11.0,14,구운 감자,135,10,30,300.0,D09,True,2026년 하반기 신규 데이터 동기화 검수 완료 (표준 상품명 정규화 완료)
Export_Packaging_Work_Log_202605_09.csv,1,2026-08,2026-08-25,11.0,15,버터링딥초코,155,10,150,1500.0,D38,True,2026년 하반기 신규 데이터 동기화 검수 완료 (표준 상품명 정규화 완료)
Export_Packaging_Work_Log_202605_09.csv,1,2026-08,2026-08-25,11.0,16,롤리폴리,62,24,50,1200.0,D38,True,2026년 하반기 신규 데이터 동기화 검수 완료 (표준 상품명 정규화 완료)
Export_Packaging_Work_Log_202605_09.csv,1,2026-08,2026-08-25,11.0,17,홈런볼 9팩,414,8,120,960.0,H-Mart_Global (미주),True,2026년 하반기 신규 데이터 동기화 검수 완료 (표준 상품명 정규화 완료)
Export_Packaging_Work_Log_202605_09.csv,1,2026-08,2026-08-25,11.0,18,홈런볼 9팩,414,8,80,640.0,D08,True,2026년 하반기 신규 데이터 동기화 검수 완료 (표준 상품명 정규화 완료)
Export_Packaging_Work_Log_202605_09.csv,1,2026-08,2026-08-25,11.0,19,홈런볼 9팩,414,8,30,240.0,H-Mart_Global (미주),True,2026년 하반기 신규 데이터 동기화 검수 완료 (표준 상품명 정규화 완료)
Export_Packaging_Work_Log_202605_09.csv,1,2026-08,2026-08-25,11.0,20,홈런볼 9팩,414,8,100,800.0,D09,True,2026년 하반기 신규 데이터 동기화 검수 완료 (표준 상품명 정규화 완료)
Export_Packaging_Work_Log_202605_09.csv,1,2026-08,2026-08-25,11.0,21,오예스 미니,192,12,30,360.0,캐나다21센츄리,True,2026년 하반기 신규 데이터 동기화 검수 완료 (표준 상품명 정규화 완료)
Export_Packaging_Work_Log_202605_09.csv,1,2026-08,2026-08-25,11.0,22,에이스씬에스프레소,291,12,100,1200.0,D76,True,2026년 하반기 신규 데이터 동기화 검수 완료 (표준 상품명 정규화 완료)
Export_Packaging_Work_Log_202605_09.csv,1,2026-08,2026-08-25,11.0,23,샌드에이스 우유크림,204,12,300,3600.0,D76,True,2026년 하반기 신규 데이터 동기화 검수 완료 (표준 상품명 정규화 완료)
Export_Packaging_Work_Log_202605_09.csv,1,2026-08,2026-08-25,11.0,24,에이스씬솔티카라멜,291,12,20,240.0,H-Mart_Global (미주),True,2026년 하반기 신규 데이터 동기화 검수 완료 (표준 상품명 정규화 완료)
Export_Packaging_Work_Log_202605_09.csv,1,2026-08,2026-08-25,11.0,25,구운 감자 케이스,108,12,20,240.0,H-Mart_Global (미주),True,2026년 하반기 신규 데이터 동기화 검수 완료 (표준 상품명 정규화 완료)
Export_Packaging_Work_Log_202605_09.csv,1,2026-08,2026-08-25,11.0,26,구운 감자 케이스,108,12,30,360.0,D08,True,2026년 하반기 신규 데이터 동기화 검수 완료 (표준 상품명 정규화 완료)
Export_Packaging_Work_Log_202605_09.csv,1,2026-08,2026-08-25,11.0,27,홈런볼옥수수4번들,156,12,50,600.0,D05,True,2026년 하반기 신규 데이터 동기화 검수 완료 (표준 상품명 정규화 완료)
Export_Packaging_Work_Log_202605_09.csv,1,2026-08,2026-08-25,11.0,28,에이스씬솔티카라멜,291,12,50,600.0,D05,True,2026년 하반기 신규 데이터 동기화 검수 완료 (표준 상품명 정규화 완료)
Export_Packaging_Work_Log_202605_09.csv,1,2026-08,2026-08-25,11.0,29,오예스베이크하우스얼&쇼,280,12,200,2400.0,D76,True,2026년 하반기 신규 데이터 동기화 검수 완료 (표준 상품명 정규화 완료)
Export_Packaging_Work_Log_202605_09.csv,1,2026-08,2026-08-25,11.0,30,box (외포장 라벨링),1,1,30,30.0,외포장 박스 작업,True,2026년 하반기 신규 데이터 동기화 검수 완료 (표준 상품명 정규화 완료)
Export_Packaging_Work_Log_202605_09.csv,1,2026-08,2026-08-26,11.0,1,오예스베이크하우스얼&쇼,280,12,300,3600.0,D76,True,2026년 하반기 신규 데이터 동기화 검수 완료 (표준 상품명 정규화 완료)
Export_Packaging_Work_Log_202605_09.csv,1,2026-08,2026-08-26,11.0,2,광동비타500,180,40,50,2000.0,Oceania_Health (호주),True,2026년 하반기 신규 데이터 동기화 검수 완료 (표준 상품명 정규화 완료)
Export_Packaging_Work_Log_202605_09.csv,1,2026-08,2026-08-26,11.0,3,옥수수 수염차,1.5,12,100,1200.0,Oceania_Health (호주),True,2026년 하반기 신규 데이터 동기화 검수 완료 (표준 상품명 정규화 완료)
Export_Packaging_Work_Log_202605_09.csv,1,2026-08,2026-08-26,11.0,4,옥수수 수염차,500,20,100,2000.0,Oceania_Health (호주),True,2026년 하반기 신규 데이터 동기화 검수 완료 (표준 상품명 정규화 완료)
Export_Packaging_Work_Log_202605_09.csv,1,2026-08,2026-08-26,11.0,5,진한헛개차,1.5,12,50,600.0,Oceania_Health (호주),True,2026년 하반기 신규 데이터 동기화 검수 완료 (표준 상품명 정규화 완료)
Export_Packaging_Work_Log_202605_09.csv,1,2026-08,2026-08-26,11.0,6,진한헛개차,500,20,60,1200.0,Oceania_Health (호주),True,2026년 하반기 신규 데이터 동기화 검수 완료 (표준 상품명 정규화 완료)
Export_Packaging_Work_Log_202605_09.csv,1,2026-08,2026-08-26,11.0,7,쌍화 골드,100,10,50,500.0,Oceania_Health (호주),True,2026년 하반기 신규 데이터 동기화 검수 완료 (표준 상품명 정규화 완료)
Export_Packaging_Work_Log_202605_09.csv,1,2026-08,2026-08-26,11.0,8,대추쌍화,150,40,30,1200.0,Oceania_Health (호주),True,2026년 하반기 신규 데이터 동기화 검수 완료 (표준 상품명 정규화 완료)
Export_Packaging_Work_Log_202605_09.csv,1,2026-08,2026-08-26,11.0,9,광동V라인슬림핏,150,50,20,1000.0,Oceania_Health (호주),True,2026년 하반기 신규 데이터 동기화 검수 완료 (표준 상품명 정규화 완료)
Export_Packaging_Work_Log_202605_09.csv,1,2026-08,2026-08-26,11.0,10,광옥고밸런스,10*30,10,10,100.0,Oceania_Health (호주),True,2026년 하반기 신규 데이터 동기화 검수 완료 (표준 상품명 정규화 완료)
Export_Packaging_Work_Log_202605_09.csv,1,2026-08,2026-08-26,11.0,11,밀싹보리차,500,20,40,800.0,Oceania_Health (호주),True,2026년 하반기 신규 데이터 동기화 검수 완료 (표준 상품명 정규화 완료)
Export_Packaging_Work_Log_202605_09.csv,1,2026-08,2026-08-26,11.0,12,까스활명수,75*10,6,300,1800.0,다온,True,2026년 하반기 신규 데이터 동기화 검수 완료 (표준 상품명 정규화 완료)
Export_Packaging_Work_Log_202605_09.csv,1,2026-08,2026-08-26,11.0,13,검은콩칼슘,950,12,50,600.0,다온,True,2026년 하반기 신규 데이터 동기화 검수 완료 (표준 상품명 정규화 완료)
Export_Packaging_Work_Log_202605_09.csv,1,2026-08,2026-08-26,11.0,14,검은콩호두와아몬드,950,12,50,600.0,다온,True,2026년 하반기 신규 데이터 동기화 검수 완료 (표준 상품명 정규화 완료)
Export_Packaging_Work_Log_202605_09.csv,1,2026-08,2026-08-26,11.0,15,치토스매콤달콤(대),164,12,300,3600.0,다온,True,2026년 하반기 신규 데이터 동기화 검수 완료 (표준 상품명 정규화 완료)
Export_Packaging_Work_Log_202605_09.csv,1,2026-08,2026-08-26,11.0,16,치토스바베큐(대),164,12,300,3600.0,다온,True,2026년 하반기 신규 데이터 동기화 검수 완료 (표준 상품명 정규화 완료)
Export_Packaging_Work_Log_202605_09.csv,1,2026-08,2026-08-26,11.0,17,치토스매콤달콤(소),82,12,100,1200.0,다온,True,2026년 하반기 신규 데이터 동기화 검수 완료 (표준 상품명 정규화 완료)
Export_Packaging_Work_Log_202605_09.csv,1,2026-08,2026-08-26,11.0,18,치토스바베큐(소),82,12,100,1200.0,다온,True,2026년 하반기 신규 데이터 동기화 검수 완료 (표준 상품명 정규화 완료)
Export_Packaging_Work_Log_202605_09.csv,1,2026-08,2026-08-26,11.0,19,신당동신떡볶이,230,12,230,2760.0,D38,True,2026년 하반기 신규 데이터 동기화 검수 완료 (표준 상품명 정규화 완료)
Export_Packaging_Work_Log_202605_09.csv,1,2026-08,2026-08-26,11.0,20,초코픽,45,24,277,6648.0,D76,True,2026년 하반기 신규 데이터 동기화 검수 완료 (표준 상품명 정규화 완료)
Export_Packaging_Work_Log_202605_09.csv,1,2026-08,2026-08-26,11.0,21,신쫄이 사과맛,24,120,40,4800.0,Central_Asia_Logistics (몽골),True,2026년 하반기 신규 데이터 동기화 검수 완료 (표준 상품명 정규화 완료)
Export_Packaging_Work_Log_202605_09.csv,1,2026-08,2026-08-27,12.0,1,초코픽,45,24,273,6552.0,D76,True,2026년 하반기 신규 데이터 동기화 검수 완료 (표준 상품명 정규화 완료)
Export_Packaging_Work_Log_202605_09.csv,1,2026-08,2026-08-27,12.0,2,자두,130,16,20,320.0,D08,True,2026년 하반기 신규 데이터 동기화 검수 완료 (표준 상품명 정규화 완료)
Export_Packaging_Work_Log_202605_09.csv,1,2026-08,2026-08-27,12.0,3,김부각맛칩,120,16,20,320.0,Euro_PanAsia (오스트리아),True,2026년 하반기 신규 데이터 동기화 검수 완료 (표준 상품명 정규화 완료)
Export_Packaging_Work_Log_202605_09.csv,1,2026-08,2026-08-27,12.0,4,밀강정,80,20,50,1000.0,Euro_PanAsia (오스트리아),True,2026년 하반기 신규 데이터 동기화 검수 완료 (표준 상품명 정규화 완료)
Export_Packaging_Work_Log_202605_09.csv,1,2026-08,2026-08-27,12.0,5,쌀강정,80,20,60,1200.0,Euro_PanAsia (오스트리아),True,2026년 하반기 신규 데이터 동기화 검수 완료 (표준 상품명 정규화 완료)
Export_Packaging_Work_Log_202605_09.csv,1,2026-08,2026-08-27,12.0,6,바나나킥,75,20,70,1400.0,Euro_PanAsia (오스트리아),True,2026년 하반기 신규 데이터 동기화 검수 완료 (표준 상품명 정규화 완료)
Export_Packaging_Work_Log_202605_09.csv,1,2026-08,2026-08-27,12.0,7,쌀대롱,220,16,50,800.0,Euro_PanAsia (오스트리아),True,2026년 하반기 신규 데이터 동기화 검수 완료 (표준 상품명 정규화 완료)
Export_Packaging_Work_Log_202605_09.csv,1,2026-08,2026-08-27,12.0,8,닭다리 스낵,280,12,120,1440.0,Euro_PanAsia (오스트리아),True,2026년 하반기 신규 데이터 동기화 검수 완료 (표준 상품명 정규화 완료)
Export_Packaging_Work_Log_202605_09.csv,1,2026-08,2026-08-27,12.0,9,신당동신떡볶이,110,24,30,720.0,Euro_PanAsia (오스트리아),True,2026년 하반기 신규 데이터 동기화 검수 완료 (표준 상품명 정규화 완료)
Export_Packaging_Work_Log_202605_09.csv,1,2026-08,2026-08-27,12.0,10,허니버터칩,60,16,130,2080.0,Euro_PanAsia (오스트리아),True,2026년 하반기 신규 데이터 동기화 검수 완료 (표준 상품명 정규화 완료)
Export_Packaging_Work_Log_202605_09.csv,1,2026-08,2026-08-27,12.0,11,홈런볼 초코,46,30,50,1500.0,Euro_PanAsia (오스트리아),True,2026년 하반기 신규 데이터 동기화 검수 완료 (표준 상품명 정규화 완료)
Export_Packaging_Work_Log_202605_09.csv,1,2026-08,2026-08-27,12.0,12,연양갱,55,80,10,800.0,Euro_PanAsia (오스트리아),True,2026년 하반기 신규 데이터 동기화 검수 완료 (표준 상품명 정규화 완료)
Export_Packaging_Work_Log_202605_09.csv,1,2026-08,2026-08-27,12.0,13,에이스,121,30,30,900.0,Euro_PanAsia (오스트리아),True,2026년 하반기 신규 데이터 동기화 검수 완료 (표준 상품명 정규화 완료)
Export_Packaging_Work_Log_202605_09.csv,1,2026-08,2026-08-27,12.0,14,사브레,84,24,30,720.0,Euro_PanAsia (오스트리아),True,2026년 하반기 신규 데이터 동기화 검수 완료 (표준 상품명 정규화 완료)
Export_Packaging_Work_Log_202605_09.csv,1,2026-08,2026-08-27,12.0,15,버터링골드,65,24,30,720.0,Euro_PanAsia (오스트리아),True,2026년 하반기 신규 데이터 동기화 검수 완료 (표준 상품명 정규화 완료)
Export_Packaging_Work_Log_202605_09.csv,1,2026-08,2026-08-27,12.0,16,비타500,100*10,10,50,500.0,Euro_PanAsia (오스트리아),True,2026년 하반기 신규 데이터 동기화 검수 완료 (표준 상품명 정규화 완료)
Export_Packaging_Work_Log_202605_09.csv,1,2026-08,2026-08-27,12.0,17,후렌치파이 딸기,192,12,30,360.0,Euro_PanAsia (오스트리아),True,2026년 하반기 신규 데이터 동기화 검수 완료 (표준 상품명 정규화 완료)
Export_Packaging_Work_Log_202605_09.csv,1,2026-08,2026-08-27,12.0,18,홈런볼초코(지컵),51,24,20,480.0,Euro_PanAsia (오스트리아),True,2026년 하반기 신규 데이터 동기화 검수 완료 (표준 상품명 정규화 완료)
Export_Packaging_Work_Log_202605_09.csv,1,2026-08,2026-08-27,12.0,19,초코픽,45,24,20,480.0,Euro_PanAsia (오스트리아),True,2026년 하반기 신규 데이터 동기화 검수 완료 (표준 상품명 정규화 완료)
Export_Packaging_Work_Log_202605_09.csv,1,2026-08,2026-08-27,12.0,20,후렌치파이 사과,192,12,40,480.0,Euro_PanAsia (오스트리아),True,2026년 하반기 신규 데이터 동기화 검수 완료 (표준 상품명 정규화 완료)
Export_Packaging_Work_Log_202605_09.csv,1,2026-08,2026-08-27,12.0,21,알사탕,126,16,20,320.0,Euro_PanAsia (오스트리아),True,2026년 하반기 신규 데이터 동기화 검수 완료 (표준 상품명 정규화 완료)
Export_Packaging_Work_Log_202605_09.csv,1,2026-08,2026-08-27,12.0,22,롤리폴리,62,24,10,240.0,Euro_PanAsia (오스트리아),True,2026년 하반기 신규 데이터 동기화 검수 완료 (표준 상품명 정규화 완료)
Export_Packaging_Work_Log_202605_09.csv,1,2026-08,2026-08-27,12.0,23,새콤달콤포도,29*15,6,100,600.0,Euro_PanAsia (오스트리아),True,2026년 하반기 신규 데이터 동기화 검수 완료 (표준 상품명 정규화 완료)
Export_Packaging_Work_Log_202605_09.csv,1,2026-08,2026-08-27,12.0,24,새콤달콤 딸기,29*15,6,90,540.0,Euro_PanAsia (오스트리아),True,2026년 하반기 신규 데이터 동기화 검수 완료 (표준 상품명 정규화 완료)
Export_Packaging_Work_Log_202605_09.csv,1,2026-08,2026-08-27,12.0,25,쿠크다스 화이트,77,21,70,1470.0,Euro_PanAsia (오스트리아),True,2026년 하반기 신규 데이터 동기화 검수 완료 (표준 상품명 정규화 완료)
Export_Packaging_Work_Log_202605_09.csv,1,2026-08,2026-08-27,12.0,26,산도딸기,161,12,80,960.0,Euro_PanAsia (오스트리아),True,2026년 하반기 신규 데이터 동기화 검수 완료 (표준 상품명 정규화 완료)
Export_Packaging_Work_Log_202605_09.csv,1,2026-08,2026-08-27,12.0,27,초코하임,47,21,40,840.0,Euro_PanAsia (오스트리아),True,2026년 하반기 신규 데이터 동기화 검수 완료 (표준 상품명 정규화 완료)
Export_Packaging_Work_Log_202605_09.csv,1,2026-08,2026-08-27,12.0,28,화이트 하임,47,21,30,630.0,Euro_PanAsia (오스트리아),True,2026년 하반기 신규 데이터 동기화 검수 완료 (표준 상품명 정규화 완료)
Export_Packaging_Work_Log_202605_09.csv,1,2026-08,2026-08-27,12.0,29,콘칩,70,16,70,1120.0,Euro_PanAsia (오스트리아),True,2026년 하반기 신규 데이터 동기화 검수 완료 (표준 상품명 정규화 완료)
Export_Packaging_Work_Log_202605_09.csv,1,2026-08,2026-08-27,12.0,30,죠리퐁,74,16,70,1120.0,Euro_PanAsia (오스트리아),True,2026년 하반기 신규 데이터 동기화 검수 완료 (표준 상품명 정규화 완료)
Export_Packaging_Work_Log_202605_09.csv,1,2026-08,2026-08-27,12.0,31,콘치 크림치즈,66,18,40,720.0,Euro_PanAsia (오스트리아),True,2026년 하반기 신규 데이터 동기화 검수 완료 (표준 상품명 정규화 완료)
Export_Packaging_Work_Log_202605_09.csv,1,2026-08,2026-08-27,12.0,32,츄러스,84,16,50,800.0,Euro_PanAsia (오스트리아),True,2026년 하반기 신규 데이터 동기화 검수 완료 (표준 상품명 정규화 완료)
Export_Packaging_Work_Log_202605_09.csv,1,2026-08,2026-08-27,12.0,33,카라멜콘 메이플,74,16,50,800.0,Euro_PanAsia (오스트리아),True,2026년 하반기 신규 데이터 동기화 검수 완료 (표준 상품명 정규화 완료)
Export_Packaging_Work_Log_202605_09.csv,1,2026-08,2026-08-27,12.0,34,신짱,120,16,80,1280.0,Euro_PanAsia (오스트리아),True,2026년 하반기 신규 데이터 동기화 검수 완료 (표준 상품명 정규화 완료)
Export_Packaging_Work_Log_202605_09.csv,1,2026-08,2026-08-27,12.0,35,맛동산밤라떼맛,290,8,215,1720.0,D76,True,2026년 하반기 신규 데이터 동기화 검수 완료 (표준 상품명 정규화 완료)
Export_Packaging_Work_Log_202605_09.csv,1,2026-08,2026-08-27,12.0,36,box (외포장 라벨링),1,1,1640,1640.0,외포장 박스 작업,True,2026년 하반기 신규 데이터 동기화 검수 완료 (표준 상품명 정규화 완료)
Export_Packaging_Work_Log_202605_09.csv,1,2026-08,2026-08-28,12.0,1,맛동산밤라떼맛,290,8,289,2312.0,D76,True,2026년 하반기 신규 데이터 동기화 검수 완료 (표준 상품명 정규화 완료)
Export_Packaging_Work_Log_202605_09.csv,1,2026-08,2026-08-28,12.0,2,샌드에이스크림라떼,204,12,504,6048.0,D76,True,2026년 하반기 신규 데이터 동기화 검수 완료 (표준 상품명 정규화 완료)
Export_Packaging_Work_Log_202605_09.csv,1,2026-08,2026-08-28,12.0,3,구운 감자 케이스,108,12,50,600.0,D74,True,2026년 하반기 신규 데이터 동기화 검수 완료 (표준 상품명 정규화 완료)
Export_Packaging_Work_Log_202605_09.csv,1,2026-08,2026-08-28,12.0,4,오사쯔,100,10,300,3000.0,D74,True,2026년 하반기 신규 데이터 동기화 검수 완료 (표준 상품명 정규화 완료)
Export_Packaging_Work_Log_202605_09.csv,1,2026-08,2026-08-28,12.0,5,바삭한올모짜핫도그,400,12,200,2400.0,Global_Mart_Canada (캐나다),True,2026년 하반기 신규 데이터 동기화 검수 완료 (표준 상품명 정규화 완료)
Export_Packaging_Work_Log_202605_09.csv,1,2026-08,2026-08-28,12.0,6,감자올모짜핫도그,360,12,100,1200.0,Global_Mart_Canada (캐나다),True,2026년 하반기 신규 데이터 동기화 검수 완료 (표준 상품명 정규화 완료)
Export_Packaging_Work_Log_202605_09.csv,1,2026-08,2026-08-28,12.0,7,홈런볼옥수수4번들,156,12,20,240.0,H-Mart_Global (미주),True,2026년 하반기 신규 데이터 동기화 검수 완료 (표준 상품명 정규화 완료)
Export_Packaging_Work_Log_202605_09.csv,1,2026-08,2026-08-28,12.0,8,구운감자슬림,240,12,200,2400.0,해태 대만,True,2026년 하반기 신규 데이터 동기화 검수 완료 (표준 상품명 정규화 완료)
Export_Packaging_Work_Log_202605_09.csv,1,2026-08,2026-08-28,12.0,9,빵빠레 초코,195,15,40,600.0,Global_Mart_Canada (캐나다),True,2026년 하반기 신규 데이터 동기화 검수 완료 (표준 상품명 정규화 완료)
Export_Packaging_Work_Log_202605_09.csv,1,2026-08,2026-08-28,12.0,10,빵빠레 바닐라,195,15,40,600.0,Global_Mart_Canada (캐나다),True,2026년 하반기 신규 데이터 동기화 검수 완료 (표준 상품명 정규화 완료)
Export_Packaging_Work_Log_202605_09.csv,1,2026-08,2026-08-28,12.0,11,찰떡아이스,90,24,100,2400.0,Global_Mart_Canada (캐나다),True,2026년 하반기 신규 데이터 동기화 검수 완료 (표준 상품명 정규화 완료)
Export_Packaging_Work_Log_202605_09.csv,1,2026-08,2026-08-28,12.0,12,스크류 아이스,160,20,100,2000.0,Global_Mart_Canada (캐나다),True,2026년 하반기 신규 데이터 동기화 검수 완료 (표준 상품명 정규화 완료)
Export_Packaging_Work_Log_202605_09.csv,1,2026-08,2026-08-28,12.0,13,월드콘 바닐라,160,24,30,720.0,Global_Mart_Canada (캐나다),True,2026년 하반기 신규 데이터 동기화 검수 완료 (표준 상품명 정규화 완료)
Export_Packaging_Work_Log_202605_09.csv,1,2026-08,2026-08-28,12.0,14,찰떡아이스쿠앤크,90,24,40,960.0,Global_Mart_Canada (캐나다),True,2026년 하반기 신규 데이터 동기화 검수 완료 (표준 상품명 정규화 완료)
Export_Packaging_Work_Log_202605_09.csv,1,2026-08,2026-08-28,12.0,15,돼지바,70,40,50,2000.0,Global_Mart_Canada (캐나다),True,2026년 하반기 신규 데이터 동기화 검수 완료 (표준 상품명 정규화 완료)
Export_Packaging_Work_Log_202605_09.csv,1,2026-08,2026-08-28,12.0,16,바삭한올모짜핫도그,400,12,200,2400.0,Global_Mart_Canada (캐나다),True,2026년 하반기 신규 데이터 동기화 검수 완료 (표준 상품명 정규화 완료)
Export_Packaging_Work_Log_202605_09.csv,1,2026-08,2026-08-28,12.0,17,감자올모짜핫도그,360,12,100,1200.0,Global_Mart_Canada (캐나다),True,2026년 하반기 신규 데이터 동기화 검수 완료 (표준 상품명 정규화 완료)
Export_Packaging_Work_Log_202605_09.csv,1,2026-08,2026-08-28,12.0,18,빙빙바,75,40,60,2400.0,Global_Mart_Canada (캐나다),True,2026년 하반기 신규 데이터 동기화 검수 완료 (표준 상품명 정규화 완료)
Export_Packaging_Work_Log_202605_09.csv,1,2026-08,2026-08-28,12.0,19,와일드바디,70,40,80,3200.0,Global_Mart_Canada (캐나다),True,2026년 하반기 신규 데이터 동기화 검수 완료 (표준 상품명 정규화 완료)
Export_Packaging_Work_Log_202605_09.csv,1,2026-08,2026-08-28,12.0,20,빠삐코 초코 튜브,130,35,100,3500.0,Global_Mart_Canada (캐나다),True,2026년 하반기 신규 데이터 동기화 검수 완료 (표준 상품명 정규화 완료)
Export_Packaging_Work_Log_202605_09.csv,1,2026-08,2026-08-28,12.0,21,에이스 바스크 치즈,364,10,116,1160.0,D75,True,2026년 하반기 신규 데이터 동기화 검수 완료 (표준 상품명 정규화 완료)
Export_Packaging_Work_Log_202605_09.csv,1,2026-08,2026-08-29,12.0,1,에이스 바스크 치즈,364,10,184,1840.0,D75,True,2026년 하반기 신규 데이터 동기화 검수 완료 (표준 상품명 정규화 완료)
Export_Packaging_Work_Log_202605_09.csv,1,2026-08,2026-08-29,12.0,2,사브레,252,12,100,1200.0,D75,True,2026년 하반기 신규 데이터 동기화 검수 완료 (표준 상품명 정규화 완료)
Export_Packaging_Work_Log_202605_09.csv,1,2026-08,2026-08-29,12.0,3,구운 감자,27,30,450,13500.0,D75,True,2026년 하반기 신규 데이터 동기화 검수 완료 (표준 상품명 정규화 완료)
Export_Packaging_Work_Log_202605_09.csv,1,2026-08,2026-08-29,12.0,4,구운감자슬림,240,12,100,1200.0,D75,True,2026년 하반기 신규 데이터 동기화 검수 완료 (표준 상품명 정규화 완료)
Export_Packaging_Work_Log_202605_09.csv,1,2026-08,2026-08-29,12.0,5,자두캔디,130,16,100,1600.0,Euro_PanAsia (오스트리아),True,2026년 하반기 신규 데이터 동기화 검수 완료 (표준 상품명 정규화 완료)
Export_Packaging_Work_Log_202605_09.csv,1,2026-08,2026-08-29,12.0,6,초코송이,50,28,300,8400.0,Global_Mart_Canada (캐나다),True,2026년 하반기 신규 데이터 동기화 검수 완료 (표준 상품명 정규화 완료)
Export_Packaging_Work_Log_202605_09.csv,1,2026-08,2026-08-29,12.0,7,환만식초,15,1,80,80.0,Global_Mart_Canada (캐나다),True,2026년 하반기 신규 데이터 동기화 검수 완료 (표준 상품명 정규화 완료)
Export_Packaging_Work_Log_202605_09.csv,1,2026-08,2026-08-29,12.0,8,마린보이,40,30,100,3000.0,Global_Mart_Canada (캐나다),True,2026년 하반기 신규 데이터 동기화 검수 완료 (표준 상품명 정규화 완료)
Export_Packaging_Work_Log_202605_09.csv,1,2026-08,2026-08-29,12.0,9,왕고래밥볶음,56,24,150,3600.0,Global_Mart_Canada (캐나다),True,2026년 하반기 신규 데이터 동기화 검수 완료 (표준 상품명 정규화 완료)
Export_Packaging_Work_Log_202605_09.csv,1,2026-08,2026-08-29,12.0,10,썬 핫 스파이시,135,12,150,1800.0,Global_Mart_Canada (캐나다),True,2026년 하반기 신규 데이터 동기화 검수 완료 (표준 상품명 정규화 완료)
Export_Packaging_Work_Log_202605_09.csv,1,2026-08,2026-08-29,12.0,11,꼬북칩콘스프,80,12,180,2160.0,Global_Mart_Canada (캐나다),True,2026년 하반기 신규 데이터 동기화 검수 완료 (표준 상품명 정규화 완료)
Export_Packaging_Work_Log_202605_09.csv,1,2026-08,2026-08-29,12.0,12,허니버터칩,60,16,100,1600.0,Global_Mart_Canada (캐나다),True,2026년 하반기 신규 데이터 동기화 검수 완료 (표준 상품명 정규화 완료)
Export_Packaging_Work_Log_202605_09.csv,1,2026-08,2026-08-29,12.0,13,허니버터칩,120,12,70,840.0,Global_Mart_Canada (캐나다),True,2026년 하반기 신규 데이터 동기화 검수 완료 (표준 상품명 정규화 완료)
Export_Packaging_Work_Log_202605_09.csv,1,2026-08,2026-08-29,12.0,14,홈런볼 초코,46,30,40,1200.0,Global_Mart_Canada (캐나다),True,2026년 하반기 신규 데이터 동기화 검수 완료 (표준 상품명 정규화 완료)
Export_Packaging_Work_Log_202605_09.csv,1,2026-08,2026-08-29,12.0,15,신쫄이 딸기맛,24,120,25,3000.0,Global_Mart_Canada (캐나다),True,2026년 하반기 신규 데이터 동기화 검수 완료 (표준 상품명 정규화 완료)
Export_Packaging_Work_Log_202605_09.csv,1,2026-08,2026-08-29,12.0,16,에이스,364,10,100,1000.0,Global_Mart_Canada (캐나다),True,2026년 하반기 신규 데이터 동기화 검수 완료 (표준 상품명 정규화 완료)
Export_Packaging_Work_Log_202605_09.csv,1,2026-08,2026-08-29,12.0,17,신쫄이 레몬콜라맛,24,120,15,1800.0,Global_Mart_Canada (캐나다),True,2026년 하반기 신규 데이터 동기화 검수 완료 (표준 상품명 정규화 완료)
Export_Packaging_Work_Log_202605_09.csv,1,2026-08,2026-08-29,12.0,18,구운 감자 케이스,108,12,20,240.0,Global_Mart_Canada (캐나다),True,2026년 하반기 신규 데이터 동기화 검수 완료 (표준 상품명 정규화 완료)
Export_Packaging_Work_Log_202605_09.csv,1,2026-08,2026-08-29,12.0,19,box (외포장 라벨링),1,1,100,100.0,외포장 박스 작업,True,2026년 하반기 신규 데이터 동기화 검수 완료 (표준 상품명 정규화 완료)
Export_Packaging_Work_Log_202605_09.csv,1,2026-09,2026-09-01,12.0,1,버터링딥초코,155,10,40,400.0,Global_Mart_Canada (캐나다),True,2026년 하반기 신규 데이터 동기화 검수 완료 (표준 상품명 정규화 완료)
Export_Packaging_Work_Log_202605_09.csv,1,2026-09,2026-09-01,12.0,2,버터링골드,65,24,10,240.0,Global_Mart_Canada (캐나다),True,2026년 하반기 신규 데이터 동기화 검수 완료 (표준 상품명 정규화 완료)
Export_Packaging_Work_Log_202605_09.csv,1,2026-09,2026-09-01,12.0,3,버터링골드,194,12,25,300.0,Global_Mart_Canada (캐나다),True,2026년 하반기 신규 데이터 동기화 검수 완료 (표준 상품명 정규화 완료)
Export_Packaging_Work_Log_202605_09.csv,1,2026-09,2026-09-01,12.0,4,사브레,84,24,30,720.0,Global_Mart_Canada (캐나다),True,2026년 하반기 신규 데이터 동기화 검수 완료 (표준 상품명 정규화 완료)
Export_Packaging_Work_Log_202605_09.csv,1,2026-09,2026-09-01,12.0,5,홈런볼 초코 벌크,128,12,50,600.0,Global_Mart_Canada (캐나다),True,2026년 하반기 신규 데이터 동기화 검수 완료 (표준 상품명 정규화 완료)
Export_Packaging_Work_Log_202605_09.csv,1,2026-09,2026-09-01,12.0,6,크림몽쉘,408,8,50,400.0,Global_Mart_Canada (캐나다),True,2026년 하반기 신규 데이터 동기화 검수 완료 (표준 상품명 정규화 완료)
Export_Packaging_Work_Log_202605_09.csv,1,2026-09,2026-09-01,12.0,7,카카오몽쉘,204,16,30,480.0,Global_Mart_Canada (캐나다),True,2026년 하반기 신규 데이터 동기화 검수 완료 (표준 상품명 정규화 완료)
Export_Packaging_Work_Log_202605_09.csv,1,2026-09,2026-09-01,12.0,8,카카오몽쉘,108,8,50,400.0,Global_Mart_Canada (캐나다),True,2026년 하반기 신규 데이터 동기화 검수 완료 (표준 상품명 정규화 완료)
Export_Packaging_Work_Log_202605_09.csv,1,2026-09,2026-09-01,12.0,9,명가찰떡초코,350,8,40,320.0,Global_Mart_Canada (캐나다),True,2026년 하반기 신규 데이터 동기화 검수 완료 (표준 상품명 정규화 완료)
Export_Packaging_Work_Log_202605_09.csv,1,2026-09,2026-09-01,12.0,10,ABC초코쿠키,50,32,15,480.0,Global_Mart_Canada (캐나다),True,2026년 하반기 신규 데이터 동기화 검수 완료 (표준 상품명 정규화 완료)
Export_Packaging_Work_Log_202605_09.csv,1,2026-09,2026-09-01,12.0,11,가나프리미엄랑드샤쇼콜라,91,12,5,60.0,Global_Mart_Canada (캐나다),True,2026년 하반기 신규 데이터 동기화 검수 완료 (표준 상품명 정규화 완료)
Export_Packaging_Work_Log_202605_09.csv,1,2026-09,2026-09-01,12.0,12,가나 마일드,70,40,5,200.0,Global_Mart_Canada (캐나다),True,2026년 하반기 신규 데이터 동기화 검수 완료 (표준 상품명 정규화 완료)
Export_Packaging_Work_Log_202605_09.csv,1,2026-09,2026-09-01,12.0,13,칸쵸컵,95,15,40,600.0,Global_Mart_Canada (캐나다),True,2026년 하반기 신규 데이터 동기화 검수 완료 (표준 상품명 정규화 완료)
Export_Packaging_Work_Log_202605_09.csv,1,2026-09,2026-09-01,12.0,14,찰떡파이 초코,210,12,70,840.0,Global_Mart_Canada (캐나다),True,2026년 하반기 신규 데이터 동기화 검수 완료 (표준 상품명 정규화 완료)
Export_Packaging_Work_Log_202605_09.csv,1,2026-09,2026-09-01,12.0,15,크런키 빼빼로,39,40,60,2400.0,Global_Mart_Canada (캐나다),True,2026년 하반기 신규 데이터 동기화 검수 완료 (표준 상품명 정규화 완료)
Export_Packaging_Work_Log_202605_09.csv,1,2026-09,2026-09-01,12.0,16,칸쵸 벌크,168,12,60,720.0,Global_Mart_Canada (캐나다),True,2026년 하반기 신규 데이터 동기화 검수 완료 (표준 상품명 정규화 완료)
Export_Packaging_Work_Log_202605_09.csv,1,2026-09,2026-09-01,12.0,17,빈츠,204,16,80,1280.0,Global_Mart_Canada (캐나다),True,2026년 하반기 신규 데이터 동기화 검수 완료 (표준 상품명 정규화 완료)
Export_Packaging_Work_Log_202605_09.csv,1,2026-09,2026-09-01,12.0,18,롤리팝아이스,132,14,30,420.0,Global_Mart_Canada (캐나다),True,2026년 하반기 신규 데이터 동기화 검수 완료 (표준 상품명 정규화 완료)
Export_Packaging_Work_Log_202605_09.csv,1,2026-09,2026-09-01,12.0,19,자일리톨알파오리지널,86,24,40,960.0,Global_Mart_Canada (캐나다),True,2026년 하반기 신규 데이터 동기화 검수 완료 (표준 상품명 정규화 완료)
Export_Packaging_Work_Log_202605_09.csv,1,2026-09,2026-09-01,12.0,20,초코파이,336,8,100,800.0,Global_Mart_Canada (캐나다),True,2026년 하반기 신규 데이터 동기화 검수 완료 (표준 상품명 정규화 완료)
Export_Packaging_Work_Log_202605_09.csv,1,2026-09,2026-09-01,12.0,21,쫄병스낵 매콤한맛,82,30,25,750.0,Global_Mart_Canada (캐나다),True,2026년 하반기 신규 데이터 동기화 검수 완료 (표준 상품명 정규화 완료)
Export_Packaging_Work_Log_202605_09.csv,1,2026-09,2026-09-01,12.0,22,쫄병스낵 안성탕면맛,77,30,25,750.0,Global_Mart_Canada (캐나다),True,2026년 하반기 신규 데이터 동기화 검수 완료 (표준 상품명 정규화 완료)
Export_Packaging_Work_Log_202605_09.csv,1,2026-09,2026-09-01,12.0,23,쫄병스낵바베큐맛,82,30,25,750.0,Global_Mart_Canada (캐나다),True,2026년 하반기 신규 데이터 동기화 검수 완료 (표준 상품명 정규화 완료)
Export_Packaging_Work_Log_202605_09.csv,1,2026-09,2026-09-01,12.0,24,조청유과,320,10,30,300.0,Global_Mart_Canada (캐나다),True,2026년 하반기 신규 데이터 동기화 검수 완료 (표준 상품명 정규화 완료)
Export_Packaging_Work_Log_202605_09.csv,1,2026-09,2026-09-01,12.0,25,벌집핏자,90,20,20,400.0,Global_Mart_Canada (캐나다),True,2026년 하반기 신규 데이터 동기화 검수 완료 (표준 상품명 정규화 완료)
Export_Packaging_Work_Log_202605_09.csv,1,2026-09,2026-09-01,12.0,26,포스틱,84,20,20,400.0,Global_Mart_Canada (캐나다),True,2026년 하반기 신규 데이터 동기화 검수 완료 (표준 상품명 정규화 완료)
Export_Packaging_Work_Log_202605_09.csv,1,2026-09,2026-09-01,12.0,27,닭다리 후라이드,66,20,20,400.0,Global_Mart_Canada (캐나다),True,2026년 하반기 신규 데이터 동기화 검수 완료 (표준 상품명 정규화 완료)
Export_Packaging_Work_Log_202605_09.csv,1,2026-09,2026-09-01,12.0,28,닭다리핫숯불바베큐,66,20,15,300.0,Global_Mart_Canada (캐나다),True,2026년 하반기 신규 데이터 동기화 검수 완료 (표준 상품명 정규화 완료)
Export_Packaging_Work_Log_202605_09.csv,1,2026-09,2026-09-01,12.0,29,죠리퐁,74,16,30,480.0,Global_Mart_Canada (캐나다),True,2026년 하반기 신규 데이터 동기화 검수 완료 (표준 상품명 정규화 완료)
Export_Packaging_Work_Log_202605_09.csv,1,2026-09,2026-09-01,12.0,30,츄러스,84,16,40,640.0,Global_Mart_Canada (캐나다),True,2026년 하반기 신규 데이터 동기화 검수 완료 (표준 상품명 정규화 완료)
Export_Packaging_Work_Log_202605_09.csv,1,2026-09,2026-09-01,12.0,31,망고캔,240,30,121,3630.0,Global_Mart_Canada (캐나다),True,2026년 하반기 신규 데이터 동기화 검수 완료 (표준 상품명 정규화 완료)
Export_Packaging_Work_Log_202605_09.csv,1,2026-09,2026-09-01,12.0,32,얼려먹는 초코 만들기,38,24,50,1200.0,D75,True,2026년 하반기 신규 데이터 동기화 검수 완료 (표준 상품명 정규화 완료)
Export_Packaging_Work_Log_202605_09.csv,1,2026-09,2026-09-01,12.0,33,크림 웨하스,50,40,50,2000.0,D75,True,2026년 하반기 신규 데이터 동기화 검수 완료 (표준 상품명 정규화 완료)
Export_Packaging_Work_Log_202605_09.csv,1,2026-09,2026-09-01,12.0,34,딸기 웨하스,50,40,50,2000.0,D75,True,2026년 하반기 신규 데이터 동기화 검수 완료 (표준 상품명 정규화 완료)
Export_Packaging_Work_Log_202605_09.csv,1,2026-09,2026-09-01,12.0,35,버터링딥초코,155,10,100,1000.0,D75,True,2026년 하반기 신규 데이터 동기화 검수 완료 (표준 상품명 정규화 완료)
Export_Packaging_Work_Log_202605_09.csv,1,2026-09,2026-09-01,12.0,36,롤리폴리,196,10,400,4000.0,D75,True,2026년 하반기 신규 데이터 동기화 검수 완료 (표준 상품명 정규화 완료)
Export_Packaging_Work_Log_202605_09.csv,1,2026-09,2026-09-01,12.0,37,신당동신떡볶이,230,12,230,2760.0,D38,True,2026년 하반기 신규 데이터 동기화 검수 완료 (표준 상품명 정규화 완료)
Export_Packaging_Work_Log_202605_09.csv,1,2026-09,2026-09-01,12.0,38,구운감자슬림,240,12,300,3600.0,Buyer_D02 (미국),True,2026년 하반기 신규 데이터 동기화 검수 완료 (표준 상품명 정규화 완료)
Export_Packaging_Work_Log_202605_09.csv,1,2026-09,2026-09-01,12.0,39,광동비타500치어팩,250,30,25,750.0,광동 코리아푸드,True,2026년 하반기 신규 데이터 동기화 검수 완료 (표준 상품명 정규화 완료)
Export_Packaging_Work_Log_202605_09.csv,1,2026-09,2026-09-01,12.0,40,옥수수 수염차,500,20,80,1600.0,광동 코리아푸드,True,2026년 하반기 신규 데이터 동기화 검수 완료 (표준 상품명 정규화 완료)
Export_Packaging_Work_Log_202605_09.csv,1,2026-09,2026-09-02,12.0,1,밀싹보리차,500,24,40,960.0,광동 코리아푸드,True,2026년 하반기 신규 데이터 동기화 검수 완료 (표준 상품명 정규화 완료)
Export_Packaging_Work_Log_202605_09.csv,1,2026-09,2026-09-02,12.0,2,우엉차,500,24,50,1200.0,광동 코리아푸드,True,2026년 하반기 신규 데이터 동기화 검수 완료 (표준 상품명 정규화 완료)
Export_Packaging_Work_Log_202605_09.csv,1,2026-09,2026-09-02,12.0,3,진한헛개차,500,20,55,1100.0,광동 코리아푸드,True,2026년 하반기 신규 데이터 동기화 검수 완료 (표준 상품명 정규화 완료)
Export_Packaging_Work_Log_202605_09.csv,1,2026-09,2026-09-02,12.0,4,비타500ZERO,100,10,60,600.0,광동 코리아푸드,True,2026년 하반기 신규 데이터 동기화 검수 완료 (표준 상품명 정규화 완료)
Export_Packaging_Work_Log_202605_09.csv,1,2026-09,2026-09-02,12.0,5,옥수수 수염차,1.5,12,80,960.0,광동 코리아푸드,True,2026년 하반기 신규 데이터 동기화 검수 완료 (표준 상품명 정규화 완료)
Export_Packaging_Work_Log_202605_09.csv,1,2026-09,2026-09-02,12.0,6,진한헛개차,1.5,12,85,1020.0,광동 코리아푸드,True,2026년 하반기 신규 데이터 동기화 검수 완료 (표준 상품명 정규화 완료)
Export_Packaging_Work_Log_202605_09.csv,1,2026-09,2026-09-02,12.0,7,밀싹보리차,1.5,12,45,540.0,광동 코리아푸드,True,2026년 하반기 신규 데이터 동기화 검수 완료 (표준 상품명 정규화 완료)
Export_Packaging_Work_Log_202605_09.csv,1,2026-09,2026-09-02,12.0,8,쌍화 골드,100,10,20,200.0,광동 코리아푸드,True,2026년 하반기 신규 데이터 동기화 검수 완료 (표준 상품명 정규화 완료)
Export_Packaging_Work_Log_202605_09.csv,1,2026-09,2026-09-02,12.0,9,생강쌍화,120,10,20,200.0,광동 코리아푸드,True,2026년 하반기 신규 데이터 동기화 검수 완료 (표준 상품명 정규화 완료)
Export_Packaging_Work_Log_202605_09.csv,1,2026-09,2026-09-02,12.0,10,대추쌍화,150,10,15,150.0,광동 코리아푸드,True,2026년 하반기 신규 데이터 동기화 검수 완료 (표준 상품명 정규화 완료)
Export_Packaging_Work_Log_202605_09.csv,1,2026-09,2026-09-02,12.0,11,복분자,100,10,15,150.0,광동 코리아푸드,True,2026년 하반기 신규 데이터 동기화 검수 완료 (표준 상품명 정규화 완료)
Export_Packaging_Work_Log_202605_09.csv,1,2026-09,2026-09-02,12.0,12,진홍삼 골드,100,10,35,350.0,광동 코리아푸드,True,2026년 하반기 신규 데이터 동기화 검수 완료 (표준 상품명 정규화 완료)
Export_Packaging_Work_Log_202605_09.csv,1,2026-09,2026-09-02,12.0,13,헛개 파워,100,10,10,100.0,광동 코리아푸드,True,2026년 하반기 신규 데이터 동기화 검수 완료 (표준 상품명 정규화 완료)
Export_Packaging_Work_Log_202605_09.csv,1,2026-09,2026-09-02,12.0,14,위생천,75,10,20,200.0,광동 코리아푸드,True,2026년 하반기 신규 데이터 동기화 검수 완료 (표준 상품명 정규화 완료)
Export_Packaging_Work_Log_202605_09.csv,1,2026-09,2026-09-02,12.0,15,오징어젓,10kg,1,200,200.0,Global_Mart_Canada (캐나다),True,2026년 하반기 신규 데이터 동기화 검수 완료 (표준 상품명 정규화 완료)
Export_Packaging_Work_Log_202605_09.csv,1,2026-09,2026-09-02,12.0,16,구운 감자,135,10,120,1200.0,대만,True,2026년 하반기 신규 데이터 동기화 검수 완료 (표준 상품명 정규화 완료)
Export_Packaging_Work_Log_202605_09.csv,1,2026-09,2026-09-02,12.0,17,칸타빌레블루베리에이드,230,50,60,3000.0,Global_Mart_Canada (캐나다),True,2026년 하반기 신규 데이터 동기화 검수 완료 (표준 상품명 정규화 완료)
Export_Packaging_Work_Log_202605_09.csv,1,2026-09,2026-09-02,12.0,18,칸타빌레딸기에이드,230,50,30,1500.0,Global_Mart_Canada (캐나다),True,2026년 하반기 신규 데이터 동기화 검수 완료 (표준 상품명 정규화 완료)
Export_Packaging_Work_Log_202605_09.csv,1,2026-09,2026-09-02,12.0,19,칸타빌레더블망고에이드,230,50,30,1500.0,Global_Mart_Canada (캐나다),True,2026년 하반기 신규 데이터 동기화 검수 완료 (표준 상품명 정규화 완료)
Export_Packaging_Work_Log_202605_09.csv,1,2026-09,2026-09-02,12.0,20,칸타빌레복숭아아이스티,230,50,50,2500.0,Global_Mart_Canada (캐나다),True,2026년 하반기 신규 데이터 동기화 검수 완료 (표준 상품명 정규화 완료)
Export_Packaging_Work_Log_202605_09.csv,1,2026-09,2026-09-02,12.0,21,칸타빌레블랙아메리카노,230,50,50,2500.0,Global_Mart_Canada (캐나다),True,2026년 하반기 신규 데이터 동기화 검수 완료 (표준 상품명 정규화 완료)
Export_Packaging_Work_Log_202605_09.csv,1,2026-09,2026-09-02,12.0,22,칸타빌레청포도에이드,230,50,50,2500.0,Global_Mart_Canada (캐나다),True,2026년 하반기 신규 데이터 동기화 검수 완료 (표준 상품명 정규화 완료)
Export_Packaging_Work_Log_202605_09.csv,1,2026-09,2026-09-02,12.0,23,칸타빌레헤이즐넛아메리카노,230,50,60,3000.0,Global_Mart_Canada (캐나다),True,2026년 하반기 신규 데이터 동기화 검수 완료 (표준 상품명 정규화 완료)
Export_Packaging_Work_Log_202605_09.csv,1,2026-09,2026-09-02,12.0,24,칸타빌레 스위트 아메리카노,230,50,50,2500.0,Global_Mart_Canada (캐나다),True,2026년 하반기 신규 데이터 동기화 검수 완료 (표준 상품명 정규화 완료)
Export_Packaging_Work_Log_202605_09.csv,1,2026-09,2026-09-02,12.0,25,칸타빌레사과에이드,230,50,40,2000.0,Global_Mart_Canada (캐나다),True,2026년 하반기 신규 데이터 동기화 검수 완료 (표준 상품명 정규화 완료)
Export_Packaging_Work_Log_202605_09.csv,1,2026-09,2026-09-02,12.0,26,칸타빌레바닐라맛아메리카노,230,50,30,1500.0,Global_Mart_Canada (캐나다),True,2026년 하반기 신규 데이터 동기화 검수 완료 (표준 상품명 정규화 완료)
Export_Packaging_Work_Log_202605_09.csv,1,2026-09,2026-09-02,12.0,27,메가톤,70,40,100,4000.0,Global_Mart_Canada (캐나다),True,2026년 하반기 신규 데이터 동기화 검수 완료 (표준 상품명 정규화 완료)
Export_Packaging_Work_Log_202605_09.csv,1,2026-09,2026-09-02,12.0,28,설레임 밀크쉐이크,160,24,200,4800.0,Global_Mart_Canada (캐나다),True,2026년 하반기 신규 데이터 동기화 검수 완료 (표준 상품명 정규화 완료)
Export_Packaging_Work_Log_202605_09.csv,1,2026-09,2026-09-02,12.0,29,설레임쿠키앤크림,160,24,108,2592.0,Global_Mart_Canada (캐나다),True,2026년 하반기 신규 데이터 동기화 검수 완료 (표준 상품명 정규화 완료)
Export_Packaging_Work_Log_202605_09.csv,1,2026-09,2026-09-03,12.0,1,설레임쿠키앤크림,160,24,42,1008.0,Global_Mart_Canada (캐나다),True,2026년 하반기 신규 데이터 동기화 검수 완료 (표준 상품명 정규화 완료)
Export_Packaging_Work_Log_202605_09.csv,1,2026-09,2026-09-03,12.0,2,월드콘 바닐라,160,24,120,2880.0,Global_Mart_Canada (캐나다),True,2026년 하반기 신규 데이터 동기화 검수 완료 (표준 상품명 정규화 완료)
Export_Packaging_Work_Log_202605_09.csv,1,2026-09,2026-09-03,12.0,3,돼지바,70,40,100,4000.0,Global_Mart_Canada (캐나다),True,2026년 하반기 신규 데이터 동기화 검수 완료 (표준 상품명 정규화 완료)
Export_Packaging_Work_Log_202605_09.csv,1,2026-09,2026-09-03,12.0,4,빠삐코 초코 튜브,130,35,100,3500.0,Global_Mart_Canada (캐나다),True,2026년 하반기 신규 데이터 동기화 검수 완료 (표준 상품명 정규화 완료)
Export_Packaging_Work_Log_202605_09.csv,1,2026-09,2026-09-03,12.0,5,초코퍼지,70,40,50,2000.0,Global_Mart_Canada (캐나다),True,2026년 하반기 신규 데이터 동기화 검수 완료 (표준 상품명 정규화 완료)
Export_Packaging_Work_Log_202605_09.csv,1,2026-09,2026-09-03,12.0,6,찰떡아이스딸기,80,24,50,1200.0,Global_Mart_Canada (캐나다),True,2026년 하반기 신규 데이터 동기화 검수 완료 (표준 상품명 정규화 완료)
Export_Packaging_Work_Log_202605_09.csv,1,2026-09,2026-09-03,12.0,7,일품 팥빙수,240,12,200,2400.0,Global_Mart_Canada (캐나다),True,2026년 하반기 신규 데이터 동기화 검수 완료 (표준 상품명 정규화 완료)
Export_Packaging_Work_Log_202605_09.csv,1,2026-09,2026-09-03,12.0,8,월드콘쿠키앤크림,160,24,100,2400.0,Global_Mart_Canada (캐나다),True,2026년 하반기 신규 데이터 동기화 검수 완료 (표준 상품명 정규화 완료)
Export_Packaging_Work_Log_202605_09.csv,1,2026-09,2026-09-03,12.0,9,빵빠레 초코,195,15,50,750.0,Global_Mart_Canada (캐나다),True,2026년 하반기 신규 데이터 동기화 검수 완료 (표준 상품명 정규화 완료)
Export_Packaging_Work_Log_202605_09.csv,1,2026-09,2026-09-03,12.0,10,빵빠레 바닐라,195,15,60,900.0,Global_Mart_Canada (캐나다),True,2026년 하반기 신규 데이터 동기화 검수 완료 (표준 상품명 정규화 완료)
Export_Packaging_Work_Log_202605_09.csv,1,2026-09,2026-09-03,12.0,11,아맛나바,70,40,70,2800.0,Global_Mart_Canada (캐나다),True,2026년 하반기 신규 데이터 동기화 검수 완료 (표준 상품명 정규화 완료)
Export_Packaging_Work_Log_202605_09.csv,1,2026-09,2026-09-03,12.0,12,주물러 콜라,130,35,72,2520.0,Global_Mart_Canada (캐나다),True,2026년 하반기 신규 데이터 동기화 검수 완료 (표준 상품명 정규화 완료)
Export_Packaging_Work_Log_202605_09.csv,1,2026-09,2026-09-03,12.0,13,국화빵찰떡모나카,150,24,100,2400.0,Global_Mart_Canada (캐나다),True,2026년 하반기 신규 데이터 동기화 검수 완료 (표준 상품명 정규화 완료)
Export_Packaging_Work_Log_202605_09.csv,1,2026-09,2026-09-03,12.0,14,찰옥수수,140,24,100,2400.0,Global_Mart_Canada (캐나다),True,2026년 하반기 신규 데이터 동기화 검수 완료 (표준 상품명 정규화 완료)
Export_Packaging_Work_Log_202605_09.csv,1,2026-09,2026-09-03,12.0,15,제로밀크모나카,140,24,100,2400.0,Global_Mart_Canada (캐나다),True,2026년 하반기 신규 데이터 동기화 검수 완료 (표준 상품명 정규화 완료)
Export_Packaging_Work_Log_202605_09.csv,1,2026-09,2026-09-03,12.0,16,제로미니바이트,380,6,50,300.0,Global_Mart_Canada (캐나다),True,2026년 하반기 신규 데이터 동기화 검수 완료 (표준 상품명 정규화 완료)
Export_Packaging_Work_Log_202605_09.csv,1,2026-09,2026-09-03,12.0,17,죠스바영칼로리자몽허니블랙티,80,40,100,4000.0,Global_Mart_Canada (캐나다),True,2026년 하반기 신규 데이터 동기화 검수 완료 (표준 상품명 정규화 완료)
Export_Packaging_Work_Log_202605_09.csv,1,2026-09,2026-09-03,12.0,18,보석바,80,40,60,2400.0,Global_Mart_Canada (캐나다),True,2026년 하반기 신규 데이터 동기화 검수 완료 (표준 상품명 정규화 완료)
Export_Packaging_Work_Log_202605_09.csv,1,2026-09,2026-09-03,12.0,19,죠스바영칼로리자몽허니블랙티,80,40,60,2400.0,Global_Mart_Canada (캐나다),True,2026년 하반기 신규 데이터 동기화 검수 완료 (표준 상품명 정규화 완료)
Export_Packaging_Work_Log_202605_09.csv,1,2026-09,2026-09-03,12.0,20,와바닐라,190,16,100,1600.0,Global_Mart_Canada (캐나다),True,2026년 하반기 신규 데이터 동기화 검수 완료 (표준 상품명 정규화 완료)
Export_Packaging_Work_Log_202605_09.csv,1,2026-09,2026-09-03,12.0,21,위즐바닐라모나카,140,24,70,1680.0,Global_Mart_Canada (캐나다),True,2026년 하반기 신규 데이터 동기화 검수 완료 (표준 상품명 정규화 완료)
Export_Packaging_Work_Log_202605_09.csv,1,2026-09,2026-09-03,12.0,22,위즐쿠앤크샌드,130,24,70,1680.0,Global_Mart_Canada (캐나다),True,2026년 하반기 신규 데이터 동기화 검수 완료 (표준 상품명 정규화 완료)
Export_Packaging_Work_Log_202605_09.csv,1,2026-09,2026-09-03,12.0,23,셀렉션,500*10,8,30,240.0,Global_Mart_Canada (캐나다),True,2026년 하반기 신규 데이터 동기화 검수 완료 (표준 상품명 정규화 완료)
Export_Packaging_Work_Log_202605_09.csv,1,2026-09,2026-09-04,12.0,1,찰떡아이스쿠앤크,90,24,10,240.0,Global_Mart_Canada (캐나다),True,2026년 하반기 신규 데이터 동기화 검수 완료 (표준 상품명 정규화 완료)
Export_Packaging_Work_Log_202605_09.csv,1,2026-09,2026-09-04,12.0,2,조이그레인크럼블바,80,40,30,1200.0,Global_Mart_Canada (캐나다),True,2026년 하반기 신규 데이터 동기화 검수 완료 (표준 상품명 정규화 완료)
Export_Packaging_Work_Log_202605_09.csv,1,2026-09,2026-09-04,12.0,3,조이헤이즐넛카카오,80,40,60,2400.0,Global_Mart_Canada (캐나다),True,2026년 하반기 신규 데이터 동기화 검수 완료 (표준 상품명 정규화 완료)
Export_Packaging_Work_Log_202605_09.csv,1,2026-09,2026-09-04,12.0,4,조이 망고바,80,40,40,1600.0,Global_Mart_Canada (캐나다),True,2026년 하반기 신규 데이터 동기화 검수 완료 (표준 상품명 정규화 완료)
Export_Packaging_Work_Log_202605_09.csv,1,2026-09,2026-09-04,12.0,5,조이그릭요거트블루베리,85,40,80,3200.0,Global_Mart_Canada (캐나다),True,2026년 하반기 신규 데이터 동기화 검수 완료 (표준 상품명 정규화 완료)
Export_Packaging_Work_Log_202605_09.csv,1,2026-09,2026-09-04,12.0,6,조이그릭요거트스트로베리,85,40,80,3200.0,Global_Mart_Canada (캐나다),True,2026년 하반기 신규 데이터 동기화 검수 완료 (표준 상품명 정규화 완료)
Export_Packaging_Work_Log_202605_09.csv,1,2026-09,2026-09-04,12.0,7,스노위아몬드빼빼로,32,40,432,34560.0,4742(캐나다),True,2026년 하반기 신규 데이터 동기화 검수 완료 (표준 상품명 정규화 완료)
Export_Packaging_Work_Log_202605_09.csv,1,2026-09,2026-09-04,12.0,8,요구르트젤리,50*8,5,70,350.0,Euro_PanAsia (독일),True,2026년 하반기 신규 데이터 동기화 검수 완료 (표준 상품명 정규화 완료)
Export_Packaging_Work_Log_202605_09.csv,1,2026-09,2026-09-04,12.0,9,스노위아몬드빼빼로,32,40,172,13760.0,4755(캐나다),True,2026년 하반기 신규 데이터 동기화 검수 완료 (표준 상품명 정규화 완료)
Export_Packaging_Work_Log_202605_09.csv,1,2026-09,2026-09-04,12.0,10,box (외포장 라벨링),1,1,674,674.0,외포장 박스 작업,True,2026년 하반기 신규 데이터 동기화 검수 완료 (표준 상품명 정규화 완료)
Export_Packaging_Work_Log_202605_09.csv,1,2026-09,2026-09-08,12.0,1,몽쉘 오리지날,204,16,50,800.0,4756(캐나다),True,2026년 하반기 신규 데이터 동기화 검수 완료 (표준 상품명 정규화 완료)
Export_Packaging_Work_Log_202605_09.csv,1,2026-09,2026-09-08,12.0,2,몽쉘 카카오,204,16,40,640.0,4756(캐나다),True,2026년 하반기 신규 데이터 동기화 검수 완료 (표준 상품명 정규화 완료)
Export_Packaging_Work_Log_202605_09.csv,1,2026-09,2026-09-08,12.0,3,초코파이 카카오,336,8,100,800.0,4756(캐나다),True,2026년 하반기 신규 데이터 동기화 검수 완료 (표준 상품명 정규화 완료)
Export_Packaging_Work_Log_202605_09.csv,1,2026-09,2026-09-08,12.0,4,캐나다용 딸기 빼빼로,32,40,360,1440.0,4742(캐나다),True,2026년 하반기 신규 데이터 동기화 검수 완료 (표준 상품명 정규화 완료)
Export_Packaging_Work_Log_202605_09.csv,1,2026-09,2026-09-08,12.0,5,홈런볼 소금우유,49,30,20,600.0,H-Mart_Global (미주),True,2026년 하반기 신규 데이터 동기화 검수 완료 (표준 상품명 정규화 완료)
Export_Packaging_Work_Log_202605_09.csv,1,2026-09,2026-09-08,12.0,6,구운 감자 케이스,108,12,5,60.0,H-Mart_Global (미주),True,2026년 하반기 신규 데이터 동기화 검수 완료 (표준 상품명 정규화 완료)
Export_Packaging_Work_Log_202605_09.csv,1,2026-09,2026-09-08,12.0,7,연양갱,55,80,30,2400.0,H-Mart_Global (미주),True,2026년 하반기 신규 데이터 동기화 검수 완료 (표준 상품명 정규화 완료)
Export_Packaging_Work_Log_202605_09.csv,1,2026-09,2026-09-08,12.0,8,알사탕,126,16,10,160.0,H-Mart_Global (미주),True,2026년 하반기 신규 데이터 동기화 검수 완료 (표준 상품명 정규화 완료)
Export_Packaging_Work_Log_202605_09.csv,1,2026-09,2026-09-08,12.0,9,자두,130,16,10,160.0,H-Mart_Global (미주),True,2026년 하반기 신규 데이터 동기화 검수 완료 (표준 상품명 정규화 완료)
Export_Packaging_Work_Log_202605_09.csv,1,2026-09,2026-09-08,12.0,10,초코픽,45,24,20,480.0,H-Mart_Global (미주),True,2026년 하반기 신규 데이터 동기화 검수 완료 (표준 상품명 정규화 완료)
Export_Packaging_Work_Log_202605_09.csv,1,2026-09,2026-09-08,12.0,11,The 빠새,100,10,20,200.0,H-Mart_Global (미주),True,2026년 하반기 신규 데이터 동기화 검수 완료 (표준 상품명 정규화 완료)
Export_Packaging_Work_Log_202605_09.csv,1,2026-09,2026-09-08,12.0,12,오사쯔,100,10,20,200.0,H-Mart_Global (미주),True,2026년 하반기 신규 데이터 동기화 검수 완료 (표준 상품명 정규화 완료)
Export_Packaging_Work_Log_202605_09.csv,1,2026-09,2026-09-08,12.0,13,미니 자유시간,180,12,5,60.0,H-Mart_Global (미주),True,2026년 하반기 신규 데이터 동기화 검수 완료 (표준 상품명 정규화 완료)
Export_Packaging_Work_Log_202605_09.csv,1,2026-09,2026-09-08,12.0,14,에이스씬에스프레소,291,12,20,240.0,H-Mart_Global (미주),True,2026년 하반기 신규 데이터 동기화 검수 완료 (표준 상품명 정규화 완료)
Export_Packaging_Work_Log_202605_09.csv,1,2026-09,2026-09-08,12.0,15,에이스 바스크 치즈,364,10,60,600.0,H-Mart_Global (미주),True,2026년 하반기 신규 데이터 동기화 검수 완료 (표준 상품명 정규화 완료)
Export_Packaging_Work_Log_202605_09.csv,1,2026-09,2026-09-08,12.0,16,2% 복숭아,240,30,37,1110.0,Global_Mart_Canada (캐나다),True,2026년 하반기 신규 데이터 동기화 검수 완료 (표준 상품명 정규화 완료)
Export_Packaging_Work_Log_202605_09.csv,1,2026-09,2026-09-08,12.0,17,요구르트젤리,50,40,40,1600.0,Global_Mart_Canada (캐나다),True,2026년 하반기 신규 데이터 동기화 검수 완료 (표준 상품명 정규화 완료)
Export_Packaging_Work_Log_202605_09.csv,1,2026-09,2026-09-08,12.0,18,초코파이 카카오,336,8,40,320.0,Global_Mart_Canada (캐나다),True,2026년 하반기 신규 데이터 동기화 검수 완료 (표준 상품명 정규화 완료)
Export_Packaging_Work_Log_202605_09.csv,1,2026-09,2026-09-08,12.0,19,빠다코코낫,100,30,15,450.0,Global_Mart_Canada (캐나다),True,2026년 하반기 신규 데이터 동기화 검수 완료 (표준 상품명 정규화 완료)
Export_Packaging_Work_Log_202605_09.csv,1,2026-09,2026-09-08,12.0,20,가나밀크,70,40,20,800.0,Global_Mart_Canada (캐나다),True,2026년 하반기 신규 데이터 동기화 검수 완료 (표준 상품명 정규화 완료)
Export_Packaging_Work_Log_202605_09.csv,1,2026-09,2026-09-08,12.0,21,가나 마일드,70,40,10,400.0,Global_Mart_Canada (캐나다),True,2026년 하반기 신규 데이터 동기화 검수 완료 (표준 상품명 정규화 완료)
Export_Packaging_Work_Log_202605_09.csv,1,2026-09,2026-09-08,12.0,22,바이오필 플레인,63*25,4,1000,4000.0,Vancouver_Logistics,True,2026년 하반기 신규 데이터 동기화 검수 완료 (표준 상품명 정규화 완료)
Export_Packaging_Work_Log_202605_09.csv,1,2026-09,2026-09-08,12.0,23,바이오필 파인애플,63*25,4,340,1360.0,Vancouver_Logistics,True,2026년 하반기 신규 데이터 동기화 검수 완료 (표준 상품명 정규화 완료)
Export_Packaging_Work_Log_202605_09.csv,1,2026-09,2026-09-08,12.0,24,바이오필 스트로베리,63*25,4,122,488.0,Vancouver_Logistics,True,2026년 하반기 신규 데이터 동기화 검수 완료 (표준 상품명 정규화 완료)
Export_Packaging_Work_Log_202605_09.csv,1,2026-09,2026-09-08,12.0,25,카스타드,276,8,80,640.0,Global_Mart_Canada (캐나다),True,2026년 하반기 신규 데이터 동기화 검수 완료 (표준 상품명 정규화 완료)
Export_Packaging_Work_Log_202605_09.csv,1,2026-09,2026-09-08,12.0,26,딸기카스타드,230,8,30,240.0,Global_Mart_Canada (캐나다),True,2026년 하반기 신규 데이터 동기화 검수 완료 (표준 상품명 정규화 완료)
Export_Packaging_Work_Log_202605_09.csv,1,2026-09,2026-09-08,12.0,27,빠다코코낫,300,12,40,480.0,Global_Mart_Canada (캐나다),True,2026년 하반기 신규 데이터 동기화 검수 완료 (표준 상품명 정규화 완료)
Export_Packaging_Work_Log_202605_09.csv,1,2026-09,2026-09-08,12.0,28,초코파이 바나나,336,8,30,240.0,Global_Mart_Canada (캐나다),True,2026년 하반기 신규 데이터 동기화 검수 완료 (표준 상품명 정규화 완료)
Export_Packaging_Work_Log_202605_09.csv,1,2026-09,2026-09-08,12.0,29,초코파이 녹차,336,8,30,240.0,Global_Mart_Canada (캐나다),True,2026년 하반기 신규 데이터 동기화 검수 완료 (표준 상품명 정규화 완료)
Export_Packaging_Work_Log_202605_09.csv,1,2026-09,2026-09-08,12.0,30,칙촉,120,15,30,450.0,Global_Mart_Canada (캐나다),True,2026년 하반기 신규 데이터 동기화 검수 완료 (표준 상품명 정규화 완료)
Export_Packaging_Work_Log_202605_09.csv,1,2026-09,2026-09-08,12.0,31,씨리얼초코 컵,89,15,30,450.0,Global_Mart_Canada (캐나다),True,2026년 하반기 신규 데이터 동기화 검수 완료 (표준 상품명 정규화 완료)
Export_Packaging_Work_Log_202605_09.csv,1,2026-09,2026-09-08,12.0,32,에이스씬에스프레소,291,12,60,720.0,Global_Mart_Canada (캐나다),True,2026년 하반기 신규 데이터 동기화 검수 완료 (표준 상품명 정규화 완료)
Export_Packaging_Work_Log_202605_09.csv,1,2026-09,2026-09-08,12.0,33,아이비,155,20,20,400.0,Global_Mart_Canada (캐나다),True,2026년 하반기 신규 데이터 동기화 검수 완료 (표준 상품명 정규화 완료)
Export_Packaging_Work_Log_202605_09.csv,1,2026-09,2026-09-08,12.0,34,홈런볼초코(지컵),51,24,30,720.0,Global_Mart_Canada (캐나다),True,2026년 하반기 신규 데이터 동기화 검수 완료 (표준 상품명 정규화 완료)
Export_Packaging_Work_Log_202605_09.csv,1,2026-09,2026-09-08,12.0,35,홈런볼 소금우유,41,48,20,960.0,Global_Mart_Canada (캐나다),True,2026년 하반기 신규 데이터 동기화 검수 완료 (표준 상품명 정규화 완료)
Export_Packaging_Work_Log_202605_09.csv,1,2026-09,2026-09-08,12.0,36,계란과자,45,20,10,200.0,Global_Mart_Canada (캐나다),True,2026년 하반기 신규 데이터 동기화 검수 완료 (표준 상품명 정규화 완료)
Export_Packaging_Work_Log_202605_09.csv,1,2026-09,2026-09-08,12.0,37,후렌치파이 딸기,192,12,40,480.0,Global_Mart_Canada (캐나다),True,2026년 하반기 신규 데이터 동기화 검수 완료 (표준 상품명 정규화 완료)
Export_Packaging_Work_Log_202605_09.csv,1,2026-09,2026-09-08,12.0,38,에이스씬에스프레소,145,16,20,320.0,Global_Mart_Canada (캐나다),True,2026년 하반기 신규 데이터 동기화 검수 완료 (표준 상품명 정규화 완료)
Export_Packaging_Work_Log_202605_09.csv,1,2026-09,2026-09-08,12.0,39,구운감자슬림,240,12,20,240.0,Global_Mart_Canada (캐나다),True,2026년 하반기 신규 데이터 동기화 검수 완료 (표준 상품명 정규화 완료)
Export_Packaging_Work_Log_202605_09.csv,1,2026-09,2026-09-08,12.0,40,구운감자2번들,48,15,40,600.0,Global_Mart_Canada (캐나다),True,2026년 하반기 신규 데이터 동기화 검수 완료 (표준 상품명 정규화 완료)
Export_Packaging_Work_Log_202605_09.csv,1,2026-09,2026-09-08,12.0,41,맛동산,90,20,13,260.0,Global_Mart_Canada (캐나다),True,2026년 하반기 신규 데이터 동기화 검수 완료 (표준 상품명 정규화 완료)
Export_Packaging_Work_Log_202605_09.csv,1,2026-09,2026-09-08,12.0,42,box (외포장 라벨링),1,1,550,550.0,외포장 박스 작업,True,2026년 하반기 신규 데이터 동기화 검수 완료 (표준 상품명 정규화 완료)
Export_Packaging_Work_Log_202605_09.csv,1,2026-09,2026-09-09,12.0,1,맛동산,90,20,12,240.0,Global_Mart_Canada (캐나다),True,2026년 하반기 신규 데이터 동기화 검수 완료 (표준 상품명 정규화 완료)
Export_Packaging_Work_Log_202605_09.csv,1,2026-09,2026-09-09,12.0,2,허니버터칩,60,16,200,3200.0,Global_Mart_Canada (캐나다),True,2026년 하반기 신규 데이터 동기화 검수 완료 (표준 상품명 정규화 완료)
Export_Packaging_Work_Log_202605_09.csv,1,2026-09,2026-09-09,12.0,3,허니버터칩,120,10,80,800.0,Global_Mart_Canada (캐나다),True,2026년 하반기 신규 데이터 동기화 검수 완료 (표준 상품명 정규화 완료)
Export_Packaging_Work_Log_202605_09.csv,1,2026-09,2026-09-09,12.0,4,치토스바베큐(소),82,12,40,160.0,Global_Mart_Canada (캐나다),True,2026년 하반기 신규 데이터 동기화 검수 완료 (표준 상품명 정규화 완료)
Export_Packaging_Work_Log_202605_09.csv,1,2026-09,2026-09-09,12.0,5,치토스매콤달콤(소),82,12,40,480.0,Global_Mart_Canada (캐나다),True,2026년 하반기 신규 데이터 동기화 검수 완료 (표준 상품명 정규화 완료)
Export_Packaging_Work_Log_202605_09.csv,1,2026-09,2026-09-09,12.0,6,치토스매콤달콤(대),164,12,50,600.0,Global_Mart_Canada (캐나다),True,2026년 하반기 신규 데이터 동기화 검수 완료 (표준 상품명 정규화 완료)
Export_Packaging_Work_Log_202605_09.csv,1,2026-09,2026-09-09,12.0,7,치토스바베큐(대),164,12,40,480.0,Global_Mart_Canada (캐나다),True,2026년 하반기 신규 데이터 동기화 검수 완료 (표준 상품명 정규화 완료)
Export_Packaging_Work_Log_202605_09.csv,1,2026-09,2026-09-09,12.0,8,웰치스딸기맛,355,24,100,2400.0,Global_Mart_Canada (캐나다),True,2026년 하반기 신규 데이터 동기화 검수 완료 (표준 상품명 정규화 완료)
Export_Packaging_Work_Log_202605_09.csv,1,2026-09,2026-09-09,12.0,9,웰치스청포도맛,355,24,120,2880.0,Global_Mart_Canada (캐나다),True,2026년 하반기 신규 데이터 동기화 검수 완료 (표준 상품명 정규화 완료)
Export_Packaging_Work_Log_202605_09.csv,1,2026-09,2026-09-09,12.0,10,마이쮸핑크리치,44,120,10,1200.0,Global_Mart_Canada (캐나다),True,2026년 하반기 신규 데이터 동기화 검수 완료 (표준 상품명 정규화 완료)
Export_Packaging_Work_Log_202605_09.csv,1,2026-09,2026-09-09,12.0,11,마이쮸 포도,44,120,10,1200.0,Global_Mart_Canada (캐나다),True,2026년 하반기 신규 데이터 동기화 검수 완료 (표준 상품명 정규화 완료)
Export_Packaging_Work_Log_202605_09.csv,1,2026-09,2026-09-09,12.0,12,마이쮸애플망고,44,120,5,600.0,Global_Mart_Canada (캐나다),True,2026년 하반기 신규 데이터 동기화 검수 완료 (표준 상품명 정규화 완료)
Export_Packaging_Work_Log_202605_09.csv,1,2026-09,2026-09-09,12.0,13,마이쮸자일리톨복숭아,110,24,5,120.0,Global_Mart_Canada (캐나다),True,2026년 하반기 신규 데이터 동기화 검수 완료 (표준 상품명 정규화 완료)
Export_Packaging_Work_Log_202605_09.csv,1,2026-09,2026-09-09,12.0,14,마이쮸 자일리톨 포도,110,24,15,360.0,Global_Mart_Canada (캐나다),True,2026년 하반기 신규 데이터 동기화 검수 완료 (표준 상품명 정규화 완료)
Export_Packaging_Work_Log_202605_09.csv,1,2026-09,2026-09-09,12.0,15,새콤달콤포도,29,90,10,900.0,Global_Mart_Canada (캐나다),True,2026년 하반기 신규 데이터 동기화 검수 완료 (표준 상품명 정규화 완료)
Export_Packaging_Work_Log_202605_09.csv,1,2026-09,2026-09-09,12.0,16,참쌀누룽지,216,10,40,400.0,Global_Mart_Canada (캐나다),True,2026년 하반기 신규 데이터 동기화 검수 완료 (표준 상품명 정규화 완료)
Export_Packaging_Work_Log_202605_09.csv,1,2026-09,2026-09-09,12.0,17,그레이스,298,10,30,300.0,Global_Mart_Canada (캐나다),True,2026년 하반기 신규 데이터 동기화 검수 완료 (표준 상품명 정규화 완료)
Export_Packaging_Work_Log_202605_09.csv,1,2026-09,2026-09-09,12.0,18,소보로,240,10,30,300.0,Global_Mart_Canada (캐나다),True,2026년 하반기 신규 데이터 동기화 검수 완료 (표준 상품명 정규화 완료)
Export_Packaging_Work_Log_202605_09.csv,1,2026-09,2026-09-09,12.0,19,참 크래커,280,10,80,800.0,Global_Mart_Canada (캐나다),True,2026년 하반기 신규 데이터 동기화 검수 완료 (표준 상품명 정규화 완료)
Export_Packaging_Work_Log_202605_09.csv,1,2026-09,2026-09-09,12.0,20,쿠크다스 화이트,128,18,30,540.0,Global_Mart_Canada (캐나다),True,2026년 하반기 신규 데이터 동기화 검수 완료 (표준 상품명 정규화 완료)
Export_Packaging_Work_Log_202605_09.csv,1,2026-09,2026-09-09,12.0,21,쿠크다스 화이트,289,10,80,800.0,Global_Mart_Canada (캐나다),True,2026년 하반기 신규 데이터 동기화 검수 완료 (표준 상품명 정규화 완료)
Export_Packaging_Work_Log_202605_09.csv,1,2026-09,2026-09-09,12.0,22,쿠크다스커피,289,10,30,300.0,Global_Mart_Canada (캐나다),True,2026년 하반기 신규 데이터 동기화 검수 완료 (표준 상품명 정규화 완료)
Export_Packaging_Work_Log_202605_09.csv,1,2026-09,2026-09-09,12.0,23,뽀또체다치즈,139,12,30,360.0,Global_Mart_Canada (캐나다),True,2026년 하반기 신규 데이터 동기화 검수 완료 (표준 상품명 정규화 완료)
Export_Packaging_Work_Log_202605_09.csv,1,2026-09,2026-09-09,12.0,24,뽀또체다치즈,278,12,30,360.0,Global_Mart_Canada (캐나다),True,2026년 하반기 신규 데이터 동기화 검수 완료 (표준 상품명 정규화 완료)
Export_Packaging_Work_Log_202605_09.csv,1,2026-09,2026-09-09,12.0,25,쿠크다스커피,128,18,20,360.0,Global_Mart_Canada (캐나다),True,2026년 하반기 신규 데이터 동기화 검수 완료 (표준 상품명 정규화 완료)
Export_Packaging_Work_Log_202605_09.csv,1,2026-09,2026-09-09,12.0,26,산도딸기,323,8,30,240.0,Global_Mart_Canada (캐나다),True,2026년 하반기 신규 데이터 동기화 검수 완료 (표준 상품명 정규화 완료)
Export_Packaging_Work_Log_202605_09.csv,1,2026-09,2026-09-09,12.0,27,버터와플,316,10,40,400.0,Global_Mart_Canada (캐나다),True,2026년 하반기 신규 데이터 동기화 검수 완료 (표준 상품명 정규화 완료)
Export_Packaging_Work_Log_202605_09.csv,1,2026-09,2026-09-09,12.0,28,사브레,252,12,40,480.0,H-Mart_Global (미주),True,2026년 하반기 신규 데이터 동기화 검수 완료 (표준 상품명 정규화 완료)
Export_Packaging_Work_Log_202605_09.csv,1,2026-09,2026-09-09,12.0,29,The 빠새,100,10,100,1000.0,#23,True,2026년 하반기 신규 데이터 동기화 검수 완료 (표준 상품명 정규화 완료)
Export_Packaging_Work_Log_202605_09.csv,1,2026-09,2026-09-09,12.0,30,신당동신떡볶이,230,12,200,2400.0,D38 → E23으로 변경,True,2026년 하반기 신규 데이터 동기화 검수 완료 (표준 상품명 정규화 완료)
Export_Packaging_Work_Log_202605_09.csv,1,2026-09,2026-09-09,12.0,31,레츠비카페타임라떼,240,30,70,2100.0,Global_Mart_Canada (캐나다),True,2026년 하반기 신규 데이터 동기화 검수 완료 (표준 상품명 정규화 완료)
Export_Packaging_Work_Log_202605_09.csv,1,2026-09,2026-09-09,12.0,32,솔의눈,240,30,20,600.0,Global_Mart_Canada (캐나다),True,2026년 하반기 신규 데이터 동기화 검수 완료 (표준 상품명 정규화 완료)
Export_Packaging_Work_Log_202605_09.csv,1,2026-09,2026-09-09,12.0,33,후렌치파이 딸기,192,12,80,960.0,캐나다 TB,True,2026년 하반기 신규 데이터 동기화 검수 완료 (표준 상품명 정규화 완료)
Export_Packaging_Work_Log_202605_09.csv,1,2026-09,2026-09-09,12.0,34,후렌치파이 사과,192,12,80,960.0,캐나다 TB,True,2026년 하반기 신규 데이터 동기화 검수 완료 (표준 상품명 정규화 완료)
Export_Packaging_Work_Log_202605_09.csv,1,2026-09,2026-09-09,12.0,35,샌드에이스 우유크림,204,12,80,960.0,캐나다 TB,True,2026년 하반기 신규 데이터 동기화 검수 완료 (표준 상품명 정규화 완료)
Export_Packaging_Work_Log_202605_09.csv,1,2026-09,2026-09-09,12.0,36,옥수수 수염차,500,24,54,1296.0,Global_Mart_Canada (캐나다),True,2026년 하반기 신규 데이터 동기화 검수 완료 (표준 상품명 정규화 완료)
Export_Packaging_Work_Log_202605_09.csv,1,2026-09,2026-09-09,12.0,37,에이스,364,10,150,1500.0,캐나다 TB,True,2026년 하반기 신규 데이터 동기화 검수 완료 (표준 상품명 정규화 완료)
Export_Packaging_Work_Log_202605_09.csv,1,2026-09,2026-09-09,12.0,38,초코픽,45,24,10,240.0,캐나다 TB,True,2026년 하반기 신규 데이터 동기화 검수 완료 (표준 상품명 정규화 완료)
Export_Packaging_Work_Log_202605_09.csv,1,2026-09,2026-09-09,12.0,39,box (외포장 라벨링),1,1,400,400.0,외포장 박스 작업,True,2026년 하반기 신규 데이터 동기화 검수 완료 (표준 상품명 정규화 완료)
Export_Packaging_Work_Log_202605_09.csv,1,2026-09,2026-09-10,12.0,1,버터링골드,194,12,100,1200.0,캐나다 TB(D59),True,2026년 하반기 신규 데이터 동기화 검수 완료 (표준 상품명 정규화 완료)
Export_Packaging_Work_Log_202605_09.csv,1,2026-09,2026-09-10,12.0,2,칠성사이다,500,20,84,1680.0,Global_Mart_Canada (캐나다),True,2026년 하반기 신규 데이터 동기화 검수 완료 (표준 상품명 정규화 완료)
Export_Packaging_Work_Log_202605_09.csv,1,2026-09,2026-09-10,12.0,3,칠성사이다,1.5,12,55,660.0,Global_Mart_Canada (캐나다),True,2026년 하반기 신규 데이터 동기화 검수 완료 (표준 상품명 정규화 완료)
Export_Packaging_Work_Log_202605_09.csv,1,2026-09,2026-09-10,12.0,4,미림,1.8,6,60,240.0,Global_Mart_Canada (캐나다),True,2026년 하반기 신규 데이터 동기화 검수 완료 (표준 상품명 정규화 완료)
Export_Packaging_Work_Log_202605_09.csv,1,2026-09,2026-09-10,12.0,5,미림,900,12,60,720.0,Global_Mart_Canada (캐나다),True,2026년 하반기 신규 데이터 동기화 검수 완료 (표준 상품명 정규화 완료)
Export_Packaging_Work_Log_202605_09.csv,1,2026-09,2026-09-10,12.0,6,미림,1.8,6,455,2730.0,Hamchorom_Global,True,2026년 하반기 신규 데이터 동기화 검수 완료 (표준 상품명 정규화 완료)
Export_Packaging_Work_Log_202605_09.csv,1,2026-09,2026-09-10,12.0,7,미림,900,12,130,1560.0,Hamchorom_Global,True,2026년 하반기 신규 데이터 동기화 검수 완료 (표준 상품명 정규화 완료)
Export_Packaging_Work_Log_202605_09.csv,1,2026-09,2026-09-10,12.0,8,미림,500,20,66,1320.0,Hamchorom_Global,True,2026년 하반기 신규 데이터 동기화 검수 완료 (표준 상품명 정규화 완료)
Export_Packaging_Work_Log_202605_09.csv,1,2026-09,2026-09-10,12.0,9,딸기 웨하스,50,40,40,1600.0,캐나다 TB,True,2026년 하반기 신규 데이터 동기화 검수 완료 (표준 상품명 정규화 완료)
Export_Packaging_Work_Log_202605_09.csv,1,2026-09,2026-09-10,12.0,10,크림 웨하스,50,40,40,1600.0,캐나다 TB,True,2026년 하반기 신규 데이터 동기화 검수 완료 (표준 상품명 정규화 완료)
Export_Packaging_Work_Log_202605_09.csv,1,2026-09,2026-09-10,12.0,11,오예스 미니,192,12,10,120.0,캐나다 TB,True,2026년 하반기 신규 데이터 동기화 검수 완료 (표준 상품명 정규화 완료)
Export_Packaging_Work_Log_202605_09.csv,1,2026-09,2026-09-10,12.0,12,롤리폴리,62,24,10,240.0,캐나다 TB,True,2026년 하반기 신규 데이터 동기화 검수 완료 (표준 상품명 정규화 완료)
Export_Packaging_Work_Log_202605_09.csv,1,2026-09,2026-09-10,12.0,13,구운 감자,135,10,20,200.0,캐나다 TB,True,2026년 하반기 신규 데이터 동기화 검수 완료 (표준 상품명 정규화 완료)
Export_Packaging_Work_Log_202605_09.csv,1,2026-09,2026-09-10,12.0,14,구운 감자 케이스,108,12,10,120.0,캐나다 TB,True,2026년 하반기 신규 데이터 동기화 검수 완료 (표준 상품명 정규화 완료)
Export_Packaging_Work_Log_202605_09.csv,1,2026-09,2026-09-10,12.0,15,치토스바베큐(대),164,12,230,2760.0,Hamchorom_Global,True,2026년 하반기 신규 데이터 동기화 검수 완료 (표준 상품명 정규화 완료)
Export_Packaging_Work_Log_202605_09.csv,1,2026-09,2026-09-10,12.0,16,치토스매콤달콤(대),164,12,230,2760.0,Hamchorom_Global,True,2026년 하반기 신규 데이터 동기화 검수 완료 (표준 상품명 정규화 완료)
Export_Packaging_Work_Log_202605_09.csv,1,2026-09,2026-09-10,12.0,17,자유시간 아몬드,36,144,5,720.0,캐나다 TB,True,2026년 하반기 신규 데이터 동기화 검수 완료 (표준 상품명 정규화 완료)
Export_Packaging_Work_Log_202605_09.csv,1,2026-09,2026-09-10,12.0,18,신쫄이 딸기맛,24,120,5,600.0,캐나다 TB,True,2026년 하반기 신규 데이터 동기화 검수 완료 (표준 상품명 정규화 완료)
Export_Packaging_Work_Log_202605_09.csv,1,2026-09,2026-09-10,12.0,19,자두,130,16,5,80.0,캐나다 TB,True,2026년 하반기 신규 데이터 동기화 검수 완료 (표준 상품명 정규화 완료)
Export_Packaging_Work_Log_202605_09.csv,1,2026-09,2026-09-10,12.0,20,홈런볼초코(지컵),46,30,20,600.0,캐나다 TB,True,2026년 하반기 신규 데이터 동기화 검수 완료 (표준 상품명 정규화 완료)
Export_Packaging_Work_Log_202605_09.csv,1,2026-09,2026-09-10,12.0,21,오사쯔,100,10,20,200.0,캐나다 TB,True,2026년 하반기 신규 데이터 동기화 검수 완료 (표준 상품명 정규화 완료)
Export_Packaging_Work_Log_202605_09.csv,1,2026-09,2026-09-10,12.0,22,오사쯔,60,16,20,320.0,캐나다 TB,True,2026년 하반기 신규 데이터 동기화 검수 완료 (표준 상품명 정규화 완료)
Export_Packaging_Work_Log_202605_09.csv,1,2026-09,2026-09-10,12.0,23,에이스씬솔티카라멜,291,12,20,240.0,캐나다 TB,True,2026년 하반기 신규 데이터 동기화 검수 완료 (표준 상품명 정규화 완료)
Export_Packaging_Work_Log_202605_09.csv,1,2026-09,2026-09-10,12.0,24,에이스씬솔티카라멜,145,16,20,320.0,캐나다 TB,True,2026년 하반기 신규 데이터 동기화 검수 완료 (표준 상품명 정규화 완료)
Export_Packaging_Work_Log_202605_09.csv,1,2026-09,2026-09-10,12.0,25,The 빠새,100,10,20,200.0,캐나다 TB,True,2026년 하반기 신규 데이터 동기화 검수 완료 (표준 상품명 정규화 완료)
Export_Packaging_Work_Log_202605_09.csv,1,2026-09,2026-09-10,12.0,26,The 빠새,55,16,10,160.0,캐나다 TB,True,2026년 하반기 신규 데이터 동기화 검수 완료 (표준 상품명 정규화 완료)
Export_Packaging_Work_Log_202605_09.csv,1,2026-09,2026-09-10,12.0,27,구운 양파,110,12,20,240.0,캐나다 TB,True,2026년 하반기 신규 데이터 동기화 검수 완료 (표준 상품명 정규화 완료)
Export_Packaging_Work_Log_202605_09.csv,1,2026-09,2026-09-10,12.0,28,캐나다용 초코쿠키 빼빼로,32,40,244,9760.0,4755(롯데 캐나다),True,2026년 하반기 신규 데이터 동기화 검수 완료 (표준 상품명 정규화 완료)
Export_Packaging_Work_Log_202605_09.csv,1,2026-09,2026-09-10,12.0,29,캐나다용 딸기 빼빼로,32,40,66,2640.0,4755(롯데 캐나다),True,2026년 하반기 신규 데이터 동기화 검수 완료 (표준 상품명 정규화 완료)
Export_Packaging_Work_Log_202605_09.csv,1,2026-09,2026-09-10,12.0,30,실론티,240,30,61,1830.0,Global_Mart_Canada (캐나다),True,2026년 하반기 신규 데이터 동기화 검수 완료 (표준 상품명 정규화 완료)
Export_Packaging_Work_Log_202605_09.csv,1,2026-09,2026-09-10,12.0,31,box (외포장 라벨링),1,1,705,705.0,외포장 박스 작업,True,2026년 하반기 신규 데이터 동기화 검수 완료 (표준 상품명 정규화 완료)
Export_Packaging_Work_Log_202605_09.csv,1,2026-09,2026-09-11,12.0,1,NEW칸츄리콘,150,10,30,300.0,K-Mart_Canada (캐나다),True,2026년 하반기 신규 데이터 동기화 검수 완료 (표준 상품명 정규화 완료)
Export_Packaging_Work_Log_202605_09.csv,1,2026-09,2026-09-11,12.0,2,에이스 바스크 치즈,364,10,30,300.0,K-Mart_Canada (캐나다),True,2026년 하반기 신규 데이터 동기화 검수 완료 (표준 상품명 정규화 완료)
Export_Packaging_Work_Log_202605_09.csv,1,2026-09,2026-09-11,12.0,3,신당동신떡볶이,110,16,50,800.0,K-Mart_Canada (캐나다),True,2026년 하반기 신규 데이터 동기화 검수 완료 (표준 상품명 정규화 완료)
Export_Packaging_Work_Log_202605_09.csv,1,2026-09,2026-09-11,12.0,4,도리토스나쵸치즈맛(대),172,12,144,576.0,Hamchorom_Global,True,2026년 하반기 신규 데이터 동기화 검수 완료 (표준 상품명 정규화 완료)
Export_Packaging_Work_Log_202605_09.csv,1,2026-09,2026-09-11,12.0,5,홈런볼초코(지컵),46,30,70,2100.0,K-Mart_Canada (캐나다),True,2026년 하반기 신규 데이터 동기화 검수 완료 (표준 상품명 정규화 완료)
Export_Packaging_Work_Log_202605_09.csv,1,2026-09,2026-09-11,12.0,6,홈런볼초코(지컵),51,24,50,1200.0,K-Mart_Canada (캐나다),True,2026년 하반기 신규 데이터 동기화 검수 완료 (표준 상품명 정규화 완료)
Export_Packaging_Work_Log_202605_09.csv,1,2026-09,2026-09-11,12.0,7,비타파워,100,100,120,12000.0,Global_Mart_Canada (캐나다),True,2026년 하반기 신규 데이터 동기화 검수 완료 (표준 상품명 정규화 완료)
Export_Packaging_Work_Log_202605_09.csv,1,2026-09,2026-09-11,12.0,8,허니버터칩,60,16,976,15616.0,K-Mart_Canada (캐나다),True,2026년 하반기 신규 데이터 동기화 검수 완료 (표준 상품명 정규화 완료)
Export_Packaging_Work_Log_202605_09.csv,1,2026-09,2026-09-11,12.0,9,box (외포장 라벨링),1,1,1206,1206.0,외포장 박스 작업,True,2026년 하반기 신규 데이터 동기화 검수 완료 (표준 상품명 정규화 완료)
Export_Packaging_Work_Log_202605_09.csv,1,2026-09,2026-09-14,11.0,1,허니버터칩,60,16,613,9808.0,K-Mart_Canada (캐나다),True,2026년 하반기 신규 데이터 동기화 검수 완료 (표준 상품명 정규화 완료)
Export_Packaging_Work_Log_202605_09.csv,1,2026-09,2026-09-14,11.0,2,홈런볼초코(지컵),51,24,30,720.0,K-Mart_Canada (캐나다),True,2026년 하반기 신규 데이터 동기화 검수 완료 (표준 상품명 정규화 완료)
Export_Packaging_Work_Log_202605_09.csv,1,2026-09,2026-09-14,11.0,3,허니버터콰트로치즈맛,96,12,60,720.0,K-Mart_Canada (캐나다),True,2026년 하반기 신규 데이터 동기화 검수 완료 (표준 상품명 정규화 완료)
Export_Packaging_Work_Log_202605_09.csv,1,2026-09,2026-09-14,11.0,4,아이비,309,10,50,200.0,K-Mart_Canada (캐나다),True,2026년 하반기 신규 데이터 동기화 검수 완료 (표준 상품명 정규화 완료)
Export_Packaging_Work_Log_202605_09.csv,1,2026-09,2026-09-14,11.0,5,The 빠새,100,10,40,400.0,K-Mart_Canada (캐나다),True,2026년 하반기 신규 데이터 동기화 검수 완료 (표준 상품명 정규화 완료)
Export_Packaging_Work_Log_202605_09.csv,1,2026-09,2026-09-14,11.0,6,롤리폴리,196,10,50,500.0,K-Mart_Canada (캐나다),True,2026년 하반기 신규 데이터 동기화 검수 완료 (표준 상품명 정규화 완료)
Export_Packaging_Work_Log_202605_09.csv,1,2026-09,2026-09-14,11.0,7,홈런볼 소금우유,49,30,50,1500.0,K-Mart_Canada (캐나다),True,2026년 하반기 신규 데이터 동기화 검수 완료 (표준 상품명 정규화 완료)
Export_Packaging_Work_Log_202605_09.csv,1,2026-09,2026-09-14,11.0,8,사브레,252,12,50,600.0,K-Mart_Canada (캐나다),True,2026년 하반기 신규 데이터 동기화 검수 완료 (표준 상품명 정규화 완료)
Export_Packaging_Work_Log_202605_09.csv,1,2026-09,2026-09-14,11.0,9,샌드에이스 우유크림,51,24,50,1200.0,K-Mart_Canada (캐나다),True,2026년 하반기 신규 데이터 동기화 검수 완료 (표준 상품명 정규화 완료)
Export_Packaging_Work_Log_202605_09.csv,1,2026-09,2026-09-14,11.0,10,롤리폴리,62,24,50,1200.0,K-Mart_Canada (캐나다),True,2026년 하반기 신규 데이터 동기화 검수 완료 (표준 상품명 정규화 완료)
Export_Packaging_Work_Log_202605_09.csv,1,2026-09,2026-09-14,11.0,11,구운 감자,135,10,40,400.0,K-Mart_Canada (캐나다),True,2026년 하반기 신규 데이터 동기화 검수 완료 (표준 상품명 정규화 완료)
Export_Packaging_Work_Log_202605_09.csv,1,2026-09,2026-09-14,11.0,12,구운 감자 케이스,108,12,50,600.0,K-Mart_Canada (캐나다),True,2026년 하반기 신규 데이터 동기화 검수 완료 (표준 상품명 정규화 완료)
Export_Packaging_Work_Log_202605_09.csv,1,2026-09,2026-09-14,11.0,13,오예스쿠키앤크림,360,10,60,600.0,K-Mart_Canada (캐나다),True,2026년 하반기 신규 데이터 동기화 검수 완료 (표준 상품명 정규화 완료)
Export_Packaging_Work_Log_202605_09.csv,1,2026-09,2026-09-14,11.0,14,후렌치파이 딸기,192,12,50,600.0,K-Mart_Canada (캐나다),True,2026년 하반기 신규 데이터 동기화 검수 완료 (표준 상품명 정규화 완료)
Export_Packaging_Work_Log_202605_09.csv,1,2026-09,2026-09-14,11.0,15,후렌치파이 사과,192,12,50,600.0,K-Mart_Canada (캐나다),True,2026년 하반기 신규 데이터 동기화 검수 완료 (표준 상품명 정규화 완료)
Export_Packaging_Work_Log_202605_09.csv,1,2026-09,2026-09-14,11.0,16,오예스,360,10,109,1090.0,K-Mart_Canada (캐나다),True,2026년 하반기 신규 데이터 동기화 검수 완료 (표준 상품명 정규화 완료)
Export_Packaging_Work_Log_202605_09.csv,1,2026-09,2026-09-14,11.0,17,사브레,252,12,50,600.0,H-Mart_Global (미주),True,2026년 하반기 신규 데이터 동기화 검수 완료 (표준 상품명 정규화 완료)
Export_Packaging_Work_Log_202605_09.csv,1,2026-09,2026-09-14,11.0,18,구운 감자,135,10,20,200.0,H-Mart_Global (미주),True,2026년 하반기 신규 데이터 동기화 검수 완료 (표준 상품명 정규화 완료)
Export_Packaging_Work_Log_202605_09.csv,1,2026-09,2026-09-14,11.0,19,구운 감자,135,10,100,1000.0,H-Mart_Global (미주),True,2026년 하반기 신규 데이터 동기화 검수 완료 (표준 상품명 정규화 완료)
Export_Packaging_Work_Log_202605_09.csv,1,2026-09,2026-09-14,11.0,20,구운 감자,135,10,60,600.0,H-Mart_Global (미주),True,2026년 하반기 신규 데이터 동기화 검수 완료 (표준 상품명 정규화 완료)
Export_Packaging_Work_Log_202605_09.csv,1,2026-09,2026-09-14,11.0,21,구운나초케이스,104,12,100,1200.0,Buyer_D02 (미국),True,2026년 하반기 신규 데이터 동기화 검수 완료 (표준 상품명 정규화 완료)
Export_Packaging_Work_Log_202605_09.csv,1,2026-09,2026-09-14,11.0,22,box (외포장 라벨링),1,1,1402,1402.0,외포장 박스 작업,True,2026년 하반기 신규 데이터 동기화 검수 완료 (표준 상품명 정규화 완료)
Export_Packaging_Work_Log_202605_09.csv,1,2026-09,2026-09-15,12.0,1,오사쯔,100,10,90,900.0,Buyer_D02 (미국),True,2026년 하반기 신규 데이터 동기화 검수 완료 (표준 상품명 정규화 완료)
Export_Packaging_Work_Log_202605_09.csv,1,2026-09,2026-09-15,12.0,2,구운 고구마,108,12,150,1800.0,Buyer_D02 (미국),True,2026년 하반기 신규 데이터 동기화 검수 완료 (표준 상품명 정규화 완료)
Export_Packaging_Work_Log_202605_09.csv,1,2026-09,2026-09-15,12.0,3,옥동자,70,40,100,4000.0,Global_Mart_Canada (캐나다),True,2026년 하반기 신규 데이터 동기화 검수 완료 (표준 상품명 정규화 완료)
Export_Packaging_Work_Log_202605_09.csv,1,2026-09,2026-09-15,12.0,4,스크류바,80,40,150,600.0,Global_Mart_Canada (캐나다),True,2026년 하반기 신규 데이터 동기화 검수 완료 (표준 상품명 정규화 완료)
Export_Packaging_Work_Log_202605_09.csv,1,2026-09,2026-09-15,12.0,5,스크류바영칼로리유자민트티,80,40,70,2800.0,Global_Mart_Canada (캐나다),True,2026년 하반기 신규 데이터 동기화 검수 완료 (표준 상품명 정규화 완료)
Export_Packaging_Work_Log_202605_09.csv,1,2026-09,2026-09-15,12.0,6,수박바,80,40,80,3200.0,Global_Mart_Canada (캐나다),True,2026년 하반기 신규 데이터 동기화 검수 완료 (표준 상품명 정규화 완료)
Export_Packaging_Work_Log_202605_09.csv,1,2026-09,2026-09-15,12.0,7,별난바,70,40,50,2000.0,Global_Mart_Canada (캐나다),True,2026년 하반기 신규 데이터 동기화 검수 완료 (표준 상품명 정규화 완료)
Export_Packaging_Work_Log_202605_09.csv,1,2026-09,2026-09-15,12.0,8,빼빼로아이스바땅콩,75,40,50,2000.0,Global_Mart_Canada (캐나다),True,2026년 하반기 신규 데이터 동기화 검수 완료 (표준 상품명 정규화 완료)
Export_Packaging_Work_Log_202605_09.csv,1,2026-09,2026-09-15,12.0,9,티코 밀크초코,510,6,50,300.0,Global_Mart_Canada (캐나다),True,2026년 하반기 신규 데이터 동기화 검수 완료 (표준 상품명 정규화 완료)
Export_Packaging_Work_Log_202605_09.csv,1,2026-09,2026-09-15,12.0,10,더블비얀코트리플바닐라&딸기,230,15,200,3000.0,Global_Mart_Canada (캐나다),True,2026년 하반기 신규 데이터 동기화 검수 완료 (표준 상품명 정규화 완료)
Export_Packaging_Work_Log_202605_09.csv,1,2026-09,2026-09-15,12.0,11,더블비얀코트리플피넛&초코,230,15,100,1500.0,Global_Mart_Canada (캐나다),True,2026년 하반기 신규 데이터 동기화 검수 완료 (표준 상품명 정규화 완료)
Export_Packaging_Work_Log_202605_09.csv,1,2026-09,2026-09-15,12.0,12,요구르트아이스멀티,170,24,150,3600.0,Global_Mart_Canada (캐나다),True,2026년 하반기 신규 데이터 동기화 검수 완료 (표준 상품명 정규화 완료)
Export_Packaging_Work_Log_202605_09.csv,1,2026-09,2026-09-15,12.0,13,허니버터칩,60,16,450,7200.0,캐나다 TB(D59),True,2026년 하반기 신규 데이터 동기화 검수 완료 (표준 상품명 정규화 완료)
Export_Packaging_Work_Log_202605_09.csv,1,2026-09,2026-09-15,12.0,14,맛동산,300,8,100,800.0,캐나다 TB(D59),True,2026년 하반기 신규 데이터 동기화 검수 완료 (표준 상품명 정규화 완료)
Export_Packaging_Work_Log_202605_09.csv,1,2026-09,2026-09-15,12.0,15,홈런볼 초코 벌크,128,12,7,84.0,캐나다 TB(D59),True,2026년 하반기 신규 데이터 동기화 검수 완료 (표준 상품명 정규화 완료)
Export_Packaging_Work_Log_202605_09.csv,1,2026-09,2026-09-15,12.0,16,box (외포장 라벨링),1,1,557,557.0,외포장 박스 작업,True,2026년 하반기 신규 데이터 동기화 검수 완료 (표준 상품명 정규화 완료)
GoogleSheet_Live_Sync,1,2026-09,2026-09-16,12.0,1,홈런볼초코벌크,128,12,293,3516.0,캐나다 TB(D59),True,구글시트 자동 동기화
GoogleSheet_Live_Sync,1,2026-09,2026-09-16,12.0,2,오예스,360,10,200,2000.0,캐나다 TB(D59),True,구글시트 자동 동기화
GoogleSheet_Live_Sync,1,2026-09,2026-09-16,12.0,3,치토스바베큐,82,12,150,1800.0,Hamchorom_Global,True,구글시트 자동 동기화
GoogleSheet_Live_Sync,1,2026-09,2026-09-16,12.0,4,치토스매콤달콤,82,12,150,1800.0,Hamchorom_Global,True,구글시트 자동 동기화
GoogleSheet_Live_Sync,1,2026-09,2026-09-16,12.0,5,도리토스나쵸치즈맛(소),84,12,100,1200.0,Hamchorom_Global,True,구글시트 자동 동기화
GoogleSheet_Live_Sync,1,2026-09,2026-09-16,12.0,6,도리토스나쵸치즈맛(대),172,12,56,672.0,Hamchorom_Global,True,구글시트 자동 동기화
GoogleSheet_Live_Sync,1,2026-09,2026-09-16,12.0,7,밤+팥양갱,500,10,50,500.0,Hamchorom_Global,True,구글시트 자동 동기화
GoogleSheet_Live_Sync,1,2026-09,2026-09-16,12.0,8,새콤달콤딸기,29*45,6,50,300.0,Hamchorom_Global,True,구글시트 자동 동기화
GoogleSheet_Live_Sync,1,2026-09,2026-09-16,12.0,9,새콤달콤포도,29*45,6,30,180.0,Hamchorom_Global,True,구글시트 자동 동기화
GoogleSheet_Live_Sync,1,2026-09,2026-09-16,12.0,10,소다활제로매실페트,500,24,210,5040.0,Hamchorom_Global,True,구글시트 자동 동기화
GoogleSheet_Live_Sync,1,2026-09,2026-09-16,12.0,11,비타500ZERO아이스,340,40,120,4800.0,Oceania_Health (호주),True,구글시트 자동 동기화
GoogleSheet_Live_Sync,1,2026-09,2026-09-16,12.0,12,더진한헛개차골드라벨,500,24,120,2880.0,Oceania_Health (호주),True,구글시트 자동 동기화
GoogleSheet_Live_Sync,1,2026-09,2026-09-16,12.0,13,우엉차,500,24,100,2400.0,Oceania_Health (호주),True,구글시트 자동 동기화
GoogleSheet_Live_Sync,1,2026-09,2026-09-16,12.0,14,옥수수수염차라이트,500,20,80,1600.0,Oceania_Health (호주),True,구글시트 자동 동기화
GoogleSheet_Live_Sync,1,2026-09,2026-09-16,12.0,15,V라인수염차유기농,500,24,80,1920.0,Oceania_Health (호주),True,구글시트 자동 동기화
GoogleSheet_Live_Sync,1,2026-09,2026-09-16,12.0,16,비타500이온킥제로,500,20,49,980.0,Oceania_Health (호주),True,구글시트 자동 동기화
GoogleSheet_Live_Sync,1,2026-09,2026-09-16,12.0,17,box,,0,493,493.0,,True,구글시트 자동 동기화
GoogleSheet_Live_Sync,1,2026-09,2026-09-17,12.0,1,비타500이온킥제로,500,20,191,3820.0,Oceania_Health (호주),True,구글시트 자동 동기화
GoogleSheet_Live_Sync,1,2026-09,2026-09-17,12.0,2,비타ZERO스파클링유자,250,24,35,840.0,Oceania_Health (호주),True,구글시트 자동 동기화
GoogleSheet_Live_Sync,1,2026-09,2026-09-17,12.0,3,비타ZERO스파클링,250,24,35,840.0,Oceania_Health (호주),True,구글시트 자동 동기화
GoogleSheet_Live_Sync,1,2026-09,2026-09-17,12.0,4,비타ZERO치어팩,250,30,64,1920.0,Oceania_Health (호주),True,구글시트 자동 동기화
GoogleSheet_Live_Sync,1,2026-09,2026-09-17,12.0,5,비타ZERO이온킥,250,30,64,1920.0,Oceania_Health (호주),True,구글시트 자동 동기화
GoogleSheet_Live_Sync,1,2026-09,2026-09-17,12.0,6,제주감귤,1.5,12,88,1056.0,Global_Mart_Canada (캐나다),True,구글시트 자동 동기화
GoogleSheet_Live_Sync,1,2026-09,2026-09-17,12.0,7,트레비플레인,500,20,77,1540.0,Global_Mart_Canada (캐나다),True,구글시트 자동 동기화
GoogleSheet_Live_Sync,1,2026-09,2026-09-17,12.0,8,트레비라임,500,20,77,1540.0,Global_Mart_Canada (캐나다),True,구글시트 자동 동기화
GoogleSheet_Live_Sync,1,2026-09,2026-09-17,12.0,9,망고캔,240,30,121,3630.0,Global_Mart_Canada (캐나다),True,구글시트 자동 동기화
GoogleSheet_Live_Sync,1,2026-09,2026-09-17,12.0,10,얼음컵,240,12,450,5400.0,Global_Mart_Canada (캐나다),True,구글시트 자동 동기화
GoogleSheet_Live_Sync,1,2026-09,2026-09-17,12.0,11,초코쿠키빼빼로,32,40,40,1600.0,Global_Mart_Canada (캐나다),True,구글시트 자동 동기화
GoogleSheet_Live_Sync,1,2026-09,2026-09-17,12.0,12,왓따복숭아,23,144,10,1440.0,Global_Mart_Canada (캐나다),True,구글시트 자동 동기화
GoogleSheet_Live_Sync,1,2026-09,2026-09-17,12.0,13,왓따콜라,23,144,10,1440.0,Global_Mart_Canada (캐나다),True,구글시트 자동 동기화
GoogleSheet_Live_Sync,1,2026-09,2026-09-17,12.0,14,아몬드빼빼로,32,40,40,1600.0,Global_Mart_Canada (캐나다),True,구글시트 자동 동기화
GoogleSheet_Live_Sync,1,2026-09,2026-09-17,12.0,15,자일리톨알파알로에베라,86,24,20,480.0,Global_Mart_Canada (캐나다),True,구글시트 자동 동기화
GoogleSheet_Live_Sync,1,2026-09,2026-09-17,12.0,16,빈츠,102,20,60,1200.0,Global_Mart_Canada (캐나다),True,구글시트 자동 동기화
GoogleSheet_Live_Sync,1,2026-09,2026-09-17,12.0,17,수박바젤리,56,32,40,1280.0,Global_Mart_Canada (캐나다),True,구글시트 자동 동기화
GoogleSheet_Live_Sync,1,2026-09,2026-09-17,12.0,18,죠스바젤리,70,32,30,960.0,Global_Mart_Canada (캐나다),True,구글시트 자동 동기화
GoogleSheet_Live_Sync,1,2026-09,2026-09-17,12.0,19,롤리팝아이스,132,14,30,420.0,Global_Mart_Canada (캐나다),True,구글시트 자동 동기화
GoogleSheet_Live_Sync,1,2026-09,2026-09-17,12.0,20,야채크래커벌크,249,12,30,360.0,Global_Mart_Canada (캐나다),True,구글시트 자동 동기화
GoogleSheet_Live_Sync,1,2026-09,2026-09-17,12.0,21,롯샌파인애플벌크,315,12,2,24.0,Global_Mart_Canada (캐나다),True,구글시트 자동 동기화
GoogleSheet_Live_Sync,1,2026-09,2026-09-17,12.0,22,청포도캔디,153,20,150,3000.0,Global_Mart_Canada (캐나다),True,구글시트 자동 동기화
GoogleSheet_Live_Sync,1,2026-09,2026-09-17,12.0,23,칸쵸,42,32,60,1920.0,Global_Mart_Canada (캐나다),True,구글시트 자동 동기화
GoogleSheet_Live_Sync,1,2026-09,2026-09-17,12.0,24,스카치커피,157,20,15,300.0,Global_Mart_Canada (캐나다),True,구글시트 자동 동기화
GoogleSheet_Live_Sync,1,2026-09,2026-09-17,12.0,25,마가렛트,176,12,40,480.0,Global_Mart_Canada (캐나다),True,구글시트 자동 동기화
GoogleSheet_Live_Sync,1,2026-09,2026-09-17,12.0,26,스카치세가지,157,20,15,300.0,Global_Mart_Canada (캐나다),True,구글시트 자동 동기화
GoogleSheet_Live_Sync,1,2026-09,2026-09-17,12.0,27,빈츠,204,16,80,1280.0,Global_Mart_Canada (캐나다),True,구글시트 자동 동기화
GoogleSheet_Live_Sync,1,2026-09,2026-09-17,12.0,28,꼬깔콘군옥수수(소),67,12,13,156.0,Global_Mart_Canada (캐나다),True,구글시트 자동 동기화
GoogleSheet_Live_Sync,1,2026-09,2026-09-17,12.0,29,box,,0,0,0.0,,True,구글시트 자동 동기화
